item_id,timestamp,target
T10,2009-05-01,7877.0
T10,2009-05-02,2293.0
T10,2009-05-03,2018.0
T10,2009-05-04,6530.0
T10,2009-05-05,6509.0
T10,2009-05-06,6757.0
T10,2009-05-07,6862.0
T10,2009-05-08,7988.0
T10,2009-05-09,2110.0
T10,2009-05-10,1291.0
T10,2009-05-11,7230.0
T10,2009-05-12,6628.0
T10,2009-05-13,6740.0
T10,2009-05-14,6886.0
T10,2009-05-15,6748.0
T10,2009-05-16,1764.0
T10,2009-05-17,2023.0
T10,2009-05-18,6322.0
T10,2009-05-19,6689.0
T10,2009-05-20,6495.0
T10,2009-05-21,6535.0
T10,2009-05-22,7801.0
T10,2009-05-23,2069.0
T10,2009-05-24,1718.0
T10,2009-05-25,5953.0
T10,2009-05-26,6595.0
T10,2009-05-27,6563.0
T10,2009-05-28,6587.0
T10,2009-05-29,7714.0
T10,2009-05-30,2439.0
T10,2009-05-31,2506.0
T10,2009-06-01,6559.0
T10,2009-06-02,6550.0
T10,2009-06-03,8331.0
T10,2009-06-04,6729.0
T10,2009-06-05,6014.0
T10,2009-06-06,2115.0
T10,2009-06-07,2293.0
T10,2009-06-08,1053.0
T10,2009-06-09,5716.0
T10,2009-06-10,5903.0
T10,2009-06-11,6364.0
T10,2009-06-12,7455.0
T10,2009-06-13,2294.0
T10,2009-06-14,1129.0
T10,2009-06-15,6462.0
T10,2009-06-16,6487.0
T10,2009-06-17,6338.0
T10,2009-06-18,6719.0
T10,2009-06-19,7110.0
T10,2009-06-20,2235.0
T10,2009-06-21,1254.0
T10,2009-06-22,6529.0
T10,2009-06-23,6483.0
T10,2009-06-24,6455.0
T10,2009-06-25,6218.0
T10,2009-06-26,6657.0
T10,2009-06-27,1866.0
T10,2009-06-28,1933.0
T10,2009-06-29,6096.0
T10,2009-06-30,6542.0
T10,2009-07-01,6307.0
T10,2009-07-02,6181.0
T10,2009-07-03,5964.0
T10,2009-07-04,2452.0
T10,2009-07-05,2714.0
T10,2009-07-06,5951.0
T10,2009-07-07,6354.0
T10,2009-07-08,6136.0
T10,2009-07-09,6368.0
T10,2009-07-10,7276.0
T10,2009-07-11,2055.0
T10,2009-07-12,1229.0
T10,2009-07-13,6155.0
T10,2009-07-14,6322.0
T10,2009-07-15,6286.0
T10,2009-07-16,6500.0
T10,2009-07-17,7400.0
T10,2009-07-18,2701.0
T10,2009-07-19,2096.0
T10,2009-07-20,6154.0
T10,2009-07-21,6379.0
T10,2009-07-22,6132.0
T10,2009-07-23,6516.0
T10,2009-07-24,6536.0
T10,2009-07-25,2381.0
T10,2009-07-26,1387.0
T10,2009-07-27,6124.0
T10,2009-07-28,6469.0
T10,2009-07-29,6605.0
T10,2009-07-30,6270.0
T10,2009-07-31,7528.0
T10,2009-08-01,2454.0
T10,2009-08-02,1650.0
T10,2009-08-03,6224.0
T10,2009-08-04,6169.0
T10,2009-08-05,6426.0
T10,2009-08-06,6999.0
T10,2009-08-07,6246.0
T10,2009-08-08,2315.0
T10,2009-08-09,1709.0
T10,2009-08-10,6195.0
T10,2009-08-11,6417.0
T10,2009-08-12,6500.0
T10,2009-08-13,6576.0
T10,2009-08-14,6869.0
T10,2009-08-15,2458.0
T10,2009-08-16,2098.0
T10,2009-08-17,6489.0
T10,2009-08-18,6732.0
T10,2009-08-19,6682.0
T10,2009-08-20,6316.0
T10,2009-08-21,7545.0
T10,2009-08-22,2828.0
T10,2009-08-23,2229.0
T10,2009-08-24,6245.0
T10,2009-08-25,6298.0
T10,2009-08-26,6438.0
T10,2009-08-27,6639.0
T10,2009-08-28,6582.0
T10,2009-08-29,2799.0
T10,2009-08-30,2525.0
T10,2009-08-31,6266.0
T10,2009-09-01,6700.0
T10,2009-09-02,6804.0
T10,2009-09-03,7236.0
T10,2009-09-04,6263.0
T10,2009-09-05,1702.0
T10,2009-09-06,1434.0
T10,2009-09-07,6480.0
T10,2009-09-08,6473.0
T10,2009-09-09,6463.0
T10,2009-09-10,6653.0
T10,2009-09-11,7051.0
T10,2009-09-12,1906.0
T10,2009-09-13,1736.0
T10,2009-09-14,6437.0
T10,2009-09-15,6627.0
T10,2009-09-16,6782.0
T10,2009-09-17,6313.0
T10,2009-09-18,6794.0
T10,2009-09-19,1679.0
T10,2009-09-20,1493.0
T10,2009-09-21,6353.0
T10,2009-09-22,6329.0
T10,2009-09-23,6552.0
T10,2009-09-24,6457.0
T10,2009-09-25,6715.0
T10,2009-09-26,2369.0
T10,2009-09-27,1327.0
T10,2009-09-28,5902.0
T10,2009-09-29,6495.0
T10,2009-09-30,6516.0
T10,2009-10-01,6248.0
T10,2009-10-02,5849.0
T10,2009-10-03,2334.0
T10,2009-10-04,1308.0
T10,2009-10-05,5727.0
T10,2009-10-06,6208.0
T10,2009-10-07,6326.0
T10,2009-10-08,6457.0
T10,2009-10-09,7086.0
T10,2009-10-10,1713.0
T10,2009-10-11,1322.0
T10,2009-10-12,6087.0
T10,2009-10-13,6389.0
T10,2009-10-14,7019.0
T10,2009-10-15,6376.0
T10,2009-10-16,6223.0
T10,2009-10-17,1631.0
T10,2009-10-18,1246.0
T10,2009-10-19,6031.0
T10,2009-10-20,6559.0
T10,2009-10-21,6340.0
T10,2009-10-22,6289.0
T10,2009-10-23,6227.0
T10,2009-10-24,2216.0
T10,2009-10-25,1805.0
T10,2009-10-26,6272.0
T10,2009-10-27,6525.0
T10,2009-10-28,6292.0
T10,2009-10-29,6581.0
T10,2009-10-30,6687.0
T10,2009-10-31,1906.0
T10,2009-11-01,1262.0
T10,2009-11-02,4387.0
T10,2009-11-03,1197.0
T10,2009-11-04,6257.0
T10,2009-11-05,6423.0
T10,2009-11-06,6418.0
T10,2009-11-07,2083.0
T10,2009-11-08,1183.0
T10,2009-11-09,6273.0
T10,2009-11-10,6463.0
T10,2009-11-11,6545.0
T10,2009-11-12,6712.0
T10,2009-11-13,6446.0
T10,2009-11-14,2156.0
T10,2009-11-15,1311.0
T10,2009-11-16,5263.0
T10,2009-11-17,6217.0
T10,2009-11-18,6344.0
T10,2009-11-19,6445.0
T10,2009-11-20,8116.0
T10,2009-11-21,2073.0
T10,2009-11-22,1271.0
T10,2009-11-23,6553.0
T10,2009-11-24,6848.0
T10,2009-11-25,6564.0
T10,2009-11-26,6379.0
T10,2009-11-27,6347.0
T10,2009-11-28,2418.0
T10,2009-11-29,1433.0
T10,2009-11-30,6205.0
T10,2009-12-01,6923.0
T10,2009-12-02,6357.0
T10,2009-12-03,6546.0
T10,2009-12-04,6919.0
T10,2009-12-05,2009.0
T10,2009-12-06,1645.0
T10,2009-12-07,6096.0
T10,2009-12-08,5939.0
T10,2009-12-09,6752.0
T10,2009-12-10,6335.0
T10,2009-12-11,6393.0
T10,2009-12-12,1998.0
T10,2009-12-13,1188.0
T10,2009-12-14,6182.0
T10,2009-12-15,6349.0
T10,2009-12-16,7073.0
T10,2009-12-17,5868.0
T10,2009-12-18,6631.0
T10,2009-12-19,2204.0
T10,2009-12-20,1248.0
T10,2009-12-21,5673.0
T10,2009-12-22,5733.0
T10,2009-12-23,5655.0
T10,2009-12-24,3330.0
T10,2009-12-25,715.0
T10,2009-12-26,932.0
T10,2009-12-27,1403.0
T10,2009-12-28,1609.0
T10,2009-12-29,3687.0
T10,2009-12-30,3554.0
T10,2009-12-31,4731.0
T10,2010-01-01,2956.0
T10,2010-01-02,1382.0
T10,2010-01-03,1020.0
T10,2010-01-04,4434.0
T10,2010-01-05,4521.0
T10,2010-01-06,4678.0
T10,2010-01-07,4577.0
T10,2010-01-08,4520.0
T10,2010-01-09,1251.0
T10,2010-01-10,1180.0
T10,2010-01-11,4815.0
T10,2010-01-12,5431.0
T10,2010-01-13,5597.0
T10,2010-01-14,5615.0
T10,2010-01-15,5364.0
T10,2010-01-16,2075.0
T10,2010-01-17,1229.0
T10,2010-01-18,5620.0
T10,2010-01-19,6311.0
T10,2010-01-20,6130.0
T10,2010-01-21,6363.0
T10,2010-01-22,5643.0
T10,2010-01-23,2224.0
T10,2010-01-24,1559.0
T10,2010-01-25,4322.0
T10,2010-01-26,1750.0
T10,2010-01-27,5768.0
T10,2010-01-28,6176.0
T10,2010-01-29,5798.0
T10,2010-01-30,1992.0
T10,2010-01-31,1183.0
T10,2010-02-01,5923.0
T10,2010-02-02,6452.0
T10,2010-02-03,6381.0
T10,2010-02-04,5562.0
T10,2010-02-05,6216.0
T10,2010-02-06,1812.0
T10,2010-02-07,1616.0
T10,2010-02-08,6201.0
T10,2010-02-09,6266.0
T10,2010-02-10,6110.0
T10,2010-02-11,9071.0
T10,2010-02-12,6391.0
T10,2010-02-13,4705.0
T10,2010-02-14,1963.0
T10,2010-02-15,8909.0
T10,2010-02-16,6609.0
T10,2010-02-17,6270.0
T10,2010-02-18,6695.0
T10,2010-02-19,7168.0
T10,2010-02-20,1841.0
T10,2010-02-21,1679.0
T10,2010-02-22,6011.0
T10,2010-02-23,6624.0
T10,2010-02-24,6638.0
T10,2010-02-25,6870.0
T10,2010-02-26,7206.0
T10,2010-02-27,2259.0
T10,2010-02-28,1663.0
T10,2010-03-01,6308.0
T10,2010-03-02,6456.0
T10,2010-03-03,9016.0
T10,2010-03-04,6261.0
T10,2010-03-05,6479.0
T10,2010-03-06,2112.0
T10,2010-03-07,1808.0
T10,2010-03-08,1394.0
T10,2010-03-09,6465.0
T10,2010-03-10,6250.0
T10,2010-03-11,6626.0
T10,2010-03-12,6787.0
T10,2010-03-13,3609.0
T10,2010-03-14,2101.0
T10,2010-03-15,6526.0
T10,2010-03-16,7030.0
T10,2010-03-17,6876.0
T10,2010-03-18,6900.0
T10,2010-03-19,6812.0
T10,2010-03-20,3695.0
T10,2010-03-21,1939.0
T10,2010-03-22,6350.0
T10,2010-03-23,6754.0
T10,2010-03-24,6556.0
T10,2010-03-25,6637.0
T10,2010-03-26,6928.0
T10,2010-03-27,2284.0
T10,2010-03-28,2722.0
T10,2010-03-29,6035.0
T10,2010-03-30,6481.0
T10,2010-03-31,7025.0
T10,2010-04-01,6398.0
T10,2010-04-02,3522.0
T10,2010-04-03,2279.0
T10,2010-04-04,2442.0
T10,2010-04-05,1531.0
T10,2010-04-06,5931.0
T10,2010-04-07,6672.0
T10,2010-04-08,6634.0
T10,2010-04-09,7626.0
T10,2010-04-10,2562.0
T10,2010-04-11,2271.0
T10,2010-04-12,6663.0
T10,2010-04-13,6823.0
T10,2010-04-14,7112.0
T10,2010-04-15,6998.0
T10,2010-04-16,7128.0
T10,2010-04-17,2845.0
T10,2010-04-18,2513.0
T10,2010-04-19,7013.0
T10,2010-04-20,6900.0
T10,2010-04-21,7121.0
T10,2010-04-22,7243.0
T10,2010-04-23,7085.0
T10,2010-04-24,1980.0
T10,2010-04-25,2639.0
T10,2010-04-26,1427.0
T10,2010-04-27,6676.0
T10,2010-04-28,6953.0
T10,2010-04-29,7341.0
T10,2010-04-30,8024.0
T10,2010-05-01,2412.0
T10,2010-05-02,1439.0
T10,2010-05-03,6596.0
T10,2010-05-04,6580.0
T10,2010-05-05,6983.0
T10,2010-05-06,6737.0
T10,2010-05-07,6717.0
T10,2010-05-08,2469.0
T10,2010-05-09,1662.0
T10,2010-05-10,7784.0
T10,2010-05-11,7343.0
T10,2010-05-12,6871.0
T10,2010-05-13,6366.0
T10,2010-05-14,7152.0
T10,2010-05-15,2378.0
T10,2010-05-16,2085.0
T10,2010-05-17,6610.0
T10,2010-05-18,7005.0
T10,2010-05-19,6951.0
T10,2010-05-20,6991.0
T10,2010-05-21,7039.0
T10,2010-05-22,2376.0
T10,2010-05-23,2626.0
T10,2010-05-24,6187.0
T10,2010-05-25,6624.0
T10,2010-05-26,7643.0
T10,2010-05-27,7205.0
T10,2010-05-28,8176.0
T10,2010-05-29,2756.0
T10,2010-05-30,1986.0
T10,2010-05-31,6695.0
T10,2010-06-01,7228.0
T10,2010-06-02,6856.0
T10,2010-06-03,7205.0
T10,2010-06-04,7625.0
T10,2010-06-05,2201.0
T10,2010-06-06,2181.0
T10,2010-06-07,5569.0
T10,2010-06-08,7296.0
T10,2010-06-09,6820.0
T10,2010-06-10,7669.0
T10,2010-06-11,8102.0
T10,2010-06-12,2930.0
T10,2010-06-13,2246.0
T10,2010-06-14,1342.0
T10,2010-06-15,7402.0
T10,2010-06-16,7331.0
T10,2010-06-17,7132.0
T10,2010-06-18,7781.0
T10,2010-06-19,2635.0
T10,2010-06-20,1629.0
T10,2010-06-21,7396.0
T10,2010-06-22,7453.0
T10,2010-06-23,7696.0
T10,2010-06-24,7796.0
T10,2010-06-25,6904.0
T10,2010-06-26,1726.0
T10,2010-06-27,1347.0
T10,2010-06-28,7236.0
T10,2010-06-29,7532.0
T10,2010-06-30,7300.0
T10,2010-07-01,8211.0
T10,2010-07-02,7381.0
T10,2010-07-03,2706.0
T10,2010-07-04,2074.0
T10,2010-07-05,7400.0
T10,2010-07-06,8493.0
T10,2010-07-07,7635.0
T10,2010-07-08,7697.0
T10,2010-07-09,7885.0
T10,2010-07-10,2541.0
T10,2010-07-11,2643.0
T10,2010-07-12,7578.0
T10,2010-07-13,7930.0
T10,2010-07-14,8058.0
T10,2010-07-15,8077.0
T10,2010-07-16,8991.0
T10,2010-07-17,2508.0
T10,2010-07-18,2294.0
T10,2010-07-19,7789.0
T10,2010-07-20,7811.0
T10,2010-07-21,7815.0
T10,2010-07-22,7709.0
T10,2010-07-23,9450.0
T10,2010-07-24,2843.0
T10,2010-07-25,2091.0
T10,2010-07-26,7537.0
T10,2010-07-27,7401.0
T10,2010-07-28,7742.0
T10,2010-07-29,8207.0
T10,2010-07-30,9379.0
T10,2010-07-31,4567.0
T10,2010-08-01,2182.0
T10,2010-08-02,7640.0
T10,2010-08-03,7631.0
T10,2010-08-04,7390.0
T10,2010-08-05,7842.0
T10,2010-08-06,8069.0
T10,2010-08-07,2598.0
T10,2010-08-08,2480.0
T10,2010-08-09,7969.0
T10,2010-08-10,6495.0
T10,2010-08-11,7314.0
T10,2010-08-12,8155.0
T10,2010-08-13,8049.0
T10,2010-08-14,3097.0
T10,2010-08-15,2207.0
T10,2010-08-16,7336.0
T10,2010-08-17,7962.0
T10,2010-08-18,7772.0
T10,2010-08-19,7932.0
T10,2010-08-20,9299.0
T10,2010-08-21,3005.0
T10,2010-08-22,2449.0
T10,2010-08-23,7620.0
T10,2010-08-24,7711.0
T10,2010-08-25,7554.0
T10,2010-08-26,8171.0
T10,2010-08-27,8036.0
T10,2010-08-28,3061.0
T10,2010-08-29,2752.0
T10,2010-08-30,7675.0
T10,2010-08-31,7893.0
T10,2010-09-01,6960.0
T10,2010-09-02,7845.0
T10,2010-09-03,7831.0
T10,2010-09-04,1767.0
T10,2010-09-05,1393.0
T10,2010-09-06,7374.0
T10,2010-09-07,7794.0
T10,2010-09-08,7972.0
T10,2010-09-09,8064.0
T10,2010-09-10,7710.0
T10,2010-09-11,2137.0
T10,2010-09-12,1448.0
T10,2010-09-13,7355.0
T10,2010-09-14,7752.0
T10,2010-09-15,7727.0
T10,2010-09-16,7715.0
T10,2010-09-17,7573.0
T10,2010-09-18,1903.0
T10,2010-09-19,1849.0
T10,2010-09-20,7009.0
T10,2010-09-21,7206.0
T10,2010-09-22,7349.0
T10,2010-09-23,6959.0
T10,2010-09-24,8102.0
T10,2010-09-25,1884.0
T10,2010-09-26,1667.0
T10,2010-09-27,6830.0
T10,2010-09-28,7339.0
T10,2010-09-29,7367.0
T10,2010-09-30,7637.0
T10,2010-10-01,7782.0
T10,2010-10-02,2243.0
T10,2010-10-03,1919.0
T10,2010-10-04,6786.0
T10,2010-10-05,7121.0
T10,2010-10-06,7067.0
T10,2010-10-07,7580.0
T10,2010-10-08,7627.0
T10,2010-10-09,2602.0
T10,2010-10-10,2179.0
T10,2010-10-11,6969.0
T10,2010-10-12,7224.0
T10,2010-10-13,7082.0
T10,2010-10-14,7220.0
T10,2010-10-15,6289.0
T10,2010-10-16,2361.0
T10,2010-10-17,1578.0
T10,2010-10-18,7170.0
T10,2010-10-19,7239.0
T10,2010-10-20,7259.0
T10,2010-10-21,7566.0
T10,2010-10-22,7900.0
T10,2010-10-23,2032.0
T10,2010-10-24,1881.0
T10,2010-10-25,7100.0
T10,2010-10-26,7409.0
T10,2010-10-27,7605.0
T10,2010-10-28,7717.0
T10,2010-10-29,7882.0
T10,2010-10-30,1760.0
T10,2010-10-31,1511.0
T10,2010-11-01,5178.0
T10,2010-11-02,1578.0
T10,2010-11-03,7082.0
T10,2010-11-04,7202.0
T10,2010-11-05,7428.0
T10,2010-11-06,2293.0
T10,2010-11-07,1271.0
T10,2010-11-08,7371.0
T10,2010-11-09,7674.0
T10,2010-11-10,7309.0
T10,2010-11-11,7870.0
T10,2010-11-12,6891.0
T10,2010-11-13,2065.0
T10,2010-11-14,1574.0
T10,2010-11-15,4722.0
T10,2010-11-16,3711.0
T10,2010-11-17,7877.0
T10,2010-11-18,7381.0
T10,2010-11-19,8753.0
T10,2010-11-20,2693.0
T10,2010-11-21,1593.0
T10,2010-11-22,7080.0
T10,2010-11-23,7035.0
T10,2010-11-24,7405.0
T10,2010-11-25,6886.0
T10,2010-11-26,7645.0
T10,2010-11-27,2117.0
T10,2010-11-28,1610.0
T10,2010-11-29,6744.0
T10,2010-11-30,7703.0
T10,2010-12-01,9300.0
T10,2010-12-02,8025.0
T10,2010-12-03,9138.0
T10,2010-12-04,3034.0
T10,2010-12-05,1780.0
T10,2010-12-06,6660.0
T10,2010-12-07,6550.0
T10,2010-12-08,6766.0
T10,2010-12-09,7372.0
T10,2010-12-10,8119.0
T10,2010-12-11,5230.0
T10,2010-12-12,1973.0
T10,2010-12-13,7240.0
T10,2010-12-14,7360.0
T10,2010-12-15,7854.0
T10,2010-12-16,7368.0
T10,2010-12-17,8065.0
T10,2010-12-18,2260.0
T10,2010-12-19,1235.0
T10,2010-12-20,6183.0
T10,2010-12-21,6585.0
T10,2010-12-22,6612.0
T10,2010-12-23,5622.0
T10,2010-12-24,4261.0
T10,2010-12-25,913.0
T10,2010-12-26,1154.0
T10,2010-12-27,1213.0
T10,2010-12-28,1247.0
T10,2010-12-29,3418.0
T10,2010-12-30,3321.0
T10,2010-12-31,4571.0
T10,2011-01-01,3373.0
T10,2011-01-02,1147.0
T10,2011-01-03,983.0
T10,2011-01-04,4779.0
T10,2011-01-05,4812.0
T10,2011-01-06,4922.0
T10,2011-01-07,4856.0
T10,2011-01-08,1331.0
T10,2011-01-09,1302.0
T10,2011-01-10,5700.0
T10,2011-01-11,6114.0
T10,2011-01-12,5935.0
T10,2011-01-13,5395.0
T10,2011-01-14,5852.0
T10,2011-01-15,1782.0
T10,2011-01-16,1481.0
T10,2011-01-17,5839.0
T10,2011-01-18,6031.0
T10,2011-01-19,6592.0
T10,2011-01-20,6873.0
T10,2011-01-21,6894.0
T10,2011-01-22,2788.0
T10,2011-01-23,1428.0
T10,2011-01-24,6149.0
T10,2011-01-25,6541.0
T10,2011-01-26,1108.0
T10,2011-01-27,6574.0
T10,2011-01-28,6536.0
T10,2011-01-29,1867.0
T10,2011-01-30,1258.0
T10,2011-01-31,6415.0
T10,2011-02-01,6599.0
T10,2011-02-02,7038.0
T10,2011-02-03,6744.0
T10,2011-02-04,6387.0
T10,2011-02-05,1752.0
T10,2011-02-06,1407.0
T10,2011-02-07,6680.0
T10,2011-02-08,6941.0
T10,2011-02-09,7259.0
T10,2011-02-10,6628.0
T10,2011-02-11,7000.0
T10,2011-02-12,2922.0
T10,2011-02-13,1545.0
T10,2011-02-14,6359.0
T10,2011-02-15,1758.0
T10,2011-02-16,1372.0
T10,2011-02-17,6308.0
T10,2011-02-18,6194.0
T10,2011-02-19,5451.0
T10,2011-02-20,5688.0
T10,2011-02-21,7279.0
T10,2011-02-22,1329.0
T10,2011-02-23,1105.0
T10,2011-02-24,1140.0
T10,2011-02-25,6356.0
T10,2011-02-26,5992.0
T10,2011-02-27,6270.0
T10,2011-02-28,6146.0
T10,2011-03-01,1870.0
T10,2011-03-02,1309.0
T10,2011-03-03,5864.0
T10,2011-03-04,6026.0
T10,2011-03-05,6280.0
T10,2011-03-06,5545.0
T10,2011-03-07,5830.0
T10,2011-03-08,2427.0
T10,2011-03-09,2257.0
T10,2011-03-10,6110.0
T10,2011-03-11,6324.0
T10,2011-03-12,5939.0
T10,2011-03-13,6470.0
T10,2011-03-14,6594.0
T10,2011-03-15,2107.0
T10,2011-03-16,1333.0
T10,2011-03-17,5871.0
T10,2011-03-18,6415.0
T10,2011-03-19,6413.0
T10,2011-03-20,6563.0
T10,2011-03-21,6475.0
T10,2011-03-22,1443.0
T10,2011-03-23,1753.0
T10,2011-03-24,5960.0
T10,2011-03-25,5063.0
T10,2011-03-26,5908.0
T10,2011-03-27,5910.0
T10,2011-03-28,6289.0
T10,2011-03-29,1534.0
T10,2011-03-30,1624.0
T10,2011-03-31,5950.0
T10,2011-04-01,6386.0
T10,2011-04-02,5298.0
T10,2011-04-03,6179.0
T10,2011-04-04,2295.0
T10,2011-04-05,2112.0
T10,2011-04-06,1937.0
T10,2011-04-07,1131.0
T10,2011-04-08,1038.0
T10,2011-04-09,5263.0
T10,2011-04-10,5535.0
T10,2011-04-11,5687.0
T10,2011-04-12,1664.0
T10,2011-04-13,1365.0
T10,2011-04-14,5963.0
T10,2011-04-15,6218.0
T10,2011-04-16,6091.0
T10,2011-04-17,5909.0
T10,2011-04-18,5940.0
T10,2011-04-19,1453.0
T10,2011-04-20,1195.0
T10,2011-04-21,6737.0
T10,2011-04-22,6164.0
T10,2011-04-23,5621.0
T10,2011-04-24,4855.0
T10,2011-04-25,5937.0
T10,2011-04-26,1480.0
T10,2011-04-27,1278.0
T10,2011-04-28,5752.0
T10,2011-04-29,6111.0
T10,2011-04-30,6762.0
T10,2011-05-01,6809.0
T10,2011-05-02,9240.0
T10,2011-05-03,2797.0
T10,2011-05-04,2330.0
T10,2011-05-05,6467.0
T10,2011-05-06,6650.0
T10,2011-05-07,6840.0
T10,2011-05-08,6596.0
T10,2011-05-09,6954.0
T10,2011-05-10,2457.0
T10,2011-05-11,2005.0
T10,2011-05-12,6291.0
T10,2011-05-13,6799.0
T10,2011-05-14,6688.0
T10,2011-05-15,6247.0
T10,2011-05-16,6736.0
T10,2011-05-17,1855.0
T10,2011-05-18,1716.0
T10,2011-05-19,6684.0
T10,2011-05-20,7639.0
T10,2011-05-21,6300.0
T10,2011-05-22,6913.0
T10,2011-05-23,7449.0
T10,2011-05-24,2045.0
T10,2011-05-25,2604.0
T10,2011-05-26,1180.0
T10,2011-05-27,6498.0
T10,2011-05-28,6902.0
T10,2011-05-29,6750.0
T10,2011-05-30,7279.0
T10,2011-05-31,2604.0
T10,2011-06-01,2175.0
T10,2011-06-02,6400.0
T10,2011-06-03,6371.0
T10,2011-06-04,6634.0
T10,2011-06-05,6986.0
T10,2011-06-06,7020.0
T10,2011-06-07,2127.0
T10,2011-06-08,2284.0
T10,2011-06-09,6447.0
T10,2011-06-10,6795.0
T10,2011-06-11,6989.0
T10,2011-06-12,7397.0
T10,2011-06-13,8098.0
T10,2011-06-14,3071.0
T10,2011-06-15,1904.0
T10,2011-06-16,6439.0
T10,2011-06-17,7053.0
T10,2011-06-18,6770.0
T10,2011-06-19,6672.0
T10,2011-06-20,7037.0
T10,2011-06-21,2142.0
T10,2011-06-22,2011.0
T10,2011-06-23,6448.0
T10,2011-06-24,6889.0
T10,2011-06-25,6483.0
T10,2011-06-26,6881.0
T10,2011-06-27,7067.0
T10,2011-06-28,2526.0
T10,2011-06-29,1727.0
T10,2011-06-30,6231.0
T10,2011-07-01,6854.0
T10,2011-07-02,6935.0
T10,2011-07-03,6758.0
T10,2011-07-04,8321.0
T10,2011-07-05,2417.0
T10,2011-07-06,2056.0
T10,2011-07-07,5848.0
T10,2011-07-08,6992.0
T10,2011-07-09,6916.0
T10,2011-07-10,7229.0
T10,2011-07-11,8466.0
T10,2011-07-12,2252.0
T10,2011-07-13,1428.0
T10,2011-07-14,6608.0
T10,2011-07-15,6948.0
T10,2011-07-16,7141.0
T10,2011-07-17,7024.0
T10,2011-07-18,7421.0
T10,2011-07-19,2654.0
T10,2011-07-20,1345.0
T10,2011-07-21,6384.0
T10,2011-07-22,5885.0
T10,2011-07-23,5979.0
T10,2011-07-24,6283.0
T10,2011-07-25,8098.0
T10,2011-07-26,3227.0
T10,2011-07-27,2047.0
T10,2011-07-28,6161.0
T10,2011-07-29,6999.0
T10,2011-07-30,6266.0
T10,2011-07-31,6418.0
T10,2011-08-01,8896.0
T10,2011-08-02,2701.0
T10,2011-08-03,1514.0
T10,2011-08-04,6396.0
T10,2011-08-05,6714.0
T10,2011-08-06,6834.0
T10,2011-08-07,6899.0
T10,2011-08-08,6696.0
T10,2011-08-09,2584.0
T10,2011-08-10,2138.0
T10,2011-08-11,6405.0
T10,2011-08-12,6668.0
T10,2011-08-13,6480.0
T10,2011-08-14,6504.0
T10,2011-08-15,6925.0
T10,2011-08-16,2267.0
T10,2011-08-17,2020.0
T10,2011-08-18,6605.0
T10,2011-08-19,6226.0
T10,2011-08-20,6667.0
T10,2011-08-21,6566.0
T10,2011-08-22,6087.0
T10,2011-08-23,2591.0
T10,2011-08-24,1267.0
T10,2011-08-25,6250.0
T10,2011-08-26,6622.0
T10,2011-08-27,6809.0
T10,2011-08-28,6663.0
T10,2011-08-29,6762.0
T10,2011-08-30,1981.0
T10,2011-08-31,1456.0
T10,2011-09-01,6594.0
T10,2011-09-02,6510.0
T10,2011-09-03,6503.0
T10,2011-09-04,6800.0
T10,2011-09-05,6765.0
T10,2011-09-06,1910.0
T10,2011-09-07,1887.0
T10,2011-09-08,6491.0
T10,2011-09-09,6390.0
T10,2011-09-10,5141.0
T10,2011-09-11,5568.0
T10,2011-09-12,6713.0
T10,2011-09-13,1642.0
T10,2011-09-14,1299.0
T10,2011-09-15,6074.0
T10,2011-09-16,6457.0
T10,2011-09-17,6817.0
T10,2011-09-18,6307.0
T10,2011-09-19,6325.0
T10,2011-09-20,3226.0
T10,2011-09-21,1346.0
T10,2011-09-22,6287.0
T10,2011-09-23,6145.0
T10,2011-09-24,6315.0
T10,2011-09-25,6509.0
T10,2011-09-26,6577.0
T10,2011-09-27,1737.0
T10,2011-09-28,1232.0
T10,2011-09-29,6182.0
T10,2011-09-30,6579.0
T10,2011-10-01,6472.0
T10,2011-10-02,6684.0
T10,2011-10-03,6501.0
T10,2011-10-04,2762.0
T10,2011-10-05,1744.0
T10,2011-10-06,5665.0
T10,2011-10-07,6097.0
T10,2011-10-08,6857.0
T10,2011-10-09,6676.0
T10,2011-10-10,6923.0
T10,2011-10-11,1979.0
T10,2011-10-12,1499.0
T10,2011-10-13,4583.0
T10,2011-10-14,1301.0
T10,2011-10-15,6430.0
T10,2011-10-16,6064.0
T10,2011-10-17,6439.0
T10,2011-10-18,2558.0
T10,2011-10-19,1261.0
T10,2011-10-20,5673.0
T10,2011-10-21,5940.0
T10,2011-10-22,6035.0
T10,2011-10-23,6329.0
T10,2011-10-24,6343.0
T10,2011-10-25,2128.0
T10,2011-10-26,1675.0
T10,2011-10-27,6081.0
T10,2011-10-28,6315.0
T10,2011-10-29,6290.0
T10,2011-10-30,6345.0
T10,2011-10-31,6608.0
T10,2011-11-01,2015.0
T10,2011-11-02,1877.0
T10,2011-11-03,6173.0
T10,2011-11-04,6330.0
T10,2011-11-05,6223.0
T10,2011-11-06,6381.0
T10,2011-11-07,6261.0
T10,2011-11-08,2222.0
T10,2011-11-09,1733.0
T10,2011-11-10,5700.0
T10,2011-11-11,4839.0
T10,2011-11-12,5757.0
T10,2011-11-13,10439.0
T10,2011-11-14,7254.0
T10,2011-11-15,2449.0
T10,2011-11-16,1484.0
T10,2011-11-17,6121.0
T10,2011-11-18,7466.0
T10,2011-11-19,6606.0
T10,2011-11-20,6538.0
T10,2011-11-21,7077.0
T10,2011-11-22,3050.0
T10,2011-11-23,1688.0
T10,2011-11-24,6092.0
T10,2011-11-25,6230.0
T10,2011-11-26,7322.0
T10,2011-11-27,6406.0
T10,2011-11-28,7070.0
T10,2011-11-29,2037.0
T10,2011-11-30,1317.0
T10,2011-12-01,5495.0
T10,2011-12-02,6009.0
T10,2011-12-03,6107.0
T10,2011-12-04,6574.0
T10,2011-12-05,4638.0
T10,2011-12-06,938.0
T10,2011-12-07,737.0
T10,2011-12-08,815.0
T10,2011-12-09,1092.0
T10,2011-12-10,2722.0
T10,2011-12-11,2676.0
T10,2011-12-12,2478.0
T10,2011-12-13,3874.0
T10,2011-12-14,2848.0
T10,2011-12-15,1114.0
T10,2011-12-16,3331.0
T10,2011-12-17,3746.0
T10,2011-12-18,3768.0
T10,2011-12-19,3910.0
T10,2011-12-20,1365.0
T10,2011-12-21,1335.0
T10,2011-12-22,4759.0
T10,2011-12-23,4596.0
T10,2011-12-24,4815.0
T10,2011-12-25,5438.0
T10,2011-12-26,4972.0
T10,2011-12-27,1563.0
T10,2011-12-28,1317.0
T10,2011-12-29,5471.0
T10,2011-12-30,5616.0
T10,2011-12-31,5499.0
T10,2012-01-01,5769.0
T10,2012-01-02,5199.0
T10,2012-01-03,1772.0
T10,2012-01-04,1612.0
T10,2012-01-05,5836.0
T10,2012-01-06,5717.0
T10,2012-01-07,5484.0
T10,2012-01-08,1415.0
T10,2012-01-09,4273.0
T10,2012-01-10,1689.0
T10,2012-01-11,1431.0
T10,2012-01-12,5754.0
T10,2012-01-13,5807.0
T10,2012-01-14,6053.0
T10,2012-01-15,6178.0
T10,2012-01-16,6234.0
T10,2012-01-17,2102.0
T10,2012-01-18,1636.0
T10,2012-01-19,6332.0
T10,2012-01-20,6256.0
T10,2012-01-21,6113.0
T10,2012-01-22,6394.0
T10,2012-01-23,6232.0
T10,2012-01-24,1840.0
T10,2012-01-25,1533.0
T10,2012-01-26,6180.0
T10,2012-01-27,6703.0
T10,2012-01-28,6106.0
T10,2012-01-29,5941.0
T10,2012-01-30,6585.0
T10,2012-01-31,2020.0
T10,2012-02-01,1515.0
T10,2012-02-02,5717.0
T10,2012-02-03,6294.0
T10,2012-02-04,6619.0
T10,2012-02-05,6584.0
T10,2012-02-06,6759.0
T10,2012-02-07,2115.0
T10,2012-02-08,1586.0
T10,2012-02-09,5433.0
T10,2012-02-10,5985.0
T10,2012-02-11,5778.0
T10,2012-02-12,5803.0
T10,2012-02-13,6317.0
T10,2012-02-14,2067.0
T10,2012-02-15,1799.0
T10,2012-02-16,5922.0
T10,2012-02-17,6142.0
T10,2012-02-18,6261.0
T10,2012-02-19,6656.0
T10,2012-02-20,6493.0
T10,2012-02-21,2324.0
T10,2012-02-22,2044.0
T10,2012-02-23,1484.0
T10,2012-02-24,6655.0
T10,2012-02-25,6563.0
T10,2012-02-26,6397.0
T10,2012-02-27,6585.0
T10,2012-02-28,2150.0
T10,2012-02-29,1459.0
T10,2012-03-01,6732.0
T10,2012-03-02,6478.0
T10,2012-03-03,5665.0
T10,2012-03-04,6536.0
T10,2012-03-05,6433.0
T10,2012-03-06,1745.0
T10,2012-03-07,1947.0
T10,2012-03-08,5797.0
T10,2012-03-09,6255.0
T10,2012-03-10,6367.0
T10,2012-03-11,6571.0
T10,2012-03-12,6785.0
T10,2012-03-13,3764.0
T10,2012-03-14,2831.0
T10,2012-03-15,7187.0
T10,2012-03-16,6933.0
T10,2012-03-17,7290.0
T10,2012-03-18,7112.0
T10,2012-03-19,2634.0
T10,2012-03-20,2299.0
T10,2012-03-21,1740.0
T10,2012-03-22,975.0
T10,2012-03-23,5391.0
T10,2012-03-24,5775.0
T10,2012-03-25,6348.0
T10,2012-03-26,6300.0
T10,2012-03-27,2376.0
T10,2012-03-28,2348.0
T10,2012-03-29,6042.0
T10,2012-03-30,6573.0
T10,2012-03-31,6535.0
T10,2012-04-01,6772.0
T10,2012-04-02,7202.0
T10,2012-04-03,2618.0
T10,2012-04-04,1487.0
T10,2012-04-05,6211.0
T10,2012-04-06,5894.0
T10,2012-04-07,1070.0
T10,2012-04-08,6168.0
T10,2012-04-09,6639.0
T10,2012-04-10,2203.0
T10,2012-04-11,2026.0
T10,2012-04-12,6330.0
T10,2012-04-13,6411.0
T10,2012-04-14,5774.0
T10,2012-04-15,5888.0
T10,2012-04-16,7212.0
T10,2012-04-17,2299.0
T10,2012-04-18,2048.0
T10,2012-04-19,6209.0
T10,2012-04-20,6695.0
T10,2012-04-21,6715.0
T10,2012-04-22,6735.0
T10,2012-04-23,6848.0
T10,2012-04-24,3193.0
T10,2012-04-25,1649.0
T10,2012-04-26,7087.0
T10,2012-04-27,6262.0
T10,2012-04-28,6414.0
T10,2012-04-29,6794.0
T10,2012-04-30,6607.0
T10,2012-05-01,2713.0
T10,2012-05-02,2134.0
T10,2012-05-03,6083.0
T10,2012-05-04,6331.0
T10,2012-05-05,9006.0
T10,2012-05-06,6228.0
T10,2012-05-07,5530.0
T10,2012-05-08,2530.0
T10,2012-05-09,1614.0
T10,2012-05-10,6018.0
T10,2012-05-11,6232.0
T10,2012-05-12,6115.0
T10,2012-05-13,6432.0
T10,2012-05-14,7916.0
T10,2012-05-15,1948.0
T10,2012-05-16,1180.0
T10,2012-05-17,5059.0
T10,2012-05-18,6200.0
T10,2012-05-19,6015.0
T10,2012-05-20,6213.0
T10,2012-05-21,7386.0
T10,2012-05-22,2544.0
T10,2012-05-23,1469.0
T10,2012-05-24,1142.0
T10,2012-05-25,6265.0
T10,2012-05-26,6572.0
T10,2012-05-27,6072.0
T10,2012-05-28,6476.0
T10,2012-05-29,2951.0
T10,2012-05-30,1692.0
T10,2012-05-31,5953.0
T10,2012-06-01,6306.0
T10,2012-06-02,6016.0
T10,2012-06-03,4218.0
T10,2012-06-04,6009.0
T10,2012-06-05,1839.0
T10,2012-06-06,1744.0
T10,2012-06-07,5932.0
T10,2012-06-08,6265.0
T10,2012-06-09,6032.0
T10,2012-06-10,6342.0
T10,2012-06-11,6359.0
T10,2012-06-12,2630.0
T10,2012-06-13,1811.0
T10,2012-06-14,5703.0
T10,2012-06-15,6530.0
T10,2012-06-16,6205.0
T10,2012-06-17,5961.0
T10,2012-06-18,6288.0
T10,2012-06-19,3053.0
T10,2012-06-20,1578.0
T10,2012-06-21,5454.0
T10,2012-06-22,5702.0
T10,2012-06-23,5670.0
T10,2012-06-24,5887.0
T10,2012-06-25,7633.0
T10,2012-06-26,2251.0
T10,2012-06-27,1634.0
T10,2012-06-28,5829.0
T10,2012-06-29,6189.0
T10,2012-06-30,6236.0
T10,2012-07-01,6043.0
T10,2012-07-02,8138.0
T10,2012-07-03,2915.0
T10,2012-07-04,1504.0
T10,2012-07-05,6100.0
T10,2012-07-06,6165.0
T10,2012-07-07,5951.0
T10,2012-07-08,6114.0
T10,2012-07-09,7492.0
T10,2012-07-10,2187.0
T10,2012-07-11,1698.0
T10,2012-07-12,5962.0
T10,2012-07-13,5997.0
T10,2012-07-14,5855.0
T10,2012-07-15,5733.0
T10,2012-07-16,6222.0
T10,2012-07-17,2300.0
T10,2012-07-18,2197.0
T10,2012-07-19,5601.0
T10,2012-07-20,6020.0
T10,2012-07-21,5396.0
T10,2012-07-22,5503.0
T10,2012-07-23,5843.0
T10,2012-07-24,2308.0
T10,2012-07-25,2465.0
T10,2012-07-26,5072.0
T10,2012-07-27,4617.0
T10,2012-07-28,4709.0
T10,2012-07-29,4903.0
T10,2012-07-30,6235.0
T10,2012-07-31,3083.0
T10,2012-08-01,1854.0
T10,2012-08-02,4611.0
T10,2012-08-03,4864.0
T10,2012-08-04,4732.0
T10,2012-08-05,4687.0
T10,2012-08-06,5028.0
T10,2012-08-07,2032.0
T10,2012-08-08,1775.0
T10,2012-08-09,5083.0
T10,2012-08-10,4906.0
T10,2012-08-11,5553.0
T10,2012-08-12,4916.0
T10,2012-08-13,4914.0
T10,2012-08-14,1685.0
T10,2012-08-15,1857.0
T10,2012-08-16,4492.0
T10,2012-08-17,4808.0
T10,2012-08-18,4734.0
T10,2012-08-19,4918.0
T10,2012-08-20,5045.0
T10,2012-08-21,1625.0
T10,2012-08-22,1399.0
T10,2012-08-23,4481.0
T10,2012-08-24,4819.0
T10,2012-08-25,4687.0
T10,2012-08-26,4547.0
T10,2012-08-27,4811.0
T10,2012-08-28,1603.0
T10,2012-08-29,1119.0
T10,2012-08-30,4050.0
T10,2012-08-31,4506.0
T10,2012-09-01,4667.0
T10,2012-09-02,4782.0
T10,2012-09-03,4527.0
T10,2012-09-04,1841.0
T10,2012-09-05,1488.0
T10,2012-09-06,4364.0
T10,2012-09-07,4341.0
T10,2012-09-08,4529.0
T10,2012-09-09,4745.0
T10,2012-09-10,4618.0
T10,2012-09-11,1649.0
T10,2012-09-12,1168.0
T10,2012-09-13,3868.0
T10,2012-09-14,4178.0
T10,2012-09-15,4331.0
T10,2012-09-16,4424.0
T10,2012-09-17,4836.0
T10,2012-09-18,1604.0
T10,2012-09-19,1240.0
T10,2012-09-20,3990.0
T10,2012-09-21,4062.0
T10,2012-09-22,4206.0
T10,2012-09-23,4059.0
T10,2012-09-24,4292.0
T10,2012-09-25,2188.0
T10,2012-09-26,1432.0
T10,2012-09-27,3764.0
T10,2012-09-28,4102.0
T10,2012-09-29,4151.0
T10,2012-09-30,4167.0
T10,2012-10-01,4709.0
T10,2012-10-02,1769.0
T10,2012-10-03,1158.0
T10,2012-10-04,3802.0
T10,2012-10-05,3962.0
T10,2012-10-06,4095.0
T10,2012-10-07,3952.0
T10,2012-10-08,4252.0
T10,2012-10-09,1400.0
T10,2012-10-10,1229.0
T10,2012-10-11,3832.0
T10,2012-10-12,4017.0
T10,2012-10-13,3540.0
T10,2012-10-14,3585.0
T10,2012-10-15,3940.0
T10,2012-10-16,1376.0
T10,2012-10-17,1278.0
T10,2012-10-18,3278.0
T10,2012-10-19,1072.0
T10,2012-10-20,3682.0
T10,2012-10-21,3717.0
T10,2012-10-22,4006.0
T10,2012-10-23,1479.0
T10,2012-10-24,1169.0
T10,2012-10-25,4136.0
T10,2012-10-26,6087.0
T10,2012-10-27,3895.0
T10,2012-10-28,3626.0
T10,2012-10-29,3856.0
T10,2012-10-30,2102.0
T10,2012-10-31,1156.0
T10,2012-11-01,3636.0
T10,2012-11-02,3706.0
T10,2012-11-03,3500.0
T10,2012-11-04,4556.0
T10,2012-11-05,3975.0
T10,2012-11-06,2094.0
T10,2012-11-07,1338.0
T10,2012-11-08,3489.0
T10,2012-11-09,3506.0
T10,2012-11-10,3762.0
T10,2012-11-11,3739.0
T10,2012-11-12,4163.0
T10,2012-11-13,1902.0
T10,2012-11-14,1497.0
T10,2012-11-15,3390.0
T10,2012-11-16,3631.0
T10,2012-11-17,3885.0
T10,2012-11-18,4094.0
T10,2012-11-19,5985.0
T10,2012-11-20,2184.0
T10,2012-11-21,1239.0
T10,2012-11-22,3405.0
T10,2012-11-23,3804.0
T10,2012-11-24,4709.0
T10,2012-11-25,3860.0
T10,2012-11-26,4517.0
T10,2012-11-27,1986.0
T10,2012-11-28,1545.0
T10,2012-11-29,3386.0
T10,2012-11-30,3698.0
T10,2012-12-01,3772.0
T10,2012-12-02,3767.0
T10,2012-12-03,3923.0
T10,2012-12-04,1488.0
T10,2012-12-05,1201.0
T10,2012-12-06,1306.0
T10,2012-12-07,701.0
T10,2012-12-08,746.0
T10,2012-12-09,1185.0
T10,2012-12-10,1309.0
T10,2012-12-11,940.0
T10,2012-12-12,853.0
T10,2012-12-13,3196.0
T10,2012-12-14,3743.0
T10,2012-12-15,1997.0
T10,2012-12-16,1699.0
T10,2012-12-17,1775.0
T10,2012-12-18,1803.0
T10,2012-12-19,1181.0
T10,2012-12-20,2705.0
T10,2012-12-21,2723.0
T10,2012-12-22,2856.0
T10,2012-12-23,2989.0
T10,2012-12-24,3016.0
T10,2012-12-25,1247.0
T10,2012-12-26,1125.0
T10,2012-12-27,3162.0
T10,2012-12-28,3532.0
T10,2012-12-29,3430.0
T10,2012-12-30,3626.0
T10,2012-12-31,3588.0
T10,2013-01-01,1832.0
T10,2013-01-02,1444.0
T10,2013-01-03,3472.0
T10,2013-01-04,3404.0
T10,2013-01-05,3379.0
T10,2013-01-06,3648.0
T10,2013-01-07,3476.0
T10,2013-01-08,1656.0
T10,2013-01-09,1460.0
T10,2013-01-10,1121.0
T10,2013-01-11,3272.0
T10,2013-01-12,3671.0
T10,2013-01-13,3356.0
T10,2013-01-14,3729.0
T10,2013-01-15,2464.0
T10,2013-01-16,1514.0
T10,2013-01-17,3492.0
T10,2013-01-18,3607.0
T10,2013-01-19,3603.0
T10,2013-01-20,3645.0
T10,2013-01-21,3835.0
T10,2013-01-22,1691.0
T10,2013-01-23,1400.0
T10,2013-01-24,3483.0
T10,2013-01-25,3567.0
T10,2013-01-26,4121.0
T10,2013-01-27,3921.0
T10,2013-01-28,4230.0
T10,2013-01-29,1754.0
T10,2013-01-30,1219.0
T10,2013-01-31,3413.0
T10,2013-02-01,3169.0
T10,2013-02-02,3580.0
T10,2013-02-03,3617.0
T10,2013-02-04,4368.0
T10,2013-02-05,2110.0
T10,2013-02-06,1344.0
T10,2013-02-07,2853.0
T10,2013-02-08,3343.0
T10,2013-02-09,3383.0
T10,2013-02-10,3499.0
T10,2013-02-11,4078.0
T10,2013-02-12,2046.0
T10,2013-02-13,1596.0
T10,2013-02-14,3697.0
T10,2013-02-15,4265.0
T10,2013-02-16,3935.0
T10,2013-02-17,3850.0
T10,2013-02-18,3835.0
T10,2013-02-19,1776.0
T10,2013-02-20,1478.0
T10,2013-02-21,1063.0
T10,2013-02-22,3326.0
T10,2013-02-23,3155.0
T10,2013-02-24,3694.0
T10,2013-02-25,4100.0
T10,2013-02-26,1804.0
T10,2013-02-27,1115.0
T10,2013-02-28,3549.0
T10,2013-03-01,3778.0
T10,2013-03-02,3977.0
T10,2013-03-03,4214.0
T10,2013-03-04,4202.0
T10,2013-03-05,2394.0
T10,2013-03-06,5483.0
T10,2013-03-07,3629.0
T10,2013-03-08,3362.0
T10,2013-03-09,3517.0
T10,2013-03-10,3906.0
T10,2013-03-11,2190.0
T10,2013-03-12,1775.0
T10,2013-03-13,1674.0
T10,2013-03-14,975.0
T10,2013-03-15,2990.0
T10,2013-03-16,2939.0
T10,2013-03-17,3318.0
T10,2013-03-18,4063.0
T10,2013-03-19,1800.0
T10,2013-03-20,1813.0
T10,2013-03-21,3316.0
T10,2013-03-22,3453.0
T10,2013-03-23,3494.0
T10,2013-03-24,3630.0
T10,2013-03-25,3921.0
T10,2013-03-26,2612.0
T10,2013-03-27,2053.0
T10,2013-03-28,3347.0
T10,2013-03-29,3678.0
T10,2013-03-30,3692.0
T10,2013-03-31,3616.0
T10,2013-04-01,3886.0
T10,2013-04-02,2566.0
T10,2013-04-03,1355.0
T10,2013-04-04,3234.0
T10,2013-04-05,3725.0
T10,2013-04-06,3885.0
T10,2013-04-07,1123.0
T10,2013-04-08,3023.0
T10,2013-04-09,2118.0
T10,2013-04-10,1073.0
T10,2013-04-11,3718.0
T10,2013-04-12,3666.0
T10,2013-04-13,3420.0
T10,2013-04-14,3645.0
T10,2013-04-15,4687.0
T10,2013-04-16,2063.0
T10,2013-04-17,1050.0
T10,2013-04-18,3321.0
T10,2013-04-19,3488.0
T10,2013-04-20,3448.0
T10,2013-04-21,3727.0
T10,2013-04-22,5401.0
T10,2013-04-23,1970.0
T10,2013-04-24,1117.0
T10,2013-04-25,3925.0
T10,2013-04-26,3743.0
T10,2013-04-27,3442.0
T10,2013-04-28,3321.0
T10,2013-04-29,3632.0
T10,2013-04-30,1981.0
T10,2013-05-01,1537.0
T10,2013-05-02,3042.0
T10,2013-05-03,3530.0
T10,2013-05-04,3301.0
T10,2013-05-05,3545.0
T10,2013-05-06,3771.0
T10,2013-05-07,2005.0
T10,2013-05-08,2200.0
T10,2013-05-09,3501.0
T10,2013-05-10,3505.0
T10,2013-05-11,3414.0
T10,2013-05-12,3148.0
T10,2013-05-13,3715.0
T10,2013-05-14,1622.0
T10,2013-05-15,1453.0
T10,2013-05-16,3346.0
T10,2013-05-17,3309.0
T10,2013-05-18,3313.0
T10,2013-05-19,3616.0
T10,2013-05-20,3567.0
T10,2013-05-21,1534.0
T10,2013-05-22,1837.0
T10,2013-05-23,1022.0
T10,2013-05-24,4308.0
T10,2013-05-25,2831.0
T10,2013-05-26,2858.0
T10,2013-05-27,4600.0
T10,2013-05-28,2027.0
T10,2013-05-29,1413.0
T10,2013-05-30,2899.0
T10,2013-05-31,3453.0
T10,2013-06-01,3414.0
T10,2013-06-02,3663.0
T10,2013-06-03,4620.0
T10,2013-06-04,1907.0
T10,2013-06-05,1044.0
T10,2013-06-06,3270.0
T10,2013-06-07,3450.0
T10,2013-06-08,3460.0
T10,2013-06-09,3578.0
T10,2013-06-10,4270.0
T10,2013-06-11,4370.0
T10,2013-06-12,2036.0
T10,2013-06-13,3241.0
T10,2013-06-14,3468.0
T10,2013-06-15,3551.0
T10,2013-06-16,3204.0
T10,2013-06-17,4134.0
T10,2013-06-18,2365.0
T10,2013-06-19,1892.0
T10,2013-06-20,3165.0
T10,2013-06-21,3044.0
T10,2013-06-22,3559.0
T10,2013-06-23,3288.0
T10,2013-06-24,3825.0
T10,2013-06-25,2008.0
T10,2013-06-26,1612.0
T10,2013-06-27,2972.0
T10,2013-06-28,3136.0
T10,2013-06-29,3148.0
T10,2013-06-30,3147.0
T10,2013-07-01,4364.0
T10,2013-07-02,1735.0
T10,2013-07-03,1098.0
T10,2013-07-04,3132.0
T10,2013-07-05,3064.0
T10,2013-07-06,3371.0
T10,2013-07-07,3425.0
T10,2013-07-08,4805.0
T10,2013-07-09,2575.0
T10,2013-07-10,1532.0
T10,2013-07-11,2941.0
T10,2013-07-12,3095.0
T10,2013-07-13,3365.0
T10,2013-07-14,3386.0
T10,2013-07-15,3448.0
T10,2013-07-16,1853.0
T10,2013-07-17,1229.0
T10,2013-07-18,2752.0
T10,2013-07-19,2876.0
T10,2013-07-20,2833.0
T10,2013-07-21,3071.0
T10,2013-07-22,3373.0
T10,2013-07-23,2143.0
T10,2013-07-24,1667.0
T10,2013-07-25,2732.0
T10,2013-07-26,3424.0
T10,2013-07-27,3091.0
T10,2013-07-28,3237.0
T10,2013-07-29,3500.0
T10,2013-07-30,2166.0
T10,2013-07-31,1390.0
T10,2013-08-01,2760.0
T10,2013-08-02,2695.0
T10,2013-08-03,2916.0
T10,2013-08-04,2875.0
T10,2013-08-05,3180.0
T10,2013-08-06,2360.0
T10,2013-08-07,1409.0
T10,2013-08-08,2805.0
T10,2013-08-09,2933.0
T10,2013-08-10,2826.0
T10,2013-08-11,3086.0
T10,2013-08-12,3339.0
T10,2013-08-13,1880.0
T10,2013-08-14,1585.0
T10,2013-08-15,3102.0
T10,2013-08-16,2813.0
T10,2013-08-17,3183.0
T10,2013-08-18,2822.0
T10,2013-08-19,3177.0
T10,2013-08-20,1531.0
T10,2013-08-21,1259.0
T10,2013-08-22,2601.0
T10,2013-08-23,2852.0
T10,2013-08-24,2775.0
T10,2013-08-25,2713.0
T10,2013-08-26,3267.0
T10,2013-08-27,1419.0
T10,2013-08-28,1126.0
T10,2013-08-29,2489.0
T10,2013-08-30,2834.0
T10,2013-08-31,2839.0
T10,2013-09-01,2791.0
T10,2013-09-02,2956.0
T10,2013-09-03,1401.0
T10,2013-09-04,1557.0
T10,2013-09-05,2758.0
T10,2013-09-06,3054.0
T10,2013-09-07,3005.0
T10,2013-09-08,2769.0
T10,2013-09-09,3996.0
T10,2013-09-10,1671.0
T10,2013-09-11,1320.0
T10,2013-09-12,3050.0
T10,2013-09-13,3168.0
T10,2013-09-14,3178.0
T10,2013-09-15,3394.0
T10,2013-09-16,3646.0
T10,2013-09-17,1984.0
T10,2013-09-18,1248.0
T10,2013-09-19,3042.0
T10,2013-09-20,3237.0
T10,2013-09-21,3639.0
T10,2013-09-22,3125.0
T10,2013-09-23,3818.0
T10,2013-09-24,3131.0
T10,2013-09-25,1045.0
T10,2013-09-26,2858.0
T10,2013-09-27,3336.0
T10,2013-09-28,3351.0
T10,2013-09-29,3289.0
T10,2013-09-30,3621.0
T10,2013-10-01,1872.0
T10,2013-10-02,1529.0
T10,2013-10-03,2844.0
T10,2013-10-04,2911.0
T10,2013-10-05,2877.0
T10,2013-10-06,3093.0
T10,2013-10-07,4118.0
T10,2013-10-08,1770.0
T10,2013-10-09,1216.0
T10,2013-10-10,3194.0
T10,2013-10-11,3015.0
T10,2013-10-12,2976.0
T10,2013-10-13,3532.0
T10,2013-10-14,3510.0
T10,2013-10-15,1376.0
T10,2013-10-16,935.0
T10,2013-10-17,2687.0
T10,2013-10-18,1369.0
T10,2013-10-19,3220.0
T10,2013-10-20,3265.0
T10,2013-10-21,3482.0
T10,2013-10-22,1300.0
T10,2013-10-23,1177.0
T10,2013-10-24,2964.0
T10,2013-10-25,3129.0
T10,2013-10-26,2719.0
T10,2013-10-27,3252.0
T10,2013-10-28,3483.0
T10,2013-10-29,1619.0
T10,2013-10-30,1132.0
T10,2013-10-31,3157.0
T10,2013-11-01,3066.0
T10,2013-11-02,2758.0
T10,2013-11-03,3166.0
T10,2013-11-04,3674.0
T10,2013-11-05,1984.0
T10,2013-11-06,1158.0
T10,2013-11-07,3021.0
T10,2013-11-08,2934.0
T10,2013-11-09,3340.0
T10,2013-11-10,3411.0
T10,2013-11-11,3981.0
T10,2013-11-12,1784.0
T10,2013-11-13,1352.0
T10,2013-11-14,3201.0
T10,2013-11-15,3068.0
T10,2013-11-16,3089.0
T10,2013-11-17,3172.0
T10,2013-11-18,4512.0
T10,2013-11-19,3934.0
T10,2013-11-20,2911.0
T10,2013-11-21,3120.0
T10,2013-11-22,3082.0
T10,2013-11-23,3169.0
T10,2013-11-24,3881.0
T10,2013-11-25,4549.0
T10,2013-11-26,3529.0
T10,2013-11-27,1168.0
T10,2013-11-28,3157.0
T10,2013-11-29,3041.0
T10,2013-11-30,3902.0
T10,2013-12-01,3364.0
T10,2013-12-02,3524.0
T10,2013-12-03,1282.0
T10,2013-12-04,1024.0
T10,2013-12-05,2037.0
T10,2013-12-06,1715.0
T10,2013-12-07,713.0
T10,2013-12-08,864.0
T10,2013-12-09,1569.0
T10,2013-12-10,995.0
T10,2013-12-11,1041.0
T10,2013-12-12,2046.0
T10,2013-12-13,4150.0
T10,2013-12-14,1903.0
T10,2013-12-15,1558.0
T10,2013-12-16,1811.0
T10,2013-12-17,1769.0
T10,2013-12-18,984.0
T10,2013-12-19,2392.0
T10,2013-12-20,2271.0
T10,2013-12-21,2428.0
T10,2013-12-22,2585.0
T10,2013-12-23,2618.0
T10,2013-12-24,1460.0
T10,2013-12-25,1038.0
T10,2013-12-26,2694.0
T10,2013-12-27,3017.0
T10,2013-12-28,2772.0
T10,2013-12-29,2926.0
T10,2013-12-30,3000.0
T10,2013-12-31,1797.0
T10,2014-01-01,1206.0
T10,2014-01-02,2676.0
T10,2014-01-03,3017.0
T10,2014-01-04,2997.0
T10,2014-01-05,3024.0
T10,2014-01-06,2795.0
T10,2014-01-07,1364.0
T10,2014-01-08,3535.0
T10,2014-01-09,864.0
T10,2014-01-10,2817.0
T10,2014-01-11,2688.0
T10,2014-01-12,3081.0
T10,2014-01-13,3361.0
T10,2014-01-14,1784.0
T10,2014-01-15,1178.0
T10,2014-01-16,2769.0
T10,2014-01-17,3422.0
T10,2014-01-18,3029.0
T10,2014-01-19,3473.0
T10,2014-01-20,3548.0
T10,2014-01-21,1587.0
T10,2014-01-22,1044.0
T10,2014-01-23,2870.0
T10,2014-01-24,3109.0
T10,2014-01-25,2953.0
T10,2014-01-26,3354.0
T10,2014-01-27,3617.0
T10,2014-01-28,1890.0
T10,2014-01-29,1164.0
T10,2014-01-30,3229.0
T10,2014-01-31,3572.0
T10,2014-02-01,5485.0
T10,2014-02-02,3350.0
T10,2014-02-03,3250.0
T10,2014-02-04,1689.0
T10,2014-02-05,1171.0
T10,2014-02-06,3319.0
T10,2014-02-07,3330.0
T10,2014-02-08,3279.0
T10,2014-02-09,3468.0
T10,2014-02-10,3601.0
T10,2014-02-11,1770.0
T10,2014-02-12,1149.0
T10,2014-02-13,3108.0
T10,2014-02-14,3161.0
T10,2014-02-15,2921.0
T10,2014-02-16,3366.0
T10,2014-02-17,3156.0
T10,2014-02-18,1720.0
T10,2014-02-19,1575.0
T10,2014-02-20,1134.0
T10,2014-02-21,3177.0
T10,2014-02-22,3392.0
T10,2014-02-23,3413.0
T10,2014-02-24,4435.0
T10,2014-02-25,1742.0
T10,2014-02-26,1563.0
T10,2014-02-27,3556.0
T10,2014-02-28,3402.0
T10,2014-03-01,3565.0
T10,2014-03-02,4053.0
T10,2014-03-03,4536.0
T10,2014-03-04,2189.0
T10,2014-03-05,1203.0
T10,2014-03-06,2974.0
T10,2014-03-07,3196.0
T10,2014-03-08,3471.0
T10,2014-03-09,3122.0
T10,2014-03-10,4557.0
T10,2014-03-11,2079.0
T10,2014-03-12,1567.0
T10,2014-03-13,3257.0
T10,2014-03-14,3128.0
T10,2014-03-15,3324.0
T10,2014-03-16,3508.0
T10,2014-03-17,3623.0
T10,2014-03-18,2358.0
T10,2014-03-19,1600.0
T10,2014-03-20,3544.0
T10,2014-03-21,3120.0
T10,2014-03-22,2771.0
T10,2014-03-23,2473.0
T10,2014-03-24,3645.0
T10,2014-03-25,1832.0
T10,2014-03-26,1738.0
T10,2014-03-27,3203.0
T10,2014-03-28,3755.0
T10,2014-03-29,3274.0
T10,2014-03-30,3468.0
T10,2014-03-31,1654.0
T10,2014-04-01,1968.0
T10,2014-04-02,1420.0
T10,2014-04-03,869.0
T10,2014-04-04,2183.0
T10,2014-04-05,2694.0
T10,2014-04-06,3144.0
T10,2014-04-07,1406.0
T10,2014-04-08,1923.0
T10,2014-04-09,1268.0
T10,2014-04-10,2864.0
T10,2014-04-11,2710.0
T10,2014-04-12,2851.0
T10,2014-04-13,3366.0
T10,2014-04-14,3114.0
T10,2014-04-15,1954.0
T10,2014-04-16,1218.0
T10,2014-04-17,2687.0
T10,2014-04-18,3106.0
T10,2014-04-19,3009.0
T10,2014-04-20,3261.0
T10,2014-04-21,3323.0
T10,2014-04-22,1268.0
T10,2014-04-23,1049.0
T10,2014-04-24,3326.0
T10,2014-04-25,3187.0
T10,2014-04-26,3317.0
T10,2014-04-27,3102.0
T10,2014-04-28,4028.0
T10,2014-04-29,2013.0
T10,2014-04-30,1227.0
T10,2014-05-01,2966.0
T10,2014-05-02,3172.0
T10,2014-05-03,3107.0
T10,2014-05-04,2981.0
T10,2014-05-05,3206.0
T10,2014-05-06,1557.0
T10,2014-05-07,1017.0
T10,2014-05-08,2802.0
T10,2014-05-09,2907.0
T10,2014-05-10,3041.0
T10,2014-05-11,2948.0
T10,2014-05-12,3938.0
T10,2014-05-13,1652.0
T10,2014-05-14,1080.0
T10,2014-05-15,2869.0
T10,2014-05-16,2753.0
T10,2014-05-17,3066.0
T10,2014-05-18,3525.0
T10,2014-05-19,4295.0
T10,2014-05-20,1728.0
T10,2014-05-21,1800.0
T10,2014-05-22,1036.0
T10,2014-05-23,2874.0
T10,2014-05-24,3225.0
T10,2014-05-25,3450.0
T10,2014-05-26,3795.0
T10,2014-05-27,2007.0
T10,2014-05-28,1388.0
T10,2014-05-29,2958.0
T10,2014-05-30,3226.0
T10,2014-05-31,3226.0
T10,2014-06-01,3455.0
T10,2014-06-02,3784.0
T10,2014-06-03,2177.0
T10,2014-06-04,1367.0
T10,2014-06-05,3323.0
T10,2014-06-06,3077.0
T10,2014-06-07,3438.0
T10,2014-06-08,3920.0
T10,2014-06-09,5323.0
T10,2014-06-10,1937.0
T10,2014-06-11,1248.0
T10,2014-06-12,3489.0
T10,2014-06-13,4068.0
T10,2014-06-14,3716.0
T10,2014-06-15,3882.0
T10,2014-06-16,5082.0
T10,2014-06-17,1626.0
T10,2014-06-18,1352.0
T10,2014-06-19,3501.0
T10,2014-06-20,3799.0
T10,2014-06-21,3378.0
T10,2014-06-22,3755.0
T10,2014-06-23,4190.0
T10,2014-06-24,1371.0
T10,2014-06-25,1385.0
T10,2014-06-26,3308.0
T10,2014-06-27,3698.0
T10,2014-06-28,3994.0
T10,2014-06-29,4007.0
T10,2014-06-30,4768.0
T10,2014-07-01,1781.0
T10,2014-07-02,1479.0
T10,2014-07-03,3396.0
T10,2014-07-04,3842.0
T10,2014-07-05,3877.0
T10,2014-07-06,3861.0
T10,2014-07-07,4681.0
T10,2014-07-08,2161.0
T10,2014-07-09,1678.0
T10,2014-07-10,3991.0
T10,2014-07-11,4067.0
T10,2014-07-12,4155.0
T10,2014-07-13,4145.0
T10,2014-07-14,4035.0
T10,2014-07-15,1986.0
T10,2014-07-16,1440.0
T10,2014-07-17,3952.0
T10,2014-07-18,4288.0
T10,2014-07-19,4300.0
T10,2014-07-20,3562.0
T10,2014-07-21,4908.0
T10,2014-07-22,1923.0
T10,2014-07-23,1438.0
T10,2014-07-24,4033.0
T10,2014-07-25,4426.0
T10,2014-07-26,4325.0
T10,2014-07-27,4377.0
T10,2014-07-28,5297.0
T10,2014-07-29,2248.0
T10,2014-07-30,1391.0
T10,2014-07-31,3769.0
T10,2014-08-01,4186.0
T10,2014-08-02,4387.0
T10,2014-08-03,4890.0
T10,2014-08-04,5090.0
T10,2014-08-05,1972.0
T10,2014-08-06,1391.0
T10,2014-08-07,3948.0
T10,2014-08-08,4358.0
T10,2014-08-09,4190.0
T10,2014-08-10,4495.0
T10,2014-08-11,4771.0
T10,2014-08-12,1961.0
T10,2014-08-13,1326.0
T10,2014-08-14,3786.0
T10,2014-08-15,4116.0
T10,2014-08-16,4188.0
T10,2014-08-17,4137.0
T10,2014-08-18,4317.0
T10,2014-08-19,1488.0
T10,2014-08-20,1170.0
T10,2014-08-21,4132.0
T10,2014-08-22,4437.0
T10,2014-08-23,4212.0
T10,2014-08-24,4642.0
T10,2014-08-25,4306.0
T10,2014-08-26,1511.0
T10,2014-08-27,1098.0
T10,2014-08-28,4050.0
T10,2014-08-29,4185.0
T10,2014-08-30,4679.0
T10,2014-08-31,5011.0
T10,2014-09-01,5081.0
T10,2014-09-02,1589.0
T10,2014-09-03,1570.0
T10,2014-09-04,4096.0
T10,2014-09-05,4512.0
T10,2014-09-06,4456.0
T10,2014-09-07,4424.0
T10,2014-09-08,5188.0
T10,2014-09-09,1707.0
T10,2014-09-10,1264.0
T10,2014-09-11,4041.0
T10,2014-09-12,4604.0
T10,2014-09-13,4604.0
T10,2014-09-14,4686.0
T10,2014-09-15,4443.0
T10,2014-09-16,1791.0
T10,2014-09-17,1212.0
T10,2014-09-18,4483.0
T10,2014-09-19,4619.0
T10,2014-09-20,4478.0
T10,2014-09-21,4455.0
T10,2014-09-22,5435.0
T10,2014-09-23,1920.0
T10,2014-09-24,1471.0
T10,2014-09-25,4097.0
T10,2014-09-26,4562.0
T10,2014-09-27,4534.0
T10,2014-09-28,4920.0
T10,2014-09-29,6478.0
T10,2014-09-30,2754.0
T10,2014-10-01,2015.0
T10,2014-10-02,4437.0
T10,2014-10-03,4601.0
T10,2014-10-04,4726.0
T10,2014-10-05,4640.0
T10,2014-10-06,4914.0
T10,2014-10-07,2253.0
T10,2014-10-08,1066.0
T10,2014-10-09,3704.0
T10,2014-10-10,4323.0
T10,2014-10-11,4486.0
T10,2014-10-12,4848.0
T10,2014-10-13,4977.0
T10,2014-10-14,1251.0
T10,2014-10-15,1086.0
T10,2014-10-16,3249.0
T10,2014-10-17,1093.0
T10,2014-10-18,4348.0
T10,2014-10-19,4526.0
T10,2014-10-20,4904.0
T10,2014-10-21,1389.0
T10,2014-10-22,1120.0
T10,2014-10-23,4108.0
T10,2014-10-24,4419.0
T10,2014-10-25,4625.0
T10,2014-10-26,4740.0
T10,2014-10-27,4474.0
T10,2014-10-28,1432.0
T10,2014-10-29,1029.0
T10,2014-10-30,4321.0
T10,2014-10-31,4562.0
T10,2014-11-01,4770.0
T10,2014-11-02,4934.0
T10,2014-11-03,4867.0
T10,2014-11-04,1586.0
T10,2014-11-05,1189.0
T10,2014-11-06,4262.0
T10,2014-11-07,4249.0
T10,2014-11-08,4521.0
T10,2014-11-09,4726.0
T10,2014-11-10,4751.0
T10,2014-11-11,1750.0
T10,2014-11-12,1122.0
T10,2014-11-13,4040.0
T10,2014-11-14,4833.0
T10,2014-11-15,4321.0
T10,2014-11-16,4730.0
T10,2014-11-17,4867.0
T10,2014-11-18,1765.0
T10,2014-11-19,1040.0
T10,2014-11-20,4431.0
T10,2014-11-21,4617.0
T10,2014-11-22,4564.0
T10,2014-11-23,4766.0
T10,2014-11-24,6147.0
T10,2014-11-25,2785.0
T10,2014-11-26,1147.0
T10,2014-11-27,4392.0
T10,2014-11-28,4674.0
T10,2014-11-29,5435.0
T10,2014-11-30,4998.0
T10,2014-12-01,5060.0
T10,2014-12-02,1288.0
T10,2014-12-03,1071.0
T10,2014-12-04,3300.0
T10,2014-12-05,3405.0
T10,2014-12-06,2441.0
T10,2014-12-07,760.0
T10,2014-12-08,879.0
T10,2014-12-09,1215.0
T10,2014-12-10,1035.0
T10,2014-12-11,1934.0
T10,2014-12-12,2660.0
T10,2014-12-13,4787.0
T10,2014-12-14,1428.0
T10,2014-12-15,1845.0
T10,2014-12-16,1445.0
T10,2014-12-17,1060.0
T10,2014-12-18,3386.0
T10,2014-12-19,3564.0
T10,2014-12-20,3439.0
T10,2014-12-21,3427.0
T10,2014-12-22,3503.0
T10,2014-12-23,1287.0
T10,2014-12-24,1058.0
T10,2014-12-25,4051.0
T10,2014-12-26,4071.0
T10,2014-12-27,3789.0
T10,2014-12-28,4059.0
T10,2014-12-29,4487.0
T10,2014-12-30,1437.0
T10,2014-12-31,1013.0
T10,2015-01-01,4563.0
T10,2015-01-02,4497.0
T10,2015-01-03,4588.0
T10,2015-01-04,4540.0
T10,2015-01-05,4430.0
T10,2015-01-06,1716.0
T10,2015-01-07,1390.0
T10,2015-01-08,2437.0
T10,2015-01-09,4106.0
T10,2015-01-10,4742.0
T10,2015-01-11,4876.0
T10,2015-01-12,4724.0
T10,2015-01-13,1475.0
T10,2015-01-14,990.0
T10,2015-01-15,4324.0
T10,2015-01-16,4664.0
T10,2015-01-17,4297.0
T10,2015-01-18,4921.0
T10,2015-01-19,4756.0
T10,2015-01-20,1836.0
T10,2015-01-21,981.0
T10,2015-01-22,4583.0
T10,2015-01-23,5061.0
T10,2015-01-24,4587.0
T10,2015-01-25,4694.0
T10,2015-01-26,4432.0
T10,2015-01-27,3400.0
T10,2015-01-28,2549.0
T10,2015-01-29,3991.0
T10,2015-01-30,4381.0
T10,2015-01-31,4285.0
T10,2015-02-01,5568.0
T10,2015-02-02,5015.0
T10,2015-02-03,2196.0
T10,2015-02-04,1031.0
T10,2015-02-05,3954.0
T10,2015-02-06,4590.0
T10,2015-02-07,5950.0
T10,2015-02-08,4925.0
T10,2015-02-09,5451.0
T10,2015-02-10,4401.0
T10,2015-02-11,1263.0
T10,2015-02-12,4792.0
T10,2015-02-13,4896.0
T10,2015-02-14,5023.0
T10,2015-02-15,5011.0
T10,2015-02-16,4434.0
T10,2015-02-17,1721.0
T10,2015-02-18,1462.0
T10,2015-02-19,1243.0
T10,2015-02-20,4692.0
T10,2015-02-21,4917.0
T10,2015-02-22,4717.0
T10,2015-02-23,4970.0
T10,2015-02-24,2170.0
T10,2015-02-25,1183.0
T10,2015-02-26,5056.0
T10,2015-02-27,5335.0
T10,2015-02-28,5184.0
T10,2015-03-01,5736.0
T10,2015-03-02,5298.0
T10,2015-03-03,2083.0
T10,2015-03-04,1985.0
T10,2015-03-05,4679.0
T10,2015-03-06,4954.0
T10,2015-03-07,5088.0
T10,2015-03-08,5426.0
T10,2015-03-09,5401.0
T10,2015-03-10,1648.0
T10,2015-03-11,1447.0
T10,2015-03-12,4767.0
T10,2015-03-13,5241.0
T10,2015-03-14,5098.0
T10,2015-03-15,4484.0
T10,2015-03-16,1360.0
T10,2015-03-17,1821.0
T10,2015-03-18,1591.0
T10,2015-03-19,927.0
T10,2015-03-20,3978.0
T10,2015-03-21,4448.0
T10,2015-03-22,4751.0
T10,2015-03-23,4807.0
T10,2015-03-24,2036.0
T10,2015-03-25,1417.0
T10,2015-03-26,4691.0
T10,2015-03-27,5016.0
T10,2015-03-28,4877.0
T10,2015-03-29,5054.0
T10,2015-03-30,5189.0
T10,2015-03-31,1851.0
T10,2015-04-01,1011.0
T10,2015-04-02,4726.0
T10,2015-04-03,4954.0
T10,2015-04-04,5088.0
T10,2015-04-05,4938.0
T10,2015-04-06,5162.0
T10,2015-04-07,1157.0
T10,2015-04-08,1155.0
T10,2015-04-09,4495.0
T10,2015-04-10,4786.0
T10,2015-04-11,5188.0
T10,2015-04-12,5156.0
T10,2015-04-13,5382.0
T10,2015-04-14,2245.0
T10,2015-04-15,1630.0
T10,2015-04-16,4725.0
T10,2015-04-17,5159.0
T10,2015-04-18,5107.0
T10,2015-04-19,5322.0
T10,2015-04-20,6342.0
T10,2015-04-21,2003.0
T10,2015-04-22,1244.0
T10,2015-04-23,4534.0
T10,2015-04-24,5130.0
T10,2015-04-25,4745.0
T10,2015-04-26,5142.0
T10,2015-04-27,6398.0
T10,2015-04-28,1775.0
T10,2015-04-29,1460.0
T10,2015-04-30,5029.0
T10,2015-05-01,5029.0
T10,2015-05-02,5340.0
T10,2015-05-03,5216.0
T10,2015-05-04,6282.0
T10,2015-05-05,2230.0
T10,2015-05-06,1561.0
T10,2015-05-07,5137.0
T10,2015-05-08,5525.0
T10,2015-05-09,5218.0
T10,2015-05-10,5593.0
T10,2015-05-11,5749.0
T10,2015-05-12,1836.0
T10,2015-05-13,979.0
T10,2015-05-14,4786.0
T10,2015-05-15,5141.0
T10,2015-05-16,5234.0
T10,2015-05-17,5213.0
T10,2015-05-18,5391.0
T10,2015-05-19,2168.0
T10,2015-05-20,1662.0
T10,2015-05-21,1098.0
T10,2015-05-22,5100.0
T10,2015-05-23,5090.0
T10,2015-05-24,5397.0
T10,2015-05-25,5542.0
T10,2015-05-26,2041.0
T10,2015-05-27,1463.0
T10,2015-05-28,5198.0
T10,2015-05-29,5158.0
T10,2015-05-30,5491.0
T10,2015-05-31,5409.0
T10,2015-06-01,5438.0
T10,2015-06-02,1732.0
T10,2015-06-03,1032.0
T10,2015-06-04,5239.0
T10,2015-06-05,5309.0
T10,2015-06-06,5135.0
T10,2015-06-07,5348.0
T10,2015-06-08,5715.0
T10,2015-06-09,1823.0
T10,2015-06-10,1549.0
T10,2015-06-11,5044.0
T10,2015-06-12,5714.0
T10,2015-06-13,5344.0
T10,2015-06-14,5358.0
T10,2015-06-15,5896.0
T10,2015-06-16,1857.0
T10,2015-06-17,1537.0
T10,2015-06-18,4608.0
T10,2015-06-19,5190.0
T10,2015-06-20,5063.0
T10,2015-06-21,5331.0
T10,2015-06-22,5685.0
T10,2015-06-23,1722.0
T10,2015-06-24,661.0
T10,2015-06-25,4704.0
T10,2015-06-26,4975.0
T10,2015-06-27,4985.0
T10,2015-06-28,5312.0
T10,2015-06-29,5914.0
T10,2015-06-30,2242.0
T10,2015-07-01,1685.0
T10,2015-07-02,5167.0
T10,2015-07-03,5545.0
T10,2015-07-04,5461.0
T10,2015-07-05,5614.0
T10,2015-07-06,6417.0
T10,2015-07-07,3319.0
T10,2015-07-08,1621.0
T10,2015-07-09,5105.0
T10,2015-07-10,5481.0
T10,2015-07-11,5407.0
T10,2015-07-12,5854.0
T10,2015-07-13,6044.0
T10,2015-07-14,1803.0
T10,2015-07-15,1502.0
T10,2015-07-16,5124.0
T10,2015-07-17,5383.0
T10,2015-07-18,5372.0
T10,2015-07-19,5284.0
T10,2015-07-20,5855.0
T10,2015-07-21,1970.0
T10,2015-07-22,1280.0
T10,2015-07-23,5240.0
T10,2015-07-24,5571.0
T10,2015-07-25,5230.0
T10,2015-07-26,5515.0
T10,2015-07-27,6040.0
T10,2015-07-28,2058.0
T10,2015-07-29,1378.0
T10,2015-07-30,5171.0
T10,2015-07-31,5598.0
T10,2015-08-01,5500.0
T10,2015-08-02,5957.0
T10,2015-08-03,6436.0
T10,2015-08-04,2109.0
T10,2015-08-05,1220.0
T10,2015-08-06,5253.0
T10,2015-08-07,5654.0
T10,2015-08-08,5722.0
T10,2015-08-09,4870.0
T10,2015-08-10,6148.0
T10,2015-08-11,1701.0
T10,2015-08-12,2095.0
T10,2015-08-13,5248.0
T10,2015-08-14,5343.0
T10,2015-08-15,5277.0
T10,2015-08-16,5475.0
T10,2015-08-17,5990.0
T10,2015-08-18,1373.0
T10,2015-08-19,1112.0
T10,2015-08-20,3575.0
T10,2015-08-21,3806.0
T10,2015-08-22,4408.0
T10,2015-08-23,5462.0
T10,2015-08-24,5695.0
T10,2015-08-25,1163.0
T10,2015-08-26,1092.0
T10,2015-08-27,3781.0
T10,2015-08-28,5147.0
T10,2015-08-29,4367.0
T10,2015-08-30,4088.0
T10,2015-08-31,5823.0
T10,2015-09-01,1728.0
T10,2015-09-02,1080.0
T10,2015-09-03,4672.0
T10,2015-09-04,5337.0
T10,2015-09-05,5230.0
T10,2015-09-06,5355.0
T10,2015-09-07,5196.0
T10,2015-09-08,1634.0
T10,2015-09-09,1582.0
T10,2015-09-10,5120.0
T10,2015-09-11,5275.0
T10,2015-09-12,5412.0
T10,2015-09-13,5773.0
T10,2015-09-14,2135.0
T10,2015-09-15,1577.0
T10,2015-09-16,1166.0
T10,2015-09-17,4351.0
T10,2015-09-18,5417.0
T10,2015-09-19,3805.0
T10,2015-09-20,5394.0
T10,2015-09-21,5560.0
T10,2015-09-22,1478.0
T10,2015-09-23,1005.0
T10,2015-09-24,4728.0
T10,2015-09-25,5486.0
T10,2015-09-26,5548.0
T10,2015-09-27,5437.0
T10,2015-09-28,4886.0
T10,2015-09-29,2008.0
T10,2015-09-30,945.0
T10,2015-10-01,5053.0
T10,2015-10-02,5317.0
T10,2015-10-03,4782.0
T10,2015-10-04,5565.0
T10,2015-10-05,5595.0
T10,2015-10-06,2355.0
T10,2015-10-07,1242.0
T10,2015-10-08,4876.0
T10,2015-10-09,5284.0
T10,2015-10-10,5544.0
T10,2015-10-11,5744.0
T10,2015-10-12,5412.0
T10,2015-10-13,1471.0
T10,2015-10-14,889.0
T10,2015-10-15,3884.0
T10,2015-10-16,1251.0
T10,2015-10-17,5001.0
T10,2015-10-18,4920.0
T10,2015-10-19,4731.0
T10,2015-10-20,1557.0
T10,2015-10-21,1015.0
T10,2015-10-22,5041.0
T10,2015-10-23,4779.0
T10,2015-10-24,5100.0
T10,2015-10-25,5337.0
T10,2015-10-26,5384.0
T10,2015-10-27,1802.0
T10,2015-10-28,2735.0
T10,2015-10-29,4947.0
T10,2015-10-30,5549.0
T10,2015-10-31,5418.0
T10,2015-11-01,5477.0
T10,2015-11-02,5166.0
T10,2015-11-03,1516.0
T10,2015-11-04,989.0
T10,2015-11-05,4823.0
T10,2015-11-06,5475.0
T10,2015-11-07,5118.0
T10,2015-11-08,5197.0
T10,2015-11-09,4875.0
T10,2015-11-10,2000.0
T10,2015-11-11,1053.0
T10,2015-11-12,4995.0
T10,2015-11-13,4960.0
T10,2015-11-14,5195.0
T10,2015-11-15,5447.0
T10,2015-11-16,5881.0
T10,2015-11-17,1917.0
T10,2015-11-18,3521.0
T10,2015-11-19,4664.0
T10,2015-11-20,6569.0
T10,2015-11-21,5246.0
T10,2015-11-22,5341.0
T10,2015-11-23,5501.0
T10,2015-11-24,1660.0
T10,2015-11-25,1098.0
T10,2015-11-26,4972.0
T10,2015-11-27,5227.0
T10,2015-11-28,6048.0
T10,2015-11-29,5452.0
T10,2015-11-30,5152.0
T10,2015-12-01,1073.0
T10,2015-12-02,807.0
T10,2015-12-03,4384.0
T10,2015-12-04,4484.0
T10,2015-12-05,4781.0
T10,2015-12-06,2894.0
T10,2015-12-07,658.0
T10,2015-12-08,799.0
T10,2015-12-09,957.0
T10,2015-12-10,929.0
T10,2015-12-11,2910.0
T10,2015-12-12,3294.0
T10,2015-12-13,5510.0
T10,2015-12-14,1311.0
T10,2015-12-15,972.0
T10,2015-12-16,839.0
T10,2015-12-17,3491.0
T10,2015-12-18,3805.0
T10,2015-12-19,3811.0
T10,2015-12-20,3857.0
T10,2015-12-21,3856.0
T10,2015-12-22,1806.0
T10,2015-12-23,892.0
T10,2015-12-24,4067.0
T10,2015-12-25,4817.0
T10,2015-12-26,4485.0
T10,2015-12-27,4390.0
T10,2015-12-28,4474.0
T10,2015-12-29,1474.0
T10,2015-12-30,1063.0
T10,2015-12-31,5365.0
T10,2016-01-01,4985.0
T10,2016-01-02,5155.0
T10,2016-01-03,4752.0
T10,2016-01-04,4650.0
T10,2016-01-05,1417.0
T10,2016-01-06,973.0
T10,2016-01-07,3704.0
T10,2016-01-08,2927.0
T10,2016-01-09,4846.0
T10,2016-01-10,4714.0
T10,2016-01-11,5065.0
T10,2016-01-12,1440.0
T10,2016-01-13,887.0
T10,2016-01-14,5122.0
T10,2016-01-15,5834.0
T10,2016-01-16,5153.0
T10,2016-01-17,5557.0
T10,2016-01-18,6422.0
T10,2016-01-19,2672.0
T10,2016-01-20,1484.0
T10,2016-01-21,5483.0
T10,2016-01-22,5870.0
T10,2016-01-23,5591.0
T10,2016-01-24,6644.0
T10,2016-01-25,7645.0
T10,2016-01-26,6396.0
T10,2016-01-27,3795.0
T10,2016-01-28,5645.0
T10,2016-01-29,5205.0
T10,2016-01-30,5289.0
T10,2016-01-31,5448.0
T10,2016-02-01,5134.0
T10,2016-02-02,1723.0
T10,2016-02-03,1214.0
T10,2016-02-04,4555.0
T10,2016-02-05,4993.0
T10,2016-02-06,4830.0
T10,2016-02-07,4806.0
T10,2016-02-08,3911.0
T10,2016-02-09,1506.0
T10,2016-02-10,1029.0
T10,2016-02-11,4563.0
T10,2016-02-12,5432.0
T10,2016-02-13,5479.0
T10,2016-02-14,5484.0
T10,2016-02-15,6076.0
T10,2016-02-16,1383.0
T10,2016-02-17,1123.0
T10,2016-02-18,5003.0
T10,2016-02-19,5811.0
T10,2016-02-20,4326.0
T10,2016-02-21,5480.0
T10,2016-02-22,5559.0
T10,2016-02-23,1841.0
T10,2016-02-24,1290.0
T10,2016-02-25,1316.0
T10,2016-02-26,5416.0
T10,2016-02-27,5960.0
T10,2016-02-28,6141.0
T10,2016-02-29,4728.0
T10,2016-03-01,1594.0
T10,2016-03-02,2376.0
T10,2016-03-03,5336.0
T10,2016-03-04,5547.0
T10,2016-03-05,5982.0
T10,2016-03-06,4081.0
T10,2016-03-07,1269.0
T10,2016-03-08,1773.0
T10,2016-03-09,1351.0
T10,2016-03-10,2479.0
T10,2016-03-11,4765.0
T10,2016-03-12,5364.0
T10,2016-03-13,5556.0
T10,2016-03-14,3705.0
T10,2016-03-15,1871.0
T10,2016-03-16,3385.0
T10,2016-03-17,5464.0
T10,2016-03-18,5414.0
T10,2016-03-19,5595.0
T10,2016-03-20,5725.0
T10,2016-03-21,4001.0
T10,2016-03-22,1740.0
T10,2016-03-23,3589.0
T10,2016-03-24,5252.0
T10,2016-03-25,5427.0
T10,2016-03-26,5742.0
T10,2016-03-27,5743.0
T10,2016-03-28,3988.0
T10,2016-03-29,1977.0
T10,2016-03-30,3404.0
T10,2016-03-31,5814.0
T10,2016-04-01,5972.0
T10,2016-04-02,6037.0
T10,2016-04-03,5230.0
T10,2016-04-04,3546.0
T10,2016-04-05,1935.0
T10,2016-04-06,2111.0
T10,2016-04-07,3279.0
T10,2016-04-08,6048.0
T10,2016-04-09,5966.0
T10,2016-04-10,5713.0
T10,2016-04-11,4504.0
T10,2016-04-12,1657.0
T10,2016-04-13,2936.0
T10,2016-04-14,5739.0
T10,2016-04-15,5813.0
T10,2016-04-16,6115.0
T10,2016-04-17,5984.0
T10,2016-04-18,4053.0
T10,2016-04-19,1733.0
T10,2016-04-20,3632.0
T10,2016-04-21,5305.0
T10,2016-04-22,5789.0
T10,2016-04-23,7647.0
T10,2016-04-24,5811.0
T10,2016-04-25,3822.0
T10,2016-04-26,1809.0
T10,2016-04-27,3549.0
T10,2016-04-28,5388.0
T10,2016-04-29,5558.0
T10,2016-04-30,5671.0
T10,2016-05-01,5886.0
T10,2016-05-02,3960.0
T10,2016-05-03,2422.0
T10,2016-05-04,3644.0
T10,2016-05-05,5649.0
T10,2016-05-06,6085.0
T10,2016-05-07,4883.0
T10,2016-05-08,5695.0
T10,2016-05-09,3874.0
T10,2016-05-10,1811.0
T10,2016-05-11,3397.0
T10,2016-05-12,6214.0
T10,2016-05-13,6082.0
T10,2016-05-14,6010.0
T10,2016-05-15,6082.0
T10,2016-05-16,3670.0
T10,2016-05-17,1446.0
T10,2016-05-18,3356.0
T10,2016-05-19,5887.0
T10,2016-05-20,6285.0
T10,2016-05-21,5749.0
T10,2016-05-22,6085.0
T10,2016-05-23,3988.0
T10,2016-05-24,2235.0
T10,2016-05-25,1864.0
T10,2016-05-26,3114.0
T10,2016-05-27,5930.0
T10,2016-05-28,5811.0
T10,2016-05-29,5365.0
T10,2016-05-30,4079.0
T10,2016-05-31,2007.0
T10,2016-06-01,2425.0
T10,2016-06-02,5256.0
T10,2016-06-03,5647.0
T10,2016-06-04,5802.0
T10,2016-06-05,5121.0
T10,2016-06-06,3711.0
T10,2016-06-07,1894.0
T10,2016-06-08,2901.0
T10,2016-06-09,5222.0
T10,2016-06-10,5456.0
T10,2016-06-11,5839.0
T10,2016-06-12,5328.0
T10,2016-06-13,4237.0
T10,2016-06-14,1609.0
T10,2016-06-15,3051.0
T10,2016-06-16,4900.0
T10,2016-06-17,5081.0
T10,2016-06-18,5081.0
T10,2016-06-19,5457.0
T10,2016-06-20,4831.0
T10,2016-06-21,2433.0
T10,2016-06-22,3343.0
T10,2016-06-23,6009.0
T10,2016-06-24,5988.0
T10,2016-06-25,5797.0
T10,2016-06-26,5867.0
T10,2016-06-27,4342.0
T10,2016-06-28,1959.0
T10,2016-06-29,3437.0
T10,2016-06-30,5385.0
T10,2016-07-01,5812.0
T10,2016-07-02,5684.0
T10,2016-07-03,6074.0
T10,2016-07-04,4776.0
T10,2016-07-05,2015.0
T10,2016-07-06,3251.0
T10,2016-07-07,5562.0
T10,2016-07-08,5611.0
T10,2016-07-09,5897.0
T10,2016-07-10,6136.0
T10,2016-07-11,4331.0
T10,2016-07-12,2571.0
T10,2016-07-13,2975.0
T10,2016-07-14,5296.0
T10,2016-07-15,5924.0
T10,2016-07-16,5761.0
T10,2016-07-17,6023.0
T10,2016-07-18,4339.0
T10,2016-07-19,2134.0
T10,2016-07-20,3588.0
T10,2016-07-21,6072.0
T10,2016-07-22,5973.0
T10,2016-07-23,5806.0
T10,2016-07-24,6003.0
T10,2016-07-25,4691.0
T10,2016-07-26,2241.0
T10,2016-07-27,2951.0
T10,2016-07-28,5964.0
T10,2016-07-29,5829.0
T10,2016-07-30,6172.0
T10,2016-07-31,5681.0
T10,2016-08-01,3534.0
T10,2016-08-02,1718.0
T10,2016-08-03,3337.0
T10,2016-08-04,5071.0
T10,2016-08-05,5766.0
T10,2016-08-06,5647.0
T10,2016-08-07,5813.0
T10,2016-08-08,4524.0
T10,2016-08-09,2217.0
T10,2016-08-10,3526.0
T10,2016-08-11,5602.0
T10,2016-08-12,5613.0
T10,2016-08-13,5734.0
T10,2016-08-14,5892.0
T10,2016-08-15,4080.0
T10,2016-08-16,1557.0
T10,2016-08-17,3143.0
T10,2016-08-18,5533.0
T10,2016-08-19,5951.0
T10,2016-08-20,6326.0
T10,2016-08-21,5526.0
T10,2016-08-22,3366.0
T10,2016-08-23,1555.0
T10,2016-08-24,3006.0
T10,2016-08-25,4701.0
T10,2016-08-26,4936.0
T10,2016-08-27,5657.0
T10,2016-08-28,5416.0
T10,2016-08-29,3893.0
T10,2016-08-30,1478.0
T10,2016-08-31,2928.0
T10,2016-09-01,5442.0
T10,2016-09-02,5276.0
T10,2016-09-03,5303.0
T10,2016-09-04,5230.0
T10,2016-09-05,3457.0
T10,2016-09-06,1823.0
T10,2016-09-07,3369.0
T10,2016-09-08,5270.0
T10,2016-09-09,5605.0
T10,2016-09-10,6111.0
T10,2016-09-11,4215.0
T10,2016-09-12,1774.0
T10,2016-09-13,1329.0
T10,2016-09-14,3256.0
T10,2016-09-15,5009.0
T10,2016-09-16,5439.0
T10,2016-09-17,5960.0
T10,2016-09-18,5825.0
T10,2016-09-19,3238.0
T10,2016-09-20,1778.0
T10,2016-09-21,3665.0
T10,2016-09-22,5659.0
T10,2016-09-23,6522.0
T10,2016-09-24,5774.0
T10,2016-09-25,5651.0
T10,2016-09-26,3450.0
T10,2016-09-27,2137.0
T10,2016-09-28,3275.0
T10,2016-09-29,5280.0
T10,2016-09-30,5831.0
T10,2016-10-01,6003.0
T10,2016-10-02,6026.0
T10,2016-10-03,3247.0
T10,2016-10-04,1691.0
T10,2016-10-05,3206.0
T10,2016-10-06,5660.0
T10,2016-10-07,5427.0
T10,2016-10-08,5746.0
T10,2016-10-09,5637.0
T10,2016-10-10,3440.0
T10,2016-10-11,1473.0
T10,2016-10-12,2537.0
T10,2016-10-13,2723.0
T10,2016-10-14,3673.0
T10,2016-10-15,5345.0
T10,2016-10-16,5786.0
T10,2016-10-17,3096.0
T10,2016-10-18,1422.0
T10,2016-10-19,3426.0
T10,2016-10-20,5562.0
T10,2016-10-21,5399.0
T10,2016-10-22,5678.0
T10,2016-10-23,4948.0
T10,2016-10-24,3757.0
T10,2016-10-25,2042.0
T10,2016-10-26,3409.0
T10,2016-10-27,5511.0
T10,2016-10-28,5828.0
T10,2016-10-29,5900.0
T10,2016-10-30,5678.0
T10,2016-10-31,3033.0
T10,2016-11-01,1438.0
T10,2016-11-02,3521.0
T10,2016-11-03,5392.0
T10,2016-11-04,5676.0
T10,2016-11-05,5532.0
T10,2016-11-06,5645.0
T10,2016-11-07,3109.0
T10,2016-11-08,1727.0
T10,2016-11-09,3574.0
T10,2016-11-10,5693.0
T10,2016-11-11,5461.0
T10,2016-11-12,5221.0
T10,2016-11-13,5583.0
T10,2016-11-14,3560.0
T10,2016-11-15,1938.0
T10,2016-11-16,3118.0
T10,2016-11-17,5633.0
T10,2016-11-18,5983.0
T10,2016-11-19,5998.0
T10,2016-11-20,5788.0
T10,2016-11-21,5347.0
T10,2016-11-22,3174.0
T10,2016-11-23,3729.0
T10,2016-11-24,5946.0
T10,2016-11-25,5659.0
T10,2016-11-26,6928.0
T10,2016-11-27,6035.0
T10,2016-11-28,3731.0
T10,2016-11-29,1513.0
T10,2016-11-30,3453.0
T10,2016-12-01,5370.0
T10,2016-12-02,5648.0
T10,2016-12-03,5395.0
T10,2016-12-04,5309.0
T10,2016-12-05,2363.0
T10,2016-12-06,949.0
T10,2016-12-07,818.0
T10,2016-12-08,856.0
T10,2016-12-09,1698.0
T10,2016-12-10,2433.0
T10,2016-12-11,2775.0
T10,2016-12-12,1891.0
T10,2016-12-13,5206.0
T10,2016-12-14,1142.0
T10,2016-12-15,2382.0
T10,2016-12-16,3722.0
T10,2016-12-17,3902.0
T10,2016-12-18,4094.0
T10,2016-12-19,2558.0
T10,2016-12-20,1745.0
T10,2016-12-21,2953.0
T10,2016-12-22,4798.0
T10,2016-12-23,4764.0
T10,2016-12-24,5031.0
T10,2016-12-25,5799.0
T10,2016-12-26,2942.0
T10,2016-12-27,1336.0
T10,2016-12-28,3469.0
T10,2016-12-29,5250.0
T10,2016-12-30,5218.0
T10,2016-12-31,5661.0
T10,2017-01-01,5383.0
T10,2017-01-02,3166.0
T10,2017-01-03,1471.0
T10,2017-01-04,3347.0
T10,2017-01-05,5245.0
T10,2017-01-06,5595.0
T10,2017-01-07,2953.0
T10,2017-01-08,5517.0
T10,2017-01-09,2675.0
T10,2017-01-10,1448.0
T10,2017-01-11,3395.0
T10,2017-01-12,5379.0
T10,2017-01-13,5550.0
T10,2017-01-14,5057.0
T10,2017-01-15,5802.0
T10,2017-01-16,3250.0
T10,2017-01-17,1674.0
T10,2017-01-18,3328.0
T10,2017-01-19,5205.0
T10,2017-01-20,5931.0
T10,2017-01-21,5543.0
T10,2017-01-22,5847.0
T10,2017-01-23,3279.0
T10,2017-01-24,1380.0
T10,2017-01-25,3482.0
T10,2017-01-26,5574.0
T10,2017-01-27,6059.0
T10,2017-01-28,5943.0
T10,2017-01-29,5904.0
T10,2017-01-30,3538.0
T10,2017-01-31,1478.0
T10,2017-02-01,3462.0
T10,2017-02-02,5357.0
T10,2017-02-03,6071.0
T10,2017-02-04,5464.0
T10,2017-02-05,5837.0
T10,2017-02-06,2977.0
T10,2017-02-07,1655.0
T10,2017-02-08,3778.0
T10,2017-02-09,6055.0
T10,2017-02-10,5894.0
T10,2017-02-11,5832.0
T10,2017-02-12,5945.0
T10,2017-02-13,3246.0
T10,2017-02-14,1539.0
T10,2017-02-15,3721.0
T10,2017-02-16,5787.0
T10,2017-02-17,6090.0
T10,2017-02-18,5992.0
T10,2017-02-19,5965.0
T10,2017-02-20,5691.0
T10,2017-02-21,1565.0
T10,2017-02-22,1566.0
T10,2017-02-23,3838.0
T10,2017-02-24,5534.0
T10,2017-02-25,5619.0
T10,2017-02-26,5727.0
T10,2017-02-27,3719.0
T10,2017-02-28,5308.0
T10,2017-03-01,6710.0
T10,2017-03-02,5638.0
T10,2017-03-03,5977.0
T10,2017-03-04,5441.0
T10,2017-03-05,5822.0
T10,2017-03-06,3608.0
T10,2017-03-07,2221.0
T10,2017-03-08,3929.0
T10,2017-03-09,5937.0
T10,2017-03-10,5710.0
T10,2017-03-11,5904.0
T10,2017-03-12,6090.0
T10,2017-03-13,4240.0
T10,2017-03-14,1606.0
T10,2017-03-15,3719.0
T10,2017-03-16,5827.0
T10,2017-03-17,5898.0
T10,2017-03-18,5963.0
T10,2017-03-19,6184.0
T10,2017-03-20,3617.0
T10,2017-03-21,2169.0
T10,2017-03-22,3416.0
T10,2017-03-23,5870.0
T10,2017-03-24,5837.0
T10,2017-03-25,5864.0
T10,2017-03-26,3360.0
T10,2017-03-27,1845.0
T10,2017-03-28,1867.0
T10,2017-03-29,1403.0
T10,2017-03-30,3318.0
T10,2017-03-31,5478.0
T10,2017-04-01,6028.0
T10,2017-04-02,5257.0
T10,2017-04-03,3246.0
T10,2017-04-04,1856.0
T10,2017-04-05,3654.0
T10,2017-04-06,2610.0
T10,2017-04-07,3403.0
T10,2017-04-08,5609.0
T10,2017-04-09,6463.0
T10,2017-04-10,3548.0
T10,2017-04-11,1925.0
T10,2017-04-12,4068.0
T10,2017-04-13,5884.0
T10,2017-04-14,5828.0
T10,2017-04-15,6162.0
T10,2017-04-16,6171.0
T10,2017-04-17,3979.0
T10,2017-04-18,2065.0
T10,2017-04-19,3384.0
T10,2017-04-20,5897.0
T10,2017-04-21,6139.0
T10,2017-04-22,5861.0
T10,2017-04-23,6333.0
T10,2017-04-24,3726.0
T10,2017-04-25,1825.0
T10,2017-04-26,3681.0
T10,2017-04-27,5688.0
T10,2017-04-28,5697.0
T10,2017-04-29,5680.0
T10,2017-04-30,5805.0
T10,2017-05-01,3537.0
T10,2017-05-02,1901.0
T10,2017-05-03,3875.0
T10,2017-05-04,5747.0
T10,2017-05-05,7364.0
T10,2017-05-06,6035.0
T10,2017-05-07,5793.0
T10,2017-05-08,3548.0
T10,2017-05-09,1664.0
T10,2017-05-10,3773.0
T10,2017-05-11,5452.0
T10,2017-05-12,5756.0
T10,2017-05-13,6030.0
T10,2017-05-14,6085.0
T10,2017-05-15,3731.0
T10,2017-05-16,2131.0
T10,2017-05-17,3430.0
T10,2017-05-18,5631.0
T10,2017-05-19,5776.0
T10,2017-05-20,5881.0
T10,2017-05-21,5880.0
T10,2017-05-22,3322.0
T10,2017-05-23,1901.0
T10,2017-05-24,1438.0
T10,2017-05-25,3427.0
T10,2017-05-26,5868.0
T10,2017-05-27,5771.0
T10,2017-05-28,6007.0
T10,2017-05-29,3774.0
T10,2017-05-30,1411.0
T10,2017-05-31,3806.0
T10,2017-06-01,5851.0
T10,2017-06-02,5448.0
T10,2017-06-03,5638.0
T10,2017-06-04,6210.0
T10,2017-06-05,3382.0
T10,2017-06-06,1731.0
T10,2017-06-07,3612.0
T10,2017-06-08,5786.0
T10,2017-06-09,6052.0
T10,2017-06-10,5456.0
T10,2017-06-11,5514.0
T10,2017-06-12,4210.0
T10,2017-06-13,2731.0
T10,2017-06-14,4183.0
T10,2017-06-15,5720.0
T10,2017-06-16,5703.0
T10,2017-06-17,5701.0
T10,2017-06-18,5922.0
T10,2017-06-19,3452.0
T10,2017-06-20,2246.0
T10,2017-06-21,3553.0
T10,2017-06-22,5439.0
T10,2017-06-23,5782.0
T10,2017-06-24,5629.0
T10,2017-06-25,5537.0
T10,2017-06-26,4343.0
T10,2017-06-27,1395.0
T10,2017-06-28,3675.0
T10,2017-06-29,5600.0
T10,2017-06-30,5585.0
T10,2017-07-01,5439.0
T10,2017-07-02,5768.0
T10,2017-07-03,3339.0
T10,2017-07-04,1563.0
T10,2017-07-05,3478.0
T10,2017-07-06,5994.0
T10,2017-07-07,5638.0
T10,2017-07-08,5789.0
T10,2017-07-09,5868.0
T10,2017-07-10,3414.0
T10,2017-07-11,2381.0
T10,2017-07-12,3824.0
T10,2017-07-13,5675.0
T10,2017-07-14,5613.0
T10,2017-07-15,5587.0
T10,2017-07-16,5281.0
T10,2017-07-17,3187.0
T10,2017-07-18,1865.0
T10,2017-07-19,3652.0
T10,2017-07-20,5606.0
T10,2017-07-21,5630.0
T10,2017-07-22,5740.0
T10,2017-07-23,5909.0
T10,2017-07-24,3718.0
T10,2017-07-25,2015.0
T10,2017-07-26,3400.0
T10,2017-07-27,5571.0
T10,2017-07-28,5826.0
T10,2017-07-29,5784.0
T10,2017-07-30,5674.0
T10,2017-07-31,2921.0
T10,2017-08-01,2242.0
T10,2017-08-02,3314.0
T10,2017-08-03,5586.0
T10,2017-08-04,5615.0
T10,2017-08-05,5593.0
T10,2017-08-06,5674.0
T10,2017-08-07,4044.0
T10,2017-08-08,1523.0
T10,2017-08-09,3544.0
T10,2017-08-10,5124.0
T10,2017-08-11,5761.0
T10,2017-08-12,5614.0
T10,2017-08-13,6062.0
T10,2017-08-14,3423.0
T10,2017-08-15,1431.0
T10,2017-08-16,3182.0
T10,2017-08-17,5445.0
T10,2017-08-18,4997.0
T10,2017-08-19,5360.0
T10,2017-08-20,5340.0
T10,2017-08-21,2919.0
T10,2017-08-22,1284.0
T10,2017-08-23,3500.0
T10,2017-08-24,5543.0
T10,2017-08-25,5635.0
T10,2017-08-26,5586.0
T10,2017-08-27,6397.0
T10,2017-08-28,2906.0
T10,2017-08-29,1303.0
T10,2017-08-30,3635.0
T10,2017-08-31,5460.0
T10,2017-09-01,5790.0
T10,2017-09-02,5990.0
T10,2017-09-03,5784.0
T10,2017-09-04,3412.0
T10,2017-09-05,1397.0
T10,2017-09-06,3272.0
T10,2017-09-07,5445.0
T10,2017-09-08,5657.0
T10,2017-09-09,5843.0
T10,2017-09-10,3576.0
T10,2017-09-11,1657.0
T10,2017-09-12,2101.0
T10,2017-09-13,3482.0
T10,2017-09-14,5229.0
T10,2017-09-15,5533.0
T10,2017-09-16,5392.0
T10,2017-09-17,5095.0
T10,2017-09-18,2625.0
T10,2017-09-19,1596.0
T10,2017-09-20,3558.0
T10,2017-09-21,5105.0
T10,2017-09-22,5569.0
T10,2017-09-23,5989.0
T10,2017-09-24,5499.0
T10,2017-09-25,2500.0
T10,2017-09-26,1942.0
T10,2017-09-27,3771.0
T10,2017-09-28,5952.0
T10,2017-09-29,6145.0
T10,2017-09-30,5593.0
T10,2017-10-01,5290.0
T10,2017-10-02,2603.0
T10,2017-10-03,1311.0
T10,2017-10-04,3580.0
T10,2017-10-05,5554.0
T10,2017-10-06,5066.0
T10,2017-10-07,6111.0
T10,2017-10-08,5861.0
T10,2017-10-09,3266.0
T10,2017-10-10,1972.0
T10,2017-10-11,3463.0
T10,2017-10-12,5591.0
T10,2017-10-13,5306.0
T10,2017-10-14,5494.0
T10,2017-10-15,5359.0
T10,2017-10-16,2726.0
T10,2017-10-17,1352.0
T10,2017-10-18,2609.0
T10,2017-10-19,2693.0
T10,2017-10-20,3818.0
T10,2017-10-21,5475.0
T10,2017-10-22,5420.0
T10,2017-10-23,2772.0
T10,2017-10-24,1550.0
T10,2017-10-25,3984.0
T10,2017-10-26,5991.0
T10,2017-10-27,5509.0
T10,2017-10-28,5551.0
T10,2017-10-29,5510.0
T10,2017-10-30,2995.0
T10,2017-10-31,1592.0
T10,2017-11-01,3771.0
T10,2017-11-02,5897.0
T10,2017-11-03,5863.0
T10,2017-11-04,5665.0
T10,2017-11-05,5121.0
T10,2017-11-06,3123.0
T10,2017-11-07,1744.0
T10,2017-11-08,3416.0
T10,2017-11-09,5748.0
T10,2017-11-10,5952.0
T10,2017-11-11,5656.0
T10,2017-11-12,5115.0
T10,2017-11-13,2656.0
T10,2017-11-14,1212.0
T10,2017-11-15,3587.0
T10,2017-11-16,5401.0
T10,2017-11-17,6188.0
T10,2017-11-18,6421.0
T10,2017-11-19,5638.0
T10,2017-11-20,3816.0
T10,2017-11-21,1785.0
T10,2017-11-22,3637.0
T10,2017-11-23,5797.0
T10,2017-11-24,6252.0
T10,2017-11-25,6462.0
T10,2017-11-26,5702.0
T10,2017-11-27,3567.0
T10,2017-11-28,1615.0
T10,2017-11-29,3456.0
T10,2017-11-30,5000.0
T10,2017-12-01,5309.0
T10,2017-12-02,5610.0
T10,2017-12-03,5411.0
T10,2017-12-04,2606.0
T10,2017-12-05,1115.0
T10,2017-12-06,907.0
T10,2017-12-07,952.0
T10,2017-12-08,2004.0
T10,2017-12-09,2639.0
T10,2017-12-10,2829.0
T10,2017-12-11,2242.0
T10,2017-12-12,1182.0
T10,2017-12-13,4237.0
T10,2017-12-14,2775.0
T10,2017-12-15,3296.0
T10,2017-12-16,3471.0
T10,2017-12-17,3422.0
T10,2017-12-18,1990.0
T10,2017-12-19,861.0
T10,2017-12-20,2639.0
T10,2017-12-21,4656.0
T10,2017-12-22,4854.0
T10,2017-12-23,4765.0
T10,2017-12-24,4649.0
T10,2017-12-25,3174.0
T10,2017-12-26,1371.0
T10,2017-12-27,3301.0
T10,2017-12-28,5395.0
T10,2017-12-29,5527.0
T10,2017-12-30,5415.0
T10,2017-12-31,5269.0
T10,2018-01-01,2922.0
T10,2018-01-02,1299.0
T10,2018-01-03,3133.0
T10,2018-01-04,5823.0
T10,2018-01-05,5469.0
T10,2018-01-06,5534.0
T10,2018-01-07,2909.0
T10,2018-01-08,2278.0
T10,2018-01-09,1224.0
T10,2018-01-10,2536.0
T10,2018-01-11,4915.0
T10,2018-01-12,6441.0
T10,2018-01-13,5639.0
T10,2018-01-14,5638.0
T10,2018-01-15,2976.0
T10,2018-01-16,1335.0
T10,2018-01-17,3550.0
T10,2018-01-18,5804.0
T10,2018-01-19,5935.0
T10,2018-01-20,5357.0
T10,2018-01-21,5569.0
T10,2018-01-22,3070.0
T10,2018-01-23,1111.0
T10,2018-01-24,3422.0
T10,2018-01-25,5835.0
T10,2018-01-26,5560.0
T10,2018-01-27,5719.0
T10,2018-01-28,5081.0
T10,2018-01-29,3424.0
T10,2018-01-30,1430.0
T10,2018-01-31,3634.0
T10,2018-02-01,5029.0
T10,2018-02-02,5641.0
T10,2018-02-03,5413.0
T10,2018-02-04,5648.0
T10,2018-02-05,2855.0
T10,2018-02-06,1204.0
T10,2018-02-07,3714.0
T10,2018-02-08,6028.0
T10,2018-02-09,6142.0
T10,2018-02-10,5881.0
T10,2018-02-11,5687.0
T10,2018-02-12,3161.0
T10,2018-02-13,1448.0
T10,2018-02-14,3730.0
T10,2018-02-15,5725.0
T10,2018-02-16,6043.0
T10,2018-02-17,5980.0
T10,2018-02-18,6360.0
T10,2018-02-19,5116.0
T10,2018-02-20,3370.0
T10,2018-02-21,2653.0
T10,2018-02-22,5739.0
T10,2018-02-23,5634.0
T10,2018-02-24,5709.0
T10,2018-02-25,5785.0
T10,2018-02-26,3335.0
T10,2018-02-27,1730.0
T10,2018-02-28,4011.0
T10,2018-03-01,5163.0
T10,2018-03-02,5214.0
T10,2018-03-03,5783.0
T10,2018-03-04,6145.0
T10,2018-03-05,3873.0
T10,2018-03-06,1746.0
T10,2018-03-07,3772.0
T10,2018-03-08,5944.0
T10,2018-03-09,6218.0
T10,2018-03-10,5378.0
T10,2018-03-11,2756.0
T10,2018-03-12,1900.0
T10,2018-03-13,1614.0
T10,2018-03-14,1168.0
T10,2018-03-15,3444.0
T10,2018-03-16,5340.0
T10,2018-03-17,5515.0
T10,2018-03-18,5156.0
T10,2018-03-19,3156.0
T10,2018-03-20,1940.0
T10,2018-03-21,4044.0
T10,2018-03-22,5466.0
T10,2018-03-23,5502.0
T10,2018-03-24,5519.0
T10,2018-03-25,5957.0
T10,2018-03-26,3003.0
T10,2018-03-27,1699.0
T10,2018-03-28,3758.0
T10,2018-03-29,5896.0
T10,2018-03-30,6277.0
T10,2018-03-31,6202.0
T10,2018-04-01,6355.0
T10,2018-04-02,3368.0
T10,2018-04-03,2031.0
T10,2018-04-04,4193.0
T10,2018-04-05,5941.0
T10,2018-04-06,3306.0
T10,2018-04-07,3799.0
T10,2018-04-08,5796.0
T10,2018-04-09,3828.0
T10,2018-04-10,1734.0
T10,2018-04-11,4040.0
T10,2018-04-12,5968.0
T10,2018-04-13,6071.0
T10,2018-04-14,6010.0
T10,2018-04-15,5885.0
T10,2018-04-16,3117.0
T10,2018-04-17,1696.0
T10,2018-04-18,4120.0
T10,2018-04-19,5833.0
T10,2018-04-20,6159.0
T10,2018-04-21,6044.0
T10,2018-04-22,5002.0
T10,2018-04-23,2754.0
T10,2018-04-24,1640.0
T10,2018-04-25,3865.0
T10,2018-04-26,5749.0
T10,2018-04-27,5833.0
T10,2018-04-28,5984.0
T10,2018-04-29,6029.0
T10,2018-04-30,3233.0
T10,2018-05-01,2058.0
T10,2018-05-02,3663.0
T10,2018-05-03,5728.0
T10,2018-05-04,5719.0
T10,2018-05-05,6019.0
T10,2018-05-06,6016.0
T10,2018-05-07,3862.0
T10,2018-05-08,1609.0
T10,2018-05-09,3895.0
T10,2018-05-10,6005.0
T10,2018-05-11,6021.0
T10,2018-05-12,5730.0
T10,2018-05-13,5845.0
T10,2018-05-14,3093.0
T10,2018-05-15,1503.0
T10,2018-05-16,3809.0
T10,2018-05-17,5730.0
T10,2018-05-18,6020.0
T10,2018-05-19,6144.0
T10,2018-05-20,5357.0
T10,2018-05-21,3097.0
T10,2018-05-22,2014.0
T10,2018-05-23,1215.0
T10,2018-05-24,3848.0
T10,2018-05-25,5881.0
T10,2018-05-26,5849.0
T10,2018-05-27,6014.0
T10,2018-05-28,3123.0
T10,2018-05-29,1050.0
T10,2018-05-30,3689.0
T10,2018-05-31,5993.0
T10,2018-06-01,6068.0
T10,2018-06-02,6083.0
T10,2018-06-03,6119.0
T10,2018-06-04,3227.0
T10,2018-06-05,1555.0
T10,2018-06-06,3666.0
T10,2018-06-07,5901.0
T10,2018-06-08,6255.0
T10,2018-06-09,6056.0
T10,2018-06-10,6943.0
T10,2018-06-11,4347.0
T10,2018-06-12,2548.0
T10,2018-06-13,4984.0
T10,2018-06-14,6134.0
T10,2018-06-15,6254.0
T10,2018-06-16,5779.0
T10,2018-06-17,5857.0
T10,2018-06-18,3134.0
T10,2018-06-19,1777.0
T10,2018-06-20,3622.0
T10,2018-06-21,5559.0
T10,2018-06-22,6021.0
T10,2018-06-23,5719.0
T10,2018-06-24,5802.0
T10,2018-06-25,4076.0
T10,2018-06-26,1705.0
T10,2018-06-27,4020.0
T10,2018-06-28,6215.0
T10,2018-06-29,6369.0
T10,2018-06-30,6371.0
T10,2018-07-01,6105.0
T10,2018-07-02,4030.0
T10,2018-07-03,1963.0
T10,2018-07-04,4017.0
T10,2018-07-05,6092.0
T10,2018-07-06,5856.0
T10,2018-07-07,6266.0
T10,2018-07-08,6291.0
T10,2018-07-09,4499.0
T10,2018-07-10,1575.0
T10,2018-07-11,3800.0
T10,2018-07-12,6149.0
T10,2018-07-13,6173.0
T10,2018-07-14,6221.0
T10,2018-07-15,6267.0
T10,2018-07-16,3205.0
T10,2018-07-17,1825.0
T10,2018-07-18,3793.0
T10,2018-07-19,6050.0
T10,2018-07-20,6242.0
T10,2018-07-21,6070.0
T10,2018-07-22,6492.0
T10,2018-07-23,3934.0
T10,2018-07-24,1799.0
T10,2018-07-25,3768.0
T10,2018-07-26,5995.0
T10,2018-07-27,6212.0
T10,2018-07-28,6000.0
T10,2018-07-29,6093.0
T10,2018-07-30,3234.0
T10,2018-07-31,1697.0
T10,2018-08-01,3809.0
T10,2018-08-02,5992.0
T10,2018-08-03,5740.0
T10,2018-08-04,5720.0
T10,2018-08-05,5982.0
T10,2018-08-06,3340.0
T10,2018-08-07,1666.0
T10,2018-08-08,4071.0
T10,2018-08-09,6056.0
T10,2018-08-10,6071.0
T10,2018-08-11,6012.0
T10,2018-08-12,6161.0
T10,2018-08-13,3521.0
T10,2018-08-14,1215.0
T10,2018-08-15,3728.0
T10,2018-08-16,5854.0
T10,2018-08-17,6030.0
T10,2018-08-18,5336.0
T10,2018-08-19,5808.0
T10,2018-08-20,2948.0
T10,2018-08-21,1312.0
T10,2018-08-22,3735.0
T10,2018-08-23,6295.0
T10,2018-08-24,6217.0
T10,2018-08-25,6121.0
T10,2018-08-26,6162.0
T10,2018-08-27,3122.0
T10,2018-08-28,1231.0
T10,2018-08-29,3855.0
T10,2018-08-30,6299.0
T10,2018-08-31,6141.0
T10,2018-09-01,6027.0
T10,2018-09-02,5913.0
T10,2018-09-03,2872.0
T10,2018-09-04,1590.0
T10,2018-09-05,3774.0
T10,2018-09-06,5224.0
T10,2018-09-07,5715.0
T10,2018-09-08,6392.0
T10,2018-09-09,4622.0
T10,2018-09-10,1541.0
T10,2018-09-11,1261.0
T10,2018-09-12,3841.0
T10,2018-09-13,5718.0
T10,2018-09-14,5345.0
T10,2018-09-15,5400.0
T10,2018-09-16,5722.0
T10,2018-09-17,3365.0
T10,2018-09-18,1557.0
T10,2018-09-19,3983.0
T10,2018-09-20,5779.0
T10,2018-09-21,6021.0
T10,2018-09-22,5650.0
T10,2018-09-23,5873.0
T10,2018-09-24,3160.0
T10,2018-09-25,1561.0
T10,2018-09-26,3836.0
T10,2018-09-27,5989.0
T10,2018-09-28,5957.0
T10,2018-09-29,5715.0
T10,2018-09-30,5798.0
T10,2018-10-01,2683.0
T10,2018-10-02,1900.0
T10,2018-10-03,4046.0
T10,2018-10-04,5706.0
T10,2018-10-05,5750.0
T10,2018-10-06,5947.0
T10,2018-10-07,5806.0
T10,2018-10-08,4713.0
T10,2018-10-09,1227.0
T10,2018-10-10,3670.0
T10,2018-10-11,5891.0
T10,2018-10-12,5962.0
T10,2018-10-13,5517.0
T10,2018-10-14,6689.0
T10,2018-10-15,2745.0
T10,2018-10-16,1329.0
T10,2018-10-17,2752.0
T10,2018-10-18,2161.0
T10,2018-10-19,3613.0
T10,2018-10-20,5645.0
T10,2018-10-21,5266.0
T10,2018-10-22,2950.0
T10,2018-10-23,3059.0
T10,2018-10-24,3561.0
T10,2018-10-25,5220.0
T10,2018-10-26,5841.0
T10,2018-10-27,5596.0
T10,2018-10-28,6111.0
T10,2018-10-29,3674.0
T10,2018-10-30,1900.0
T10,2018-10-31,4084.0
T10,2018-11-01,5545.0
T10,2018-11-02,5480.0
T10,2018-11-03,6020.0
T10,2018-11-04,5969.0
T10,2018-11-05,3011.0
T10,2018-11-06,1434.0
T10,2018-11-07,3734.0
T10,2018-11-08,5481.0
T10,2018-11-09,5465.0
T10,2018-11-10,5232.0
T10,2018-11-11,5517.0
T10,2018-11-12,3365.0
T10,2018-11-13,1526.0
T10,2018-11-14,3705.0
T10,2018-11-15,5073.0
T10,2018-11-16,6040.0
T10,2018-11-17,6535.0
T10,2018-11-18,5987.0
T10,2018-11-19,3207.0
T10,2018-11-20,1592.0
T10,2018-11-21,3423.0
T10,2018-11-22,5592.0
T10,2018-11-23,6477.0
T10,2018-11-24,6585.0
T10,2018-11-25,5295.0
T10,2018-11-26,3224.0
T10,2018-11-27,1397.0
T10,2018-11-28,3321.0
T10,2018-11-29,5466.0
T10,2018-11-30,5548.0
T10,2018-12-01,5124.0
T10,2018-12-02,5468.0
T10,2018-12-03,2719.0
T10,2018-12-04,1280.0
T10,2018-12-05,1869.0
T10,2018-12-06,1342.0
T10,2018-12-07,769.0
T10,2018-12-08,1752.0
T10,2018-12-09,2363.0
T10,2018-12-10,1823.0
T10,2018-12-11,1248.0
T10,2018-12-12,1906.0
T10,2018-12-13,5079.0
T10,2018-12-14,2010.0
T10,2018-12-15,2927.0
T10,2018-12-16,2928.0
T10,2018-12-17,1794.0
T10,2018-12-18,1199.0
T10,2018-12-19,2721.0
T10,2018-12-20,4725.0
T10,2018-12-21,4373.0
T10,2018-12-22,4814.0
T10,2018-12-23,4896.0
T10,2018-12-24,2623.0
T10,2018-12-25,1277.0
T10,2018-12-26,3296.0
T10,2018-12-27,5021.0
T10,2018-12-28,5318.0
T10,2018-12-29,5042.0
T10,2018-12-30,5398.0
T10,2018-12-31,3103.0
T10,2019-01-01,1893.0
T10,2019-01-02,3507.0
T10,2019-01-03,5626.0
T10,2019-01-04,5417.0
T10,2019-01-05,5665.0
T10,2019-01-06,4932.0
T10,2019-01-07,2703.0
T10,2019-01-08,2970.0
T10,2019-01-09,1096.0
T10,2019-01-10,3697.0
T10,2019-01-11,5695.0
T10,2019-01-12,5809.0
T10,2019-01-13,5979.0
T10,2019-01-14,2954.0
T10,2019-01-15,1340.0
T10,2019-01-16,3230.0
T10,2019-01-17,5223.0
T10,2019-01-18,5955.0
T10,2019-01-19,6026.0
T10,2019-01-20,5634.0
T10,2019-01-21,3321.0
T10,2019-01-22,1868.0
T10,2019-01-23,3640.0
T10,2019-01-24,5841.0
T10,2019-01-25,5788.0
T10,2019-01-26,6283.0
T10,2019-01-27,6143.0
T10,2019-01-28,3147.0
T10,2019-01-29,1891.0
T10,2019-01-30,3685.0
T10,2019-01-31,5924.0
T10,2019-02-01,6053.0
T10,2019-02-02,5820.0
T10,2019-02-03,5118.0
T10,2019-02-04,3352.0
T10,2019-02-05,2063.0
T10,2019-02-06,4111.0
T10,2019-02-07,5641.0
T10,2019-02-08,6224.0
T10,2019-02-09,6043.0
T10,2019-02-10,5815.0
T10,2019-02-11,3109.0
T10,2019-02-12,1362.0
T10,2019-02-13,3623.0
T10,2019-02-14,5635.0
T10,2019-02-15,6073.0
T10,2019-02-16,5981.0
T10,2019-02-17,5406.0
T10,2019-02-18,2760.0
T10,2019-02-19,1492.0
T10,2019-02-20,1471.0
T10,2019-02-21,3758.0
T10,2019-02-22,5260.0
T10,2019-02-23,5848.0
T10,2019-02-24,5960.0
T10,2019-02-25,3172.0
T10,2019-02-26,1818.0
T10,2019-02-27,4161.0
T10,2019-02-28,5460.0
T10,2019-03-01,5118.0
T10,2019-03-02,5402.0
T10,2019-03-03,6001.0
T10,2019-03-04,2852.0
T10,2019-03-05,1808.0
T10,2019-03-06,4221.0
T10,2019-03-07,5664.0
T10,2019-03-08,5903.0
T10,2019-03-09,5997.0
T10,2019-03-10,6126.0
T10,2019-03-11,2675.0
T10,2019-03-12,1775.0
T10,2019-03-13,4035.0
T10,2019-03-14,6074.0
T10,2019-03-15,6243.0
T10,2019-03-16,6489.0
T10,2019-03-17,6608.0
T10,2019-03-18,3749.0
T10,2019-03-19,5184.0
T10,2019-03-20,4343.0
T10,2019-03-21,6009.0
T10,2019-03-22,5964.0
T10,2019-03-23,6022.0
T10,2019-03-24,6143.0
T10,2019-03-25,3164.0
T10,2019-03-26,1778.0
T10,2019-03-27,4359.0
T10,2019-03-28,5890.0
T10,2019-03-29,6183.0
T10,2019-03-30,5707.0
T10,2019-03-31,3091.0
T10,2019-04-01,2034.0
T10,2019-04-02,2093.0
T10,2019-04-03,1152.0
T10,2019-04-04,2814.0
T10,2019-04-05,4600.0
T10,2019-04-06,2634.0
T10,2019-04-07,3031.0
T10,2019-04-08,2419.0
T10,2019-04-09,1342.0
T10,2019-04-10,3764.0
T10,2019-04-11,6178.0
T10,2019-04-12,6095.0
T10,2019-04-13,5981.0
T10,2019-04-14,6222.0
T10,2019-04-15,3596.0
T10,2019-04-16,2003.0
T10,2019-04-17,4127.0
T10,2019-04-18,6507.0
T10,2019-04-19,6486.0
T10,2019-04-20,6443.0
T10,2019-04-21,5757.0
T10,2019-04-22,2959.0
T10,2019-04-23,1575.0
T10,2019-04-24,4029.0
T10,2019-04-25,6285.0
T10,2019-04-26,6282.0
T10,2019-04-27,6338.0
T10,2019-04-28,6423.0
T10,2019-04-29,3309.0
T10,2019-04-30,1819.0
T10,2019-05-01,4066.0
T10,2019-05-02,6179.0
T10,2019-05-03,7710.0
T10,2019-05-04,6620.0
T10,2019-05-05,5992.0
T10,2019-05-06,3213.0
T10,2019-05-07,1558.0
T10,2019-05-08,3923.0
T10,2019-05-09,6218.0
T10,2019-05-10,5962.0
T10,2019-05-11,6073.0
T10,2019-05-12,5859.0
T10,2019-05-13,3380.0
T10,2019-05-14,1166.0
T10,2019-05-15,3016.0
T10,2019-05-16,5639.0
T10,2019-05-17,6306.0
T10,2019-05-18,6454.0
T10,2019-05-19,6217.0
T10,2019-05-20,3305.0
T10,2019-05-21,1530.0
T10,2019-05-22,1362.0
T10,2019-05-23,4206.0
T10,2019-05-24,5695.0
T10,2019-05-25,6209.0
T10,2019-05-26,6284.0
T10,2019-05-27,3804.0
T10,2019-05-28,1937.0
T10,2019-05-29,3776.0
T10,2019-05-30,6334.0
T10,2019-05-31,6192.0
T10,2019-06-01,5861.0
T10,2019-06-02,6079.0
T10,2019-06-03,3140.0
T10,2019-06-04,1567.0
T10,2019-06-05,4289.0
T10,2019-06-06,6182.0
T10,2019-06-07,6487.0
T10,2019-06-08,6582.0
T10,2019-06-09,7032.0
T10,2019-06-10,4880.0
T10,2019-06-11,2591.0
T10,2019-06-12,5875.0
T10,2019-06-13,6236.0
T10,2019-06-14,6237.0
T10,2019-06-15,6208.0
T10,2019-06-16,6270.0
T10,2019-06-17,3324.0
T10,2019-06-18,1878.0
T10,2019-06-19,3607.0
T10,2019-06-20,6088.0
T10,2019-06-21,5966.0
T10,2019-06-22,5870.0
T10,2019-06-23,5705.0
T10,2019-06-24,3007.0
T10,2019-06-25,1872.0
T10,2019-06-26,3881.0
T10,2019-06-27,6135.0
T10,2019-06-28,6339.0
T10,2019-06-29,6516.0
T10,2019-06-30,6553.0
T10,2019-07-01,3473.0
T10,2019-07-02,1578.0
T10,2019-07-03,4439.0
T10,2019-07-04,6556.0
T10,2019-07-05,6336.0
T10,2019-07-06,6713.0
T10,2019-07-07,6435.0
T10,2019-07-08,2913.0
T10,2019-07-09,1955.0
T10,2019-07-10,4216.0
T10,2019-07-11,6282.0
T10,2019-07-12,6521.0
T10,2019-07-13,6346.0
T10,2019-07-14,6442.0
T10,2019-07-15,4322.0
T10,2019-07-16,1802.0
T10,2019-07-17,4184.0
T10,2019-07-18,6565.0
T10,2019-07-19,6587.0
T10,2019-07-20,6429.0
T10,2019-07-21,5913.0
T10,2019-07-22,2967.0
T10,2019-07-23,1771.0
T10,2019-07-24,3966.0
T10,2019-07-25,5815.0
T10,2019-07-26,6488.0
T10,2019-07-27,6805.0
T10,2019-07-28,6439.0
T10,2019-07-29,3247.0
T10,2019-07-30,1778.0
T10,2019-07-31,4368.0
T10,2019-08-01,6465.0
T10,2019-08-02,6552.0
T10,2019-08-03,6851.0
T10,2019-08-04,7870.0
T10,2019-08-05,4023.0
T10,2019-08-06,1994.0
T10,2019-08-07,3866.0
T10,2019-08-08,6183.0
T10,2019-08-09,5990.0
T10,2019-08-10,6278.0
T10,2019-08-11,5410.0
T10,2019-08-12,3318.0
T10,2019-08-13,1327.0
T10,2019-08-14,3969.0
T10,2019-08-15,6296.0
T10,2019-08-16,6457.0
T10,2019-08-17,6576.0
T10,2019-08-18,6525.0
T10,2019-08-19,3191.0
T10,2019-08-20,1171.0
T10,2019-08-21,3651.0
T10,2019-08-22,5926.0
T10,2019-08-23,6151.0
T10,2019-08-24,6083.0
T10,2019-08-25,5795.0
T10,2019-08-26,3144.0
T10,2019-08-27,1105.0
T10,2019-08-28,3620.0
T10,2019-08-29,5735.0
T10,2019-08-30,5749.0
T10,2019-08-31,6075.0
T10,2019-09-01,5820.0
T10,2019-09-02,2889.0
T10,2019-09-03,1141.0
T10,2019-09-04,3907.0
T10,2019-09-05,5984.0
T10,2019-09-06,6010.0
T10,2019-09-07,6476.0
T10,2019-09-08,3692.0
T10,2019-09-09,1511.0
T10,2019-09-10,997.0
T10,2019-09-11,3341.0
T10,2019-09-12,5654.0
T10,2019-09-13,6438.0
T10,2019-09-14,6503.0
T10,2019-09-15,5471.0
T10,2019-09-16,3790.0
T10,2019-09-17,2251.0
T10,2019-09-18,4609.0
T10,2019-09-19,5532.0
T10,2019-09-20,5980.0
T10,2019-09-21,5784.0
T10,2019-09-22,5654.0
T10,2019-09-23,2679.0
T10,2019-09-24,1931.0
T10,2019-09-25,4110.0
T10,2019-09-26,5687.0
T10,2019-09-27,6100.0
T10,2019-09-28,5920.0
T10,2019-09-29,5713.0
T10,2019-09-30,3031.0
T10,2019-10-01,1142.0
T10,2019-10-02,3575.0
T10,2019-10-03,5803.0
T10,2019-10-04,6254.0
T10,2019-10-05,6329.0
T10,2019-10-06,5466.0
T10,2019-10-07,2721.0
T10,2019-10-08,1250.0
T10,2019-10-09,4028.0
T10,2019-10-10,6081.0
T10,2019-10-11,5904.0
T10,2019-10-12,6157.0
T10,2019-10-13,5766.0
T10,2019-10-14,2487.0
T10,2019-10-15,1537.0
T10,2019-10-16,2465.0
T10,2019-10-17,2641.0
T10,2019-10-18,3947.0
T10,2019-10-19,5077.0
T10,2019-10-20,5872.0
T10,2019-10-21,3133.0
T10,2019-10-22,1929.0
T10,2019-10-23,4275.0
T10,2019-10-24,5952.0
T10,2019-10-25,6169.0
T10,2019-10-26,6144.0
T10,2019-10-27,5594.0
T10,2019-10-28,4376.0
T10,2019-10-29,1259.0
T10,2019-10-30,4018.0
T10,2019-10-31,6190.0
T10,2019-11-01,6455.0
T10,2019-11-02,6134.0
T10,2019-11-03,6227.0
T10,2019-11-04,4129.0
T10,2019-11-05,1925.0
T10,2019-11-06,4587.0
T10,2019-11-07,5624.0
T10,2019-11-08,6291.0
T10,2019-11-09,6425.0
T10,2019-11-10,5863.0
T10,2019-11-11,3492.0
T10,2019-11-12,1917.0
T10,2019-11-13,3305.0
T10,2019-11-14,5154.0
T10,2019-11-15,5506.0
T10,2019-11-16,5805.0
T10,2019-11-17,5159.0
T10,2019-11-18,3128.0
T10,2019-11-19,1517.0
T10,2019-11-20,3988.0
T10,2019-11-21,6117.0
T10,2019-11-22,6364.0
T10,2019-11-23,6016.0
T10,2019-11-24,6259.0
T10,2019-11-25,3535.0
T10,2019-11-26,1381.0
T10,2019-11-27,3883.0
T10,2019-11-28,6504.0
T10,2019-11-29,6709.0
T10,2019-11-30,7170.0
T10,2019-12-01,6006.0
T10,2019-12-02,3158.0
T10,2019-12-03,1154.0
T10,2019-12-04,2358.0
T10,2019-12-05,3330.0
T10,2019-12-06,1541.0
T10,2019-12-07,820.0
T10,2019-12-08,1787.0
T10,2019-12-09,1678.0
T10,2019-12-10,1070.0
T10,2019-12-11,1991.0
T10,2019-12-12,2582.0
T10,2019-12-13,4869.0
T10,2019-12-14,2134.0
T10,2019-12-15,3113.0
T10,2019-12-16,1830.0
T10,2019-12-17,840.0
T10,2019-12-18,3059.0
T10,2019-12-19,4838.0
T10,2019-12-20,4649.0
T10,2019-12-21,5404.0
T10,2019-12-22,4791.0
T10,2019-12-23,2541.0
T10,2019-12-24,1019.0
T10,2019-12-25,3603.0
T10,2019-12-26,5656.0
T10,2019-12-27,5537.0
T10,2019-12-28,5225.0
T10,2019-12-29,5218.0
T10,2019-12-30,3177.0
T10,2019-12-31,1031.0
T10,2020-01-01,3120.0
T10,2020-01-02,5390.0
T10,2020-01-03,6099.0
T10,2020-01-04,4468.0
T10,2020-01-05,5414.0
T10,2020-01-06,2954.0
T10,2020-01-07,1214.0
T10,2020-01-08,1693.0
T10,2020-01-09,4070.0
T10,2020-01-10,6161.0
T10,2020-01-11,6452.0
T10,2020-01-12,5496.0
T10,2020-01-13,2885.0
T10,2020-01-14,1218.0
T10,2020-01-15,3843.0
T10,2020-01-16,6421.0
T10,2020-01-17,6558.0
T10,2020-01-18,6563.0
T10,2020-01-19,5837.0
T10,2020-01-20,2691.0
T10,2020-01-21,1195.0
T10,2020-01-22,3686.0
T10,2020-01-23,6095.0
T10,2020-01-24,6412.0
T10,2020-01-25,6452.0
T10,2020-01-26,6136.0
T10,2020-01-27,3114.0
T10,2020-01-28,1233.0
T10,2020-01-29,4241.0
T10,2020-01-30,6342.0
T10,2020-01-31,6215.0
T10,2020-02-01,6087.0
T10,2020-02-02,6296.0
T10,2020-02-03,3320.0
T10,2020-02-04,1451.0
T10,2020-02-05,3927.0
T10,2020-02-06,6582.0
T10,2020-02-07,6180.0
T10,2020-02-08,6138.0
T10,2020-02-09,5909.0
T10,2020-02-10,3835.0
T10,2020-02-11,1797.0
T10,2020-02-12,3783.0
T10,2020-02-13,4968.0
T10,2020-02-14,4960.0
T10,2020-02-15,5006.0
T10,2020-02-16,5686.0
T10,2020-02-17,2290.0
T10,2020-02-18,1536.0
T10,2020-02-19,1168.0
T10,2020-02-20,4291.0
T10,2020-02-21,5654.0
T10,2020-02-22,5646.0
T10,2020-02-23,5081.0
T10,2020-02-24,2618.0
T10,2020-02-25,1078.0
T10,2020-02-26,3107.0
T10,2020-02-27,4304.0
T10,2020-02-28,3162.0
T10,2020-02-29,3007.0
T10,2020-03-01,2947.0
T10,2020-03-02,1500.0
T10,2020-03-03,761.0
T10,2020-03-04,1497.0
T10,2020-03-05,1717.0
T10,2020-03-06,1308.0
T10,2020-03-07,1233.0
T10,2020-03-08,1197.0
T10,2020-03-09,801.0
T10,2020-03-10,500.0
T10,2020-03-11,729.0
T10,2020-03-12,983.0
T10,2020-03-13,894.0
T10,2020-03-14,910.0
T10,2020-03-15,777.0
T10,2020-03-16,595.0
T10,2020-03-17,405.0
T10,2020-03-18,721.0
T10,2020-03-19,707.0
T10,2020-03-20,722.0
T10,2020-03-21,834.0
T10,2020-03-22,675.0
T10,2020-03-23,445.0
T10,2020-03-24,330.0
T10,2020-03-25,426.0
T10,2020-03-26,701.0
T10,2020-03-27,757.0
T10,2020-03-28,794.0
T10,2020-03-29,685.0
T10,2020-03-30,649.0
T10,2020-03-31,498.0
T10,2020-04-01,637.0
T10,2020-04-02,823.0
T10,2020-04-03,760.0
T10,2020-04-04,888.0
T10,2020-04-05,867.0
T10,2020-04-06,714.0
T10,2020-04-07,457.0
T10,2020-04-08,682.0
T10,2020-04-09,840.0
T10,2020-04-10,714.0
T10,2020-04-11,739.0
T10,2020-04-12,308.0
T11,2009-05-01,3864.0
T11,2009-05-02,5913.0
T11,2009-05-03,11457.0
T11,2009-05-04,1063.0
T11,2009-05-05,1756.0
T11,2009-05-06,2325.0
T11,2009-05-07,1370.0
T11,2009-05-08,2318.0
T11,2009-05-09,4337.0
T11,2009-05-10,11733.0
T11,2009-05-11,1462.0
T11,2009-05-12,1529.0
T11,2009-05-13,1615.0
T11,2009-05-14,1526.0
T11,2009-05-15,2638.0
T11,2009-05-16,3480.0
T11,2009-05-17,8956.0
T11,2009-05-18,1312.0
T11,2009-05-19,1879.0
T11,2009-05-20,2134.0
T11,2009-05-21,1602.0
T11,2009-05-22,4098.0
T11,2009-05-23,6766.0
T11,2009-05-24,8522.0
T11,2009-05-25,831.0
T11,2009-05-26,1306.0
T11,2009-05-27,1360.0
T11,2009-05-28,1338.0
T11,2009-05-29,2964.0
T11,2009-05-30,8917.0
T11,2009-05-31,9870.0
T11,2009-06-01,1077.0
T11,2009-06-02,1407.0
T11,2009-06-03,2638.0
T11,2009-06-04,2534.0
T11,2009-06-05,4108.0
T11,2009-06-06,5194.0
T11,2009-06-07,10000.0
T11,2009-06-08,2902.0
T11,2009-06-09,598.0
T11,2009-06-10,877.0
T11,2009-06-11,2009.0
T11,2009-06-12,2936.0
T11,2009-06-13,5280.0
T11,2009-06-14,6623.0
T11,2009-06-15,1217.0
T11,2009-06-16,1060.0
T11,2009-06-17,958.0
T11,2009-06-18,1148.0
T11,2009-06-19,2177.0
T11,2009-06-20,3018.0
T11,2009-06-21,3628.0
T11,2009-06-22,1310.0
T11,2009-06-23,855.0
T11,2009-06-24,1141.0
T11,2009-06-25,1424.0
T11,2009-06-26,2031.0
T11,2009-06-27,3293.0
T11,2009-06-28,6234.0
T11,2009-06-29,1546.0
T11,2009-06-30,817.0
T11,2009-07-01,1171.0
T11,2009-07-02,653.0
T11,2009-07-03,805.0
T11,2009-07-04,2184.0
T11,2009-07-05,4058.0
T11,2009-07-06,1086.0
T11,2009-07-07,2181.0
T11,2009-07-08,2138.0
T11,2009-07-09,2265.0
T11,2009-07-10,2341.0
T11,2009-07-11,1413.0
T11,2009-07-12,4925.0
T11,2009-07-13,922.0
T11,2009-07-14,1096.0
T11,2009-07-15,1305.0
T11,2009-07-16,1382.0
T11,2009-07-17,2431.0
T11,2009-07-18,2248.0
T11,2009-07-19,7470.0
T11,2009-07-20,1027.0
T11,2009-07-21,1014.0
T11,2009-07-22,604.0
T11,2009-07-23,912.0
T11,2009-07-24,1458.0
T11,2009-07-25,2444.0
T11,2009-07-26,6426.0
T11,2009-07-27,806.0
T11,2009-07-28,943.0
T11,2009-07-29,1034.0
T11,2009-07-30,717.0
T11,2009-07-31,1683.0
T11,2009-08-01,2421.0
T11,2009-08-02,6816.0
T11,2009-08-03,1108.0
T11,2009-08-04,647.0
T11,2009-08-05,1111.0
T11,2009-08-06,957.0
T11,2009-08-07,1122.0
T11,2009-08-08,4410.0
T11,2009-08-09,5364.0
T11,2009-08-10,650.0
T11,2009-08-11,1092.0
T11,2009-08-12,816.0
T11,2009-08-13,1421.0
T11,2009-08-14,2143.0
T11,2009-08-15,3017.0
T11,2009-08-16,1806.0
T11,2009-08-17,1422.0
T11,2009-08-18,1203.0
T11,2009-08-19,1488.0
T11,2009-08-20,1113.0
T11,2009-08-21,1503.0
T11,2009-08-22,3272.0
T11,2009-08-23,6958.0
T11,2009-08-24,694.0
T11,2009-08-25,551.0
T11,2009-08-26,912.0
T11,2009-08-27,1064.0
T11,2009-08-28,1994.0
T11,2009-08-29,2066.0
T11,2009-08-30,7849.0
T11,2009-08-31,608.0
T11,2009-09-01,1078.0
T11,2009-09-02,1220.0
T11,2009-09-03,1306.0
T11,2009-09-04,1145.0
T11,2009-09-05,3031.0
T11,2009-09-06,6749.0
T11,2009-09-07,727.0
T11,2009-09-08,672.0
T11,2009-09-09,727.0
T11,2009-09-10,1045.0
T11,2009-09-11,1673.0
T11,2009-09-12,4575.0
T11,2009-09-13,6004.0
T11,2009-09-14,1204.0
T11,2009-09-15,1710.0
T11,2009-09-16,1491.0
T11,2009-09-17,396.0
T11,2009-09-18,2315.0
T11,2009-09-19,2187.0
T11,2009-09-20,9078.0
T11,2009-09-21,1957.0
T11,2009-09-22,1784.0
T11,2009-09-23,1084.0
T11,2009-09-24,1302.0
T11,2009-09-25,857.0
T11,2009-09-26,974.0
T11,2009-09-27,768.0
T11,2009-09-28,922.0
T11,2009-09-29,2850.0
T11,2009-09-30,2077.0
T11,2009-10-01,1447.0
T11,2009-10-02,1079.0
T11,2009-10-03,3983.0
T11,2009-10-04,11957.0
T11,2009-10-05,1278.0
T11,2009-10-06,887.0
T11,2009-10-07,989.0
T11,2009-10-08,1006.0
T11,2009-10-09,1839.0
T11,2009-10-10,4781.0
T11,2009-10-11,8756.0
T11,2009-10-12,859.0
T11,2009-10-13,889.0
T11,2009-10-14,747.0
T11,2009-10-15,712.0
T11,2009-10-16,1642.0
T11,2009-10-17,2599.0
T11,2009-10-18,8029.0
T11,2009-10-19,2164.0
T11,2009-10-20,1480.0
T11,2009-10-21,1329.0
T11,2009-10-22,1627.0
T11,2009-10-23,2296.0
T11,2009-10-24,5774.0
T11,2009-10-25,8014.0
T11,2009-10-26,1443.0
T11,2009-10-27,1991.0
T11,2009-10-28,1572.0
T11,2009-10-29,2126.0
T11,2009-10-30,2068.0
T11,2009-10-31,4444.0
T11,2009-11-01,11280.0
T11,2009-11-02,3488.0
T11,2009-11-03,2237.0
T11,2009-11-04,1311.0
T11,2009-11-05,1718.0
T11,2009-11-06,2803.0
T11,2009-11-07,5899.0
T11,2009-11-08,8041.0
T11,2009-11-09,1270.0
T11,2009-11-10,1752.0
T11,2009-11-11,1679.0
T11,2009-11-12,1457.0
T11,2009-11-13,2976.0
T11,2009-11-14,3901.0
T11,2009-11-15,6117.0
T11,2009-11-16,1474.0
T11,2009-11-17,1829.0
T11,2009-11-18,1907.0
T11,2009-11-19,1753.0
T11,2009-11-20,2599.0
T11,2009-11-21,2721.0
T11,2009-11-22,1661.0
T11,2009-11-23,1514.0
T11,2009-11-24,2066.0
T11,2009-11-25,1778.0
T11,2009-11-26,1206.0
T11,2009-11-27,3371.0
T11,2009-11-28,3633.0
T11,2009-11-29,3641.0
T11,2009-11-30,1263.0
T11,2009-12-01,1857.0
T11,2009-12-02,1940.0
T11,2009-12-03,1420.0
T11,2009-12-04,3494.0
T11,2009-12-05,4241.0
T11,2009-12-06,12091.0
T11,2009-12-07,1588.0
T11,2009-12-08,876.0
T11,2009-12-09,2304.0
T11,2009-12-10,1523.0
T11,2009-12-11,3833.0
T11,2009-12-12,4584.0
T11,2009-12-13,9889.0
T11,2009-12-14,2137.0
T11,2009-12-15,2802.0
T11,2009-12-16,2059.0
T11,2009-12-17,1421.0
T11,2009-12-18,4805.0
T11,2009-12-19,4128.0
T11,2009-12-20,11284.0
T11,2009-12-21,2266.0
T11,2009-12-22,2874.0
T11,2009-12-23,2504.0
T11,2009-12-24,912.0
T11,2009-12-25,2927.0
T11,2009-12-26,3310.0
T11,2009-12-27,10704.0
T11,2009-12-28,5055.0
T11,2009-12-29,4048.0
T11,2009-12-30,2240.0
T11,2009-12-31,9726.0
T11,2010-01-01,3756.0
T11,2010-01-02,3161.0
T11,2010-01-03,8957.0
T11,2010-01-04,3126.0
T11,2010-01-05,3087.0
T11,2010-01-06,2847.0
T11,2010-01-07,3029.0
T11,2010-01-08,2599.0
T11,2010-01-09,3153.0
T11,2010-01-10,8229.0
T11,2010-01-11,1095.0
T11,2010-01-12,1434.0
T11,2010-01-13,2303.0
T11,2010-01-14,2681.0
T11,2010-01-15,3551.0
T11,2010-01-16,4765.0
T11,2010-01-17,6439.0
T11,2010-01-18,592.0
T11,2010-01-19,1959.0
T11,2010-01-20,2615.0
T11,2010-01-21,4008.0
T11,2010-01-22,4711.0
T11,2010-01-23,4302.0
T11,2010-01-24,15416.0
T11,2010-01-25,4166.0
T11,2010-01-26,9821.0
T11,2010-01-27,1729.0
T11,2010-01-28,1806.0
T11,2010-01-29,2192.0
T11,2010-01-30,4515.0
T11,2010-01-31,4115.0
T11,2010-02-01,1564.0
T11,2010-02-02,1769.0
T11,2010-02-03,2136.0
T11,2010-02-04,3496.0
T11,2010-02-05,5995.0
T11,2010-02-06,17338.0
T11,2010-02-07,18866.0
T11,2010-02-08,1669.0
T11,2010-02-09,1802.0
T11,2010-02-10,1314.0
T11,2010-02-11,1215.0
T11,2010-02-12,2087.0
T11,2010-02-13,4717.0
T11,2010-02-14,11659.0
T11,2010-02-15,2337.0
T11,2010-02-16,2124.0
T11,2010-02-17,1636.0
T11,2010-02-18,1762.0
T11,2010-02-19,2634.0
T11,2010-02-20,5211.0
T11,2010-02-21,10026.0
T11,2010-02-22,1308.0
T11,2010-02-23,1674.0
T11,2010-02-24,1562.0
T11,2010-02-25,1991.0
T11,2010-02-26,2440.0
T11,2010-02-27,6312.0
T11,2010-02-28,5376.0
T11,2010-03-01,1228.0
T11,2010-03-02,1623.0
T11,2010-03-03,2520.0
T11,2010-03-04,1445.0
T11,2010-03-05,2005.0
T11,2010-03-06,2061.0
T11,2010-03-07,6712.0
T11,2010-03-08,1497.0
T11,2010-03-09,1071.0
T11,2010-03-10,1582.0
T11,2010-03-11,1588.0
T11,2010-03-12,2588.0
T11,2010-03-13,6353.0
T11,2010-03-14,36308.0
T11,2010-03-15,1648.0
T11,2010-03-16,1697.0
T11,2010-03-17,1405.0
T11,2010-03-18,1814.0
T11,2010-03-19,2679.0
T11,2010-03-20,6615.0
T11,2010-03-21,9583.0
T11,2010-03-22,1734.0
T11,2010-03-23,1725.0
T11,2010-03-24,1338.0
T11,2010-03-25,1570.0
T11,2010-03-26,1985.0
T11,2010-03-27,2931.0
T11,2010-03-28,6208.0
T11,2010-03-29,1614.0
T11,2010-03-30,2061.0
T11,2010-03-31,1907.0
T11,2010-04-01,2153.0
T11,2010-04-02,5254.0
T11,2010-04-03,4934.0
T11,2010-04-04,13151.0
T11,2010-04-05,5130.0
T11,2010-04-06,2747.0
T11,2010-04-07,2377.0
T11,2010-04-08,2235.0
T11,2010-04-09,3286.0
T11,2010-04-10,5129.0
T11,2010-04-11,2311.0
T11,2010-04-12,732.0
T11,2010-04-13,1309.0
T11,2010-04-14,1376.0
T11,2010-04-15,1465.0
T11,2010-04-16,2684.0
T11,2010-04-17,4693.0
T11,2010-04-18,6296.0
T11,2010-04-19,1498.0
T11,2010-04-20,1654.0
T11,2010-04-21,1680.0
T11,2010-04-22,1673.0
T11,2010-04-23,1294.0
T11,2010-04-24,3045.0
T11,2010-04-25,7957.0
T11,2010-04-26,3920.0
T11,2010-04-27,702.0
T11,2010-04-28,1022.0
T11,2010-04-29,1083.0
T11,2010-04-30,1888.0
T11,2010-05-01,3614.0
T11,2010-05-02,4844.0
T11,2010-05-03,1339.0
T11,2010-05-04,1007.0
T11,2010-05-05,1070.0
T11,2010-05-06,1195.0
T11,2010-05-07,1277.0
T11,2010-05-08,4177.0
T11,2010-05-09,11324.0
T11,2010-05-10,1415.0
T11,2010-05-11,734.0
T11,2010-05-12,931.0
T11,2010-05-13,932.0
T11,2010-05-14,1471.0
T11,2010-05-15,3263.0
T11,2010-05-16,8056.0
T11,2010-05-17,1109.0
T11,2010-05-18,1353.0
T11,2010-05-19,1221.0
T11,2010-05-20,1328.0
T11,2010-05-21,1375.0
T11,2010-05-22,3435.0
T11,2010-05-23,8804.0
T11,2010-05-24,913.0
T11,2010-05-25,927.0
T11,2010-05-26,1247.0
T11,2010-05-27,1090.0
T11,2010-05-28,2037.0
T11,2010-05-29,2574.0
T11,2010-05-30,7146.0
T11,2010-05-31,1070.0
T11,2010-06-01,1357.0
T11,2010-06-02,1269.0
T11,2010-06-03,1472.0
T11,2010-06-04,1739.0
T11,2010-06-05,1268.0
T11,2010-06-06,4056.0
T11,2010-06-07,971.0
T11,2010-06-08,1188.0
T11,2010-06-09,478.0
T11,2010-06-10,767.0
T11,2010-06-11,1213.0
T11,2010-06-12,2474.0
T11,2010-06-13,6579.0
T11,2010-06-14,3208.0
T11,2010-06-15,1217.0
T11,2010-06-16,767.0
T11,2010-06-17,930.0
T11,2010-06-18,1379.0
T11,2010-06-19,3476.0
T11,2010-06-20,3914.0
T11,2010-06-21,1094.0
T11,2010-06-22,1242.0
T11,2010-06-23,1423.0
T11,2010-06-24,1137.0
T11,2010-06-25,695.0
T11,2010-06-26,1599.0
T11,2010-06-27,5698.0
T11,2010-06-28,1136.0
T11,2010-06-29,769.0
T11,2010-06-30,1282.0
T11,2010-07-01,1594.0
T11,2010-07-02,2663.0
T11,2010-07-03,3259.0
T11,2010-07-04,7455.0
T11,2010-07-05,2103.0
T11,2010-07-06,2697.0
T11,2010-07-07,1812.0
T11,2010-07-08,1830.0
T11,2010-07-09,4790.0
T11,2010-07-10,2293.0
T11,2010-07-11,9851.0
T11,2010-07-12,1466.0
T11,2010-07-13,1297.0
T11,2010-07-14,872.0
T11,2010-07-15,1467.0
T11,2010-07-16,3629.0
T11,2010-07-17,2486.0
T11,2010-07-18,1975.0
T11,2010-07-19,1231.0
T11,2010-07-20,940.0
T11,2010-07-21,1427.0
T11,2010-07-22,788.0
T11,2010-07-23,2983.0
T11,2010-07-24,3091.0
T11,2010-07-25,9324.0
T11,2010-07-26,1289.0
T11,2010-07-27,1420.0
T11,2010-07-28,820.0
T11,2010-07-29,1177.0
T11,2010-07-30,4143.0
T11,2010-07-31,5540.0
T11,2010-08-01,1535.0
T11,2010-08-02,868.0
T11,2010-08-03,1267.0
T11,2010-08-04,667.0
T11,2010-08-05,704.0
T11,2010-08-06,1647.0
T11,2010-08-07,3501.0
T11,2010-08-08,8826.0
T11,2010-08-09,1487.0
T11,2010-08-10,571.0
T11,2010-08-11,443.0
T11,2010-08-12,725.0
T11,2010-08-13,1610.0
T11,2010-08-14,2728.0
T11,2010-08-15,3361.0
T11,2010-08-16,763.0
T11,2010-08-17,1262.0
T11,2010-08-18,622.0
T11,2010-08-19,851.0
T11,2010-08-20,1526.0
T11,2010-08-21,2478.0
T11,2010-08-22,9035.0
T11,2010-08-23,1075.0
T11,2010-08-24,622.0
T11,2010-08-25,576.0
T11,2010-08-26,821.0
T11,2010-08-27,1246.0
T11,2010-08-28,3352.0
T11,2010-08-29,8900.0
T11,2010-08-30,1516.0
T11,2010-08-31,646.0
T11,2010-09-01,423.0
T11,2010-09-02,962.0
T11,2010-09-03,1542.0
T11,2010-09-04,1298.0
T11,2010-09-05,2148.0
T11,2010-09-06,685.0
T11,2010-09-07,1260.0
T11,2010-09-08,1289.0
T11,2010-09-09,982.0
T11,2010-09-10,1295.0
T11,2010-09-11,2976.0
T11,2010-09-12,5385.0
T11,2010-09-13,1004.0
T11,2010-09-14,1472.0
T11,2010-09-15,859.0
T11,2010-09-16,616.0
T11,2010-09-17,956.0
T11,2010-09-18,1574.0
T11,2010-09-19,5064.0
T11,2010-09-20,1254.0
T11,2010-09-21,1169.0
T11,2010-09-22,1169.0
T11,2010-09-23,1508.0
T11,2010-09-24,2307.0
T11,2010-09-25,1756.0
T11,2010-09-26,10823.0
T11,2010-09-27,869.0
T11,2010-09-28,1332.0
T11,2010-09-29,1427.0
T11,2010-09-30,1597.0
T11,2010-10-01,2593.0
T11,2010-10-02,3589.0
T11,2010-10-03,10529.0
T11,2010-10-04,1349.0
T11,2010-10-05,1791.0
T11,2010-10-06,778.0
T11,2010-10-07,1311.0
T11,2010-10-08,1748.0
T11,2010-10-09,3895.0
T11,2010-10-10,10537.0
T11,2010-10-11,1603.0
T11,2010-10-12,814.0
T11,2010-10-13,626.0
T11,2010-10-14,1270.0
T11,2010-10-15,244.0
T11,2010-10-16,1308.0
T11,2010-10-17,3379.0
T11,2010-10-18,927.0
T11,2010-10-19,1625.0
T11,2010-10-20,1762.0
T11,2010-10-21,1826.0
T11,2010-10-22,2214.0
T11,2010-10-23,1408.0
T11,2010-10-24,9096.0
T11,2010-10-25,1697.0
T11,2010-10-26,1266.0
T11,2010-10-27,1354.0
T11,2010-10-28,1713.0
T11,2010-10-29,2291.0
T11,2010-10-30,730.0
T11,2010-10-31,1310.0
T11,2010-11-01,1596.0
T11,2010-11-02,1260.0
T11,2010-11-03,1018.0
T11,2010-11-04,1430.0
T11,2010-11-05,2066.0
T11,2010-11-06,4190.0
T11,2010-11-07,5205.0
T11,2010-11-08,1443.0
T11,2010-11-09,1878.0
T11,2010-11-10,1376.0
T11,2010-11-11,1946.0
T11,2010-11-12,1688.0
T11,2010-11-13,1017.0
T11,2010-11-14,5955.0
T11,2010-11-15,1207.0
T11,2010-11-16,1797.0
T11,2010-11-17,2073.0
T11,2010-11-18,703.0
T11,2010-11-19,3065.0
T11,2010-11-20,3983.0
T11,2010-11-21,8118.0
T11,2010-11-22,1580.0
T11,2010-11-23,1914.0
T11,2010-11-24,1208.0
T11,2010-11-25,943.0
T11,2010-11-26,1496.0
T11,2010-11-27,676.0
T11,2010-11-28,1127.0
T11,2010-11-29,1473.0
T11,2010-11-30,2304.0
T11,2010-12-01,1617.0
T11,2010-12-02,1577.0
T11,2010-12-03,3540.0
T11,2010-12-04,4658.0
T11,2010-12-05,9697.0
T11,2010-12-06,1530.0
T11,2010-12-07,1672.0
T11,2010-12-08,645.0
T11,2010-12-09,1594.0
T11,2010-12-10,3129.0
T11,2010-12-11,4419.0
T11,2010-12-12,6819.0
T11,2010-12-13,2278.0
T11,2010-12-14,4542.0
T11,2010-12-15,1651.0
T11,2010-12-16,2404.0
T11,2010-12-17,3012.0
T11,2010-12-18,2573.0
T11,2010-12-19,2505.0
T11,2010-12-20,1170.0
T11,2010-12-21,1626.0
T11,2010-12-22,2722.0
T11,2010-12-23,2206.0
T11,2010-12-24,4586.0
T11,2010-12-25,3936.0
T11,2010-12-26,1769.0
T11,2010-12-27,2032.0
T11,2010-12-28,5639.0
T11,2010-12-29,3631.0
T11,2010-12-30,4363.0
T11,2010-12-31,18357.0
T11,2011-01-01,7354.0
T11,2011-01-02,4793.0
T11,2011-01-03,3781.0
T11,2011-01-04,3211.0
T11,2011-01-05,2618.0
T11,2011-01-06,3152.0
T11,2011-01-07,2776.0
T11,2011-01-08,3245.0
T11,2011-01-09,7766.0
T11,2011-01-10,1092.0
T11,2011-01-11,1061.0
T11,2011-01-12,1516.0
T11,2011-01-13,485.0
T11,2011-01-14,2170.0
T11,2011-01-15,4658.0
T11,2011-01-16,8114.0
T11,2011-01-17,1518.0
T11,2011-01-18,1767.0
T11,2011-01-19,2182.0
T11,2011-01-20,3003.0
T11,2011-01-21,3590.0
T11,2011-01-22,5556.0
T11,2011-01-23,12560.0
T11,2011-01-24,1755.0
T11,2011-01-25,2287.0
T11,2011-01-26,4838.0
T11,2011-01-27,2060.0
T11,2011-01-28,2612.0
T11,2011-01-29,4569.0
T11,2011-01-30,3562.0
T11,2011-01-31,1882.0
T11,2011-02-01,1389.0
T11,2011-02-02,2661.0
T11,2011-02-03,3140.0
T11,2011-02-04,4386.0
T11,2011-02-05,8088.0
T11,2011-02-06,13294.0
T11,2011-02-07,1976.0
T11,2011-02-08,1409.0
T11,2011-02-09,1548.0
T11,2011-02-10,1509.0
T11,2011-02-11,784.0
T11,2011-02-12,8707.0
T11,2011-02-13,8457.0
T11,2011-02-14,2810.0
T11,2011-02-15,1605.0
T11,2011-02-16,1240.0
T11,2011-02-17,1329.0
T11,2011-02-18,1591.0
T11,2011-02-19,3994.0
T11,2011-02-20,5141.0
T11,2011-02-21,775.0
T11,2011-02-22,1414.0
T11,2011-02-23,1550.0
T11,2011-02-24,1925.0
T11,2011-02-25,2474.0
T11,2011-02-26,6440.0
T11,2011-02-27,12154.0
T11,2011-02-28,773.0
T11,2011-03-01,1246.0
T11,2011-03-02,1427.0
T11,2011-03-03,1313.0
T11,2011-03-04,1195.0
T11,2011-03-05,5595.0
T11,2011-03-06,15891.0
T11,2011-03-07,1591.0
T11,2011-03-08,1755.0
T11,2011-03-09,801.0
T11,2011-03-10,976.0
T11,2011-03-11,2632.0
T11,2011-03-12,4280.0
T11,2011-03-13,4458.0
T11,2011-03-14,3908.0
T11,2011-03-15,1469.0
T11,2011-03-16,1540.0
T11,2011-03-17,1229.0
T11,2011-03-18,2067.0
T11,2011-03-19,6505.0
T11,2011-03-20,9842.0
T11,2011-03-21,1302.0
T11,2011-03-22,1557.0
T11,2011-03-23,1645.0
T11,2011-03-24,751.0
T11,2011-03-25,1231.0
T11,2011-03-26,2970.0
T11,2011-03-27,6633.0
T11,2011-03-28,2014.0
T11,2011-03-29,1779.0
T11,2011-03-30,1100.0
T11,2011-03-31,1403.0
T11,2011-04-01,1983.0
T11,2011-04-02,2796.0
T11,2011-04-03,5080.0
T11,2011-04-04,1019.0
T11,2011-04-05,2021.0
T11,2011-04-06,1725.0
T11,2011-04-07,2008.0
T11,2011-04-08,2091.0
T11,2011-04-09,2236.0
T11,2011-04-10,5139.0
T11,2011-04-11,1698.0
T11,2011-04-12,889.0
T11,2011-04-13,1096.0
T11,2011-04-14,1847.0
T11,2011-04-15,2297.0
T11,2011-04-16,3370.0
T11,2011-04-17,20005.0
T11,2011-04-18,2504.0
T11,2011-04-19,2550.0
T11,2011-04-20,1024.0
T11,2011-04-21,2295.0
T11,2011-04-22,3461.0
T11,2011-04-23,9271.0
T11,2011-04-24,12093.0
T11,2011-04-25,5433.0
T11,2011-04-26,4446.0
T11,2011-04-27,1814.0
T11,2011-04-28,1736.0
T11,2011-04-29,1818.0
T11,2011-04-30,3661.0
T11,2011-05-01,4499.0
T11,2011-05-02,1173.0
T11,2011-05-03,1221.0
T11,2011-05-04,1011.0
T11,2011-05-05,1367.0
T11,2011-05-06,1188.0
T11,2011-05-07,2782.0
T11,2011-05-08,2640.0
T11,2011-05-09,888.0
T11,2011-05-10,1006.0
T11,2011-05-11,476.0
T11,2011-05-12,771.0
T11,2011-05-13,588.0
T11,2011-05-14,933.0
T11,2011-05-15,4105.0
T11,2011-05-16,980.0
T11,2011-05-17,1127.0
T11,2011-05-18,1042.0
T11,2011-05-19,1127.0
T11,2011-05-20,1622.0
T11,2011-05-21,3101.0
T11,2011-05-22,2339.0
T11,2011-05-23,553.0
T11,2011-05-24,562.0
T11,2011-05-25,695.0
T11,2011-05-26,718.0
T11,2011-05-27,1081.0
T11,2011-05-28,2506.0
T11,2011-05-29,4626.0
T11,2011-05-30,1031.0
T11,2011-05-31,987.0
T11,2011-06-01,1034.0
T11,2011-06-02,1384.0
T11,2011-06-03,1216.0
T11,2011-06-04,2094.0
T11,2011-06-05,2023.0
T11,2011-06-06,890.0
T11,2011-06-07,508.0
T11,2011-06-08,348.0
T11,2011-06-09,779.0
T11,2011-06-10,1287.0
T11,2011-06-11,2118.0
T11,2011-06-12,3354.0
T11,2011-06-13,2034.0
T11,2011-06-14,899.0
T11,2011-06-15,942.0
T11,2011-06-16,1023.0
T11,2011-06-17,939.0
T11,2011-06-18,2003.0
T11,2011-06-19,1938.0
T11,2011-06-20,638.0
T11,2011-06-21,518.0
T11,2011-06-22,629.0
T11,2011-06-23,1061.0
T11,2011-06-24,1327.0
T11,2011-06-25,2345.0
T11,2011-06-26,2427.0
T11,2011-06-27,1193.0
T11,2011-06-28,1066.0
T11,2011-06-29,1145.0
T11,2011-06-30,1317.0
T11,2011-07-01,2726.0
T11,2011-07-02,2169.0
T11,2011-07-03,1528.0
T11,2011-07-04,1037.0
T11,2011-07-05,554.0
T11,2011-07-06,724.0
T11,2011-07-07,785.0
T11,2011-07-08,3503.0
T11,2011-07-09,2405.0
T11,2011-07-10,846.0
T11,2011-07-11,1030.0
T11,2011-07-12,1245.0
T11,2011-07-13,852.0
T11,2011-07-14,1460.0
T11,2011-07-15,5180.0
T11,2011-07-16,2752.0
T11,2011-07-17,1565.0
T11,2011-07-18,809.0
T11,2011-07-19,939.0
T11,2011-07-20,667.0
T11,2011-07-21,647.0
T11,2011-07-22,4066.0
T11,2011-07-23,2582.0
T11,2011-07-24,1439.0
T11,2011-07-25,579.0
T11,2011-07-26,873.0
T11,2011-07-27,1192.0
T11,2011-07-28,1095.0
T11,2011-07-29,5259.0
T11,2011-07-30,2051.0
T11,2011-07-31,3931.0
T11,2011-08-01,947.0
T11,2011-08-02,1389.0
T11,2011-08-03,1309.0
T11,2011-08-04,1029.0
T11,2011-08-05,1137.0
T11,2011-08-06,1864.0
T11,2011-08-07,2309.0
T11,2011-08-08,931.0
T11,2011-08-09,740.0
T11,2011-08-10,406.0
T11,2011-08-11,1187.0
T11,2011-08-12,1765.0
T11,2011-08-13,2607.0
T11,2011-08-14,4603.0
T11,2011-08-15,681.0
T11,2011-08-16,1276.0
T11,2011-08-17,564.0
T11,2011-08-18,918.0
T11,2011-08-19,1967.0
T11,2011-08-20,3450.0
T11,2011-08-21,4984.0
T11,2011-08-22,1587.0
T11,2011-08-23,1473.0
T11,2011-08-24,1292.0
T11,2011-08-25,1245.0
T11,2011-08-26,1575.0
T11,2011-08-27,3140.0
T11,2011-08-28,5110.0
T11,2011-08-29,957.0
T11,2011-08-30,1057.0
T11,2011-08-31,1171.0
T11,2011-09-01,1323.0
T11,2011-09-02,1859.0
T11,2011-09-03,3082.0
T11,2011-09-04,3965.0
T11,2011-09-05,1327.0
T11,2011-09-06,738.0
T11,2011-09-07,1128.0
T11,2011-09-08,1266.0
T11,2011-09-09,542.0
T11,2011-09-10,1536.0
T11,2011-09-11,1076.0
T11,2011-09-12,961.0
T11,2011-09-13,1308.0
T11,2011-09-14,1058.0
T11,2011-09-15,1196.0
T11,2011-09-16,1728.0
T11,2011-09-17,3104.0
T11,2011-09-18,6207.0
T11,2011-09-19,1380.0
T11,2011-09-20,829.0
T11,2011-09-21,1293.0
T11,2011-09-22,1514.0
T11,2011-09-23,1234.0
T11,2011-09-24,1795.0
T11,2011-09-25,11182.0
T11,2011-09-26,2050.0
T11,2011-09-27,1586.0
T11,2011-09-28,574.0
T11,2011-09-29,495.0
T11,2011-09-30,914.0
T11,2011-10-01,704.0
T11,2011-10-02,4115.0
T11,2011-10-03,2106.0
T11,2011-10-04,2372.0
T11,2011-10-05,1820.0
T11,2011-10-06,1911.0
T11,2011-10-07,1614.0
T11,2011-10-08,3309.0
T11,2011-10-09,3057.0
T11,2011-10-10,940.0
T11,2011-10-11,1108.0
T11,2011-10-12,1202.0
T11,2011-10-13,1766.0
T11,2011-10-14,2416.0
T11,2011-10-15,2099.0
T11,2011-10-16,2018.0
T11,2011-10-17,1613.0
T11,2011-10-18,1765.0
T11,2011-10-19,1937.0
T11,2011-10-20,1531.0
T11,2011-10-21,1088.0
T11,2011-10-22,1437.0
T11,2011-10-23,7032.0
T11,2011-10-24,445.0
T11,2011-10-25,1024.0
T11,2011-10-26,1594.0
T11,2011-10-27,1772.0
T11,2011-10-28,1252.0
T11,2011-10-29,2317.0
T11,2011-10-30,940.0
T11,2011-10-31,1380.0
T11,2011-11-01,1556.0
T11,2011-11-02,905.0
T11,2011-11-03,1231.0
T11,2011-11-04,2047.0
T11,2011-11-05,3852.0
T11,2011-11-06,5965.0
T11,2011-11-07,1712.0
T11,2011-11-08,1449.0
T11,2011-11-09,943.0
T11,2011-11-10,1374.0
T11,2011-11-11,2337.0
T11,2011-11-12,3395.0
T11,2011-11-13,5206.0
T11,2011-11-14,1624.0
T11,2011-11-15,1491.0
T11,2011-11-16,1573.0
T11,2011-11-17,2024.0
T11,2011-11-18,1698.0
T11,2011-11-19,1291.0
T11,2011-11-20,4895.0
T11,2011-11-21,1826.0
T11,2011-11-22,1711.0
T11,2011-11-23,1465.0
T11,2011-11-24,2493.0
T11,2011-11-25,3173.0
T11,2011-11-26,506.0
T11,2011-11-27,7040.0
T11,2011-11-28,1835.0
T11,2011-11-29,1799.0
T11,2011-11-30,1092.0
T11,2011-12-01,1687.0
T11,2011-12-02,2684.0
T11,2011-12-03,2425.0
T11,2011-12-04,3630.0
T11,2011-12-05,1695.0
T11,2011-12-06,2078.0
T11,2011-12-07,2070.0
T11,2011-12-08,1948.0
T11,2011-12-09,3029.0
T11,2011-12-10,2418.0
T11,2011-12-11,4318.0
T11,2011-12-12,1735.0
T11,2011-12-13,1785.0
T11,2011-12-14,4253.0
T11,2011-12-15,2334.0
T11,2011-12-16,3309.0
T11,2011-12-17,3265.0
T11,2011-12-18,4774.0
T11,2011-12-19,1513.0
T11,2011-12-20,2246.0
T11,2011-12-21,2190.0
T11,2011-12-22,2795.0
T11,2011-12-23,6254.0
T11,2011-12-24,1944.0
T11,2011-12-25,1027.0
T11,2011-12-26,1934.0
T11,2011-12-27,3958.0
T11,2011-12-28,3662.0
T11,2011-12-29,3416.0
T11,2011-12-30,3599.0
T11,2011-12-31,21450.0
T11,2012-01-01,6957.0
T11,2012-01-02,1367.0
T11,2012-01-03,2286.0
T11,2012-01-04,2179.0
T11,2012-01-05,2411.0
T11,2012-01-06,3062.0
T11,2012-01-07,3046.0
T11,2012-01-08,5296.0
T11,2012-01-09,2336.0
T11,2012-01-10,1534.0
T11,2012-01-11,771.0
T11,2012-01-12,1495.0
T11,2012-01-13,1324.0
T11,2012-01-14,2271.0
T11,2012-01-15,8032.0
T11,2012-01-16,1704.0
T11,2012-01-17,1682.0
T11,2012-01-18,1876.0
T11,2012-01-19,2251.0
T11,2012-01-20,1947.0
T11,2012-01-21,3116.0
T11,2012-01-22,6472.0
T11,2012-01-23,1666.0
T11,2012-01-24,1682.0
T11,2012-01-25,2051.0
T11,2012-01-26,4291.0
T11,2012-01-27,2462.0
T11,2012-01-28,3788.0
T11,2012-01-29,4563.0
T11,2012-01-30,1277.0
T11,2012-01-31,1773.0
T11,2012-02-01,2375.0
T11,2012-02-02,3226.0
T11,2012-02-03,7482.0
T11,2012-02-04,13192.0
T11,2012-02-05,9671.0
T11,2012-02-06,2116.0
T11,2012-02-07,1466.0
T11,2012-02-08,1406.0
T11,2012-02-09,1693.0
T11,2012-02-10,1595.0
T11,2012-02-11,8195.0
T11,2012-02-12,4278.0
T11,2012-02-13,1389.0
T11,2012-02-14,2743.0
T11,2012-02-15,1345.0
T11,2012-02-16,957.0
T11,2012-02-17,1933.0
T11,2012-02-18,4058.0
T11,2012-02-19,7125.0
T11,2012-02-20,1360.0
T11,2012-02-21,1642.0
T11,2012-02-22,1650.0
T11,2012-02-23,1744.0
T11,2012-02-24,2057.0
T11,2012-02-25,2821.0
T11,2012-02-26,2451.0
T11,2012-02-27,544.0
T11,2012-02-28,1117.0
T11,2012-02-29,1213.0
T11,2012-03-01,815.0
T11,2012-03-02,1621.0
T11,2012-03-03,1313.0
T11,2012-03-04,11692.0
T11,2012-03-05,1371.0
T11,2012-03-06,1720.0
T11,2012-03-07,1398.0
T11,2012-03-08,1363.0
T11,2012-03-09,2050.0
T11,2012-03-10,3968.0
T11,2012-03-11,7349.0
T11,2012-03-12,3547.0
T11,2012-03-13,1575.0
T11,2012-03-14,1532.0
T11,2012-03-15,1241.0
T11,2012-03-16,1494.0
T11,2012-03-17,3235.0
T11,2012-03-18,4509.0
T11,2012-03-19,1997.0
T11,2012-03-20,1659.0
T11,2012-03-21,906.0
T11,2012-03-22,1690.0
T11,2012-03-23,974.0
T11,2012-03-24,2874.0
T11,2012-03-25,6375.0
T11,2012-03-26,1441.0
T11,2012-03-27,1291.0
T11,2012-03-28,1591.0
T11,2012-03-29,1741.0
T11,2012-03-30,2464.0
T11,2012-03-31,3703.0
T11,2012-04-01,15972.0
T11,2012-04-02,1820.0
T11,2012-04-03,2015.0
T11,2012-04-04,2127.0
T11,2012-04-05,2221.0
T11,2012-04-06,3687.0
T11,2012-04-07,3694.0
T11,2012-04-08,6826.0
T11,2012-04-09,925.0
T11,2012-04-10,1109.0
T11,2012-04-11,1988.0
T11,2012-04-12,2560.0
T11,2012-04-13,2637.0
T11,2012-04-14,3862.0
T11,2012-04-15,7105.0
T11,2012-04-16,1500.0
T11,2012-04-17,2542.0
T11,2012-04-18,2539.0
T11,2012-04-19,2012.0
T11,2012-04-20,2806.0
T11,2012-04-21,5128.0
T11,2012-04-22,6078.0
T11,2012-04-23,1418.0
T11,2012-04-24,762.0
T11,2012-04-25,829.0
T11,2012-04-26,1671.0
T11,2012-04-27,2196.0
T11,2012-04-28,3357.0
T11,2012-04-29,7501.0
T11,2012-04-30,1779.0
T11,2012-05-01,1571.0
T11,2012-05-02,625.0
T11,2012-05-03,605.0
T11,2012-05-04,1589.0
T11,2012-05-05,1372.0
T11,2012-05-06,4729.0
T11,2012-05-07,947.0
T11,2012-05-08,1489.0
T11,2012-05-09,1288.0
T11,2012-05-10,1666.0
T11,2012-05-11,1143.0
T11,2012-05-12,1936.0
T11,2012-05-13,681.0
T11,2012-05-14,983.0
T11,2012-05-15,1154.0
T11,2012-05-16,1231.0
T11,2012-05-17,1635.0
T11,2012-05-18,1354.0
T11,2012-05-19,1822.0
T11,2012-05-20,5171.0
T11,2012-05-21,1165.0
T11,2012-05-22,1232.0
T11,2012-05-23,2368.0
T11,2012-05-24,1262.0
T11,2012-05-25,528.0
T11,2012-05-26,1292.0
T11,2012-05-27,1580.0
T11,2012-05-28,926.0
T11,2012-05-29,1151.0
T11,2012-05-30,1141.0
T11,2012-05-31,1418.0
T11,2012-06-01,1917.0
T11,2012-06-02,1777.0
T11,2012-06-03,2749.0
T11,2012-06-04,306.0
T11,2012-06-05,716.0
T11,2012-06-06,959.0
T11,2012-06-07,1019.0
T11,2012-06-08,1243.0
T11,2012-06-09,1230.0
T11,2012-06-10,4018.0
T11,2012-06-11,2099.0
T11,2012-06-12,1313.0
T11,2012-06-13,1076.0
T11,2012-06-14,813.0
T11,2012-06-15,1324.0
T11,2012-06-16,2338.0
T11,2012-06-17,2001.0
T11,2012-06-18,984.0
T11,2012-06-19,1116.0
T11,2012-06-20,691.0
T11,2012-06-21,281.0
T11,2012-06-22,585.0
T11,2012-06-23,1622.0
T11,2012-06-24,2322.0
T11,2012-06-25,789.0
T11,2012-06-26,1038.0
T11,2012-06-27,1250.0
T11,2012-06-28,940.0
T11,2012-06-29,947.0
T11,2012-06-30,1864.0
T11,2012-07-01,630.0
T11,2012-07-02,818.0
T11,2012-07-03,1349.0
T11,2012-07-04,1423.0
T11,2012-07-05,1531.0
T11,2012-07-06,4887.0
T11,2012-07-07,3437.0
T11,2012-07-08,6606.0
T11,2012-07-09,1598.0
T11,2012-07-10,1048.0
T11,2012-07-11,1432.0
T11,2012-07-12,882.0
T11,2012-07-13,6711.0
T11,2012-07-14,1541.0
T11,2012-07-15,2190.0
T11,2012-07-16,1169.0
T11,2012-07-17,1178.0
T11,2012-07-18,1069.0
T11,2012-07-19,1101.0
T11,2012-07-20,4689.0
T11,2012-07-21,3379.0
T11,2012-07-22,2726.0
T11,2012-07-23,1158.0
T11,2012-07-24,1160.0
T11,2012-07-25,1299.0
T11,2012-07-26,887.0
T11,2012-07-27,2986.0
T11,2012-07-28,1854.0
T11,2012-07-29,1986.0
T11,2012-07-30,827.0
T11,2012-07-31,1146.0
T11,2012-08-01,1201.0
T11,2012-08-02,987.0
T11,2012-08-03,1697.0
T11,2012-08-04,2674.0
T11,2012-08-05,1956.0
T11,2012-08-06,888.0
T11,2012-08-07,1224.0
T11,2012-08-08,482.0
T11,2012-08-09,398.0
T11,2012-08-10,1017.0
T11,2012-08-11,1407.0
T11,2012-08-12,5161.0
T11,2012-08-13,1218.0
T11,2012-08-14,704.0
T11,2012-08-15,911.0
T11,2012-08-16,899.0
T11,2012-08-17,1195.0
T11,2012-08-18,1374.0
T11,2012-08-19,2455.0
T11,2012-08-20,1042.0
T11,2012-08-21,1184.0
T11,2012-08-22,1270.0
T11,2012-08-23,952.0
T11,2012-08-24,1114.0
T11,2012-08-25,1763.0
T11,2012-08-26,4600.0
T11,2012-08-27,1075.0
T11,2012-08-28,1279.0
T11,2012-08-29,1245.0
T11,2012-08-30,976.0
T11,2012-08-31,1096.0
T11,2012-09-01,2303.0
T11,2012-09-02,8776.0
T11,2012-09-03,1622.0
T11,2012-09-04,1636.0
T11,2012-09-05,816.0
T11,2012-09-06,1084.0
T11,2012-09-07,712.0
T11,2012-09-08,887.0
T11,2012-09-09,5854.0
T11,2012-09-10,1420.0
T11,2012-09-11,1790.0
T11,2012-09-12,1149.0
T11,2012-09-13,688.0
T11,2012-09-14,1256.0
T11,2012-09-15,2202.0
T11,2012-09-16,4679.0
T11,2012-09-17,1241.0
T11,2012-09-18,756.0
T11,2012-09-19,1153.0
T11,2012-09-20,1253.0
T11,2012-09-21,1118.0
T11,2012-09-22,3400.0
T11,2012-09-23,2981.0
T11,2012-09-24,1202.0
T11,2012-09-25,1762.0
T11,2012-09-26,1667.0
T11,2012-09-27,2091.0
T11,2012-09-28,768.0
T11,2012-09-29,834.0
T11,2012-09-30,3299.0
T11,2012-10-01,1686.0
T11,2012-10-02,2202.0
T11,2012-10-03,2700.0
T11,2012-10-04,2035.0
T11,2012-10-05,2115.0
T11,2012-10-06,704.0
T11,2012-10-07,3079.0
T11,2012-10-08,1149.0
T11,2012-10-09,1430.0
T11,2012-10-10,1171.0
T11,2012-10-11,697.0
T11,2012-10-12,953.0
T11,2012-10-13,2854.0
T11,2012-10-14,9028.0
T11,2012-10-15,1358.0
T11,2012-10-16,905.0
T11,2012-10-17,1223.0
T11,2012-10-18,1647.0
T11,2012-10-19,1811.0
T11,2012-10-20,2956.0
T11,2012-10-21,4101.0
T11,2012-10-22,1760.0
T11,2012-10-23,1427.0
T11,2012-10-24,1399.0
T11,2012-10-25,926.0
T11,2012-10-26,930.0
T11,2012-10-27,1254.0
T11,2012-10-28,5477.0
T11,2012-10-29,1869.0
T11,2012-10-30,2039.0
T11,2012-10-31,1571.0
T11,2012-11-01,593.0
T11,2012-11-02,1266.0
T11,2012-11-03,2640.0
T11,2012-11-04,6353.0
T11,2012-11-05,1997.0
T11,2012-11-06,1496.0
T11,2012-11-07,1753.0
T11,2012-11-08,2018.0
T11,2012-11-09,1456.0
T11,2012-11-10,2252.0
T11,2012-11-11,7445.0
T11,2012-11-12,1433.0
T11,2012-11-13,2444.0
T11,2012-11-14,1890.0
T11,2012-11-15,1520.0
T11,2012-11-16,1839.0
T11,2012-11-17,3230.0
T11,2012-11-18,5261.0
T11,2012-11-19,1724.0
T11,2012-11-20,1875.0
T11,2012-11-21,1489.0
T11,2012-11-22,2108.0
T11,2012-11-23,3027.0
T11,2012-11-24,2805.0
T11,2012-11-25,5955.0
T11,2012-11-26,1802.0
T11,2012-11-27,1212.0
T11,2012-11-28,1907.0
T11,2012-11-29,1237.0
T11,2012-11-30,2590.0
T11,2012-12-01,2108.0
T11,2012-12-02,5930.0
T11,2012-12-03,1405.0
T11,2012-12-04,913.0
T11,2012-12-05,1240.0
T11,2012-12-06,1669.0
T11,2012-12-07,3535.0
T11,2012-12-08,1548.0
T11,2012-12-09,8121.0
T11,2012-12-10,1686.0
T11,2012-12-11,2027.0
T11,2012-12-12,1637.0
T11,2012-12-13,1184.0
T11,2012-12-14,1356.0
T11,2012-12-15,2548.0
T11,2012-12-16,4923.0
T11,2012-12-17,2127.0
T11,2012-12-18,2084.0
T11,2012-12-19,1536.0
T11,2012-12-20,2056.0
T11,2012-12-21,3076.0
T11,2012-12-22,2666.0
T11,2012-12-23,10705.0
T11,2012-12-24,1692.0
T11,2012-12-25,1864.0
T11,2012-12-26,2882.0
T11,2012-12-27,1661.0
T11,2012-12-28,2563.0
T11,2012-12-29,2977.0
T11,2012-12-30,4407.0
T11,2012-12-31,21259.0
T11,2013-01-01,7325.0
T11,2013-01-02,2804.0
T11,2013-01-03,1541.0
T11,2013-01-04,995.0
T11,2013-01-05,3173.0
T11,2013-01-06,3511.0
T11,2013-01-07,1902.0
T11,2013-01-08,1471.0
T11,2013-01-09,1651.0
T11,2013-01-10,1221.0
T11,2013-01-11,725.0
T11,2013-01-12,1398.0
T11,2013-01-13,2137.0
T11,2013-01-14,900.0
T11,2013-01-15,1965.0
T11,2013-01-16,2377.0
T11,2013-01-17,1472.0
T11,2013-01-18,2288.0
T11,2013-01-19,4339.0
T11,2013-01-20,9127.0
T11,2013-01-21,1849.0
T11,2013-01-22,2703.0
T11,2013-01-23,2759.0
T11,2013-01-24,1938.0
T11,2013-01-25,2445.0
T11,2013-01-26,5316.0
T11,2013-01-27,10643.0
T11,2013-01-28,3239.0
T11,2013-01-29,1956.0
T11,2013-01-30,3260.0
T11,2013-01-31,2320.0
T11,2013-02-01,4812.0
T11,2013-02-02,11863.0
T11,2013-02-03,11818.0
T11,2013-02-04,1981.0
T11,2013-02-05,2147.0
T11,2013-02-06,1702.0
T11,2013-02-07,2102.0
T11,2013-02-08,2679.0
T11,2013-02-09,4578.0
T11,2013-02-10,19267.0
T11,2013-02-11,1934.0
T11,2013-02-12,1625.0
T11,2013-02-13,2146.0
T11,2013-02-14,3344.0
T11,2013-02-15,3248.0
T11,2013-02-16,4143.0
T11,2013-02-17,5431.0
T11,2013-02-18,1181.0
T11,2013-02-19,976.0
T11,2013-02-20,1930.0
T11,2013-02-21,1721.0
T11,2013-02-22,2507.0
T11,2013-02-23,4300.0
T11,2013-02-24,5215.0
T11,2013-02-25,1266.0
T11,2013-02-26,954.0
T11,2013-02-27,1236.0
T11,2013-02-28,1308.0
T11,2013-03-01,2294.0
T11,2013-03-02,4375.0
T11,2013-03-03,7031.0
T11,2013-03-04,1393.0
T11,2013-03-05,1465.0
T11,2013-03-06,1798.0
T11,2013-03-07,2000.0
T11,2013-03-08,2770.0
T11,2013-03-09,3463.0
T11,2013-03-10,5328.0
T11,2013-03-11,1440.0
T11,2013-03-12,1025.0
T11,2013-03-13,1783.0
T11,2013-03-14,2149.0
T11,2013-03-15,2663.0
T11,2013-03-16,1200.0
T11,2013-03-17,1808.0
T11,2013-03-18,1740.0
T11,2013-03-19,1730.0
T11,2013-03-20,2221.0
T11,2013-03-21,1594.0
T11,2013-03-22,2754.0
T11,2013-03-23,4188.0
T11,2013-03-24,16160.0
T11,2013-03-25,1651.0
T11,2013-03-26,1512.0
T11,2013-03-27,1693.0
T11,2013-03-28,1254.0
T11,2013-03-29,3792.0
T11,2013-03-30,4262.0
T11,2013-03-31,3249.0
T11,2013-04-01,2529.0
T11,2013-04-02,1020.0
T11,2013-04-03,1290.0
T11,2013-04-04,1973.0
T11,2013-04-05,2389.0
T11,2013-04-06,3310.0
T11,2013-04-07,5713.0
T11,2013-04-08,1613.0
T11,2013-04-09,1812.0
T11,2013-04-10,1974.0
T11,2013-04-11,1088.0
T11,2013-04-12,2348.0
T11,2013-04-13,2500.0
T11,2013-04-14,6442.0
T11,2013-04-15,788.0
T11,2013-04-16,1280.0
T11,2013-04-17,1405.0
T11,2013-04-18,793.0
T11,2013-04-19,1351.0
T11,2013-04-20,2526.0
T11,2013-04-21,5548.0
T11,2013-04-22,847.0
T11,2013-04-23,1446.0
T11,2013-04-24,1075.0
T11,2013-04-25,2506.0
T11,2013-04-26,2130.0
T11,2013-04-27,2862.0
T11,2013-04-28,3909.0
T11,2013-04-29,1289.0
T11,2013-04-30,1505.0
T11,2013-05-01,955.0
T11,2013-05-02,1343.0
T11,2013-05-03,1525.0
T11,2013-05-04,1583.0
T11,2013-05-05,2641.0
T11,2013-05-06,1320.0
T11,2013-05-07,1221.0
T11,2013-05-08,1598.0
T11,2013-05-09,1919.0
T11,2013-05-10,2292.0
T11,2013-05-11,3236.0
T11,2013-05-12,6571.0
T11,2013-05-13,1189.0
T11,2013-05-14,848.0
T11,2013-05-15,693.0
T11,2013-05-16,623.0
T11,2013-05-17,1166.0
T11,2013-05-18,1689.0
T11,2013-05-19,4522.0
T11,2013-05-20,675.0
T11,2013-05-21,1384.0
T11,2013-05-22,1242.0
T11,2013-05-23,1182.0
T11,2013-05-24,1673.0
T11,2013-05-25,2607.0
T11,2013-05-26,5897.0
T11,2013-05-27,1203.0
T11,2013-05-28,1450.0
T11,2013-05-29,1277.0
T11,2013-05-30,506.0
T11,2013-05-31,936.0
T11,2013-06-01,1697.0
T11,2013-06-02,1586.0
T11,2013-06-03,1075.0
T11,2013-06-04,1184.0
T11,2013-06-05,938.0
T11,2013-06-06,1049.0
T11,2013-06-07,1209.0
T11,2013-06-08,2130.0
T11,2013-06-09,3110.0
T11,2013-06-10,1911.0
T11,2013-06-11,1143.0
T11,2013-06-12,490.0
T11,2013-06-13,344.0
T11,2013-06-14,1416.0
T11,2013-06-15,1404.0
T11,2013-06-16,3752.0
T11,2013-06-17,564.0
T11,2013-06-18,1120.0
T11,2013-06-19,1077.0
T11,2013-06-20,1265.0
T11,2013-06-21,1702.0
T11,2013-06-22,2236.0
T11,2013-06-23,2277.0
T11,2013-06-24,1038.0
T11,2013-06-25,1577.0
T11,2013-06-26,1625.0
T11,2013-06-27,1642.0
T11,2013-06-28,1882.0
T11,2013-06-29,3695.0
T11,2013-06-30,2943.0
T11,2013-07-01,1245.0
T11,2013-07-02,1756.0
T11,2013-07-03,1811.0
T11,2013-07-04,971.0
T11,2013-07-05,4154.0
T11,2013-07-06,2097.0
T11,2013-07-07,2151.0
T11,2013-07-08,1749.0
T11,2013-07-09,1727.0
T11,2013-07-10,2043.0
T11,2013-07-11,1630.0
T11,2013-07-12,6129.0
T11,2013-07-13,1153.0
T11,2013-07-14,1639.0
T11,2013-07-15,1422.0
T11,2013-07-16,1381.0
T11,2013-07-17,1477.0
T11,2013-07-18,1010.0
T11,2013-07-19,1430.0
T11,2013-07-20,778.0
T11,2013-07-21,2663.0
T11,2013-07-22,1118.0
T11,2013-07-23,995.0
T11,2013-07-24,1436.0
T11,2013-07-25,1236.0
T11,2013-07-26,5017.0
T11,2013-07-27,2865.0
T11,2013-07-28,2450.0
T11,2013-07-29,1363.0
T11,2013-07-30,1465.0
T11,2013-07-31,1443.0
T11,2013-08-01,1578.0
T11,2013-08-02,2264.0
T11,2013-08-03,1419.0
T11,2013-08-04,1857.0
T11,2013-08-05,1039.0
T11,2013-08-06,936.0
T11,2013-08-07,902.0
T11,2013-08-08,1585.0
T11,2013-08-09,1619.0
T11,2013-08-10,4079.0
T11,2013-08-11,3631.0
T11,2013-08-12,866.0
T11,2013-08-13,1595.0
T11,2013-08-14,951.0
T11,2013-08-15,1726.0
T11,2013-08-16,2241.0
T11,2013-08-17,2531.0
T11,2013-08-18,1938.0
T11,2013-08-19,785.0
T11,2013-08-20,891.0
T11,2013-08-21,1242.0
T11,2013-08-22,1020.0
T11,2013-08-23,2243.0
T11,2013-08-24,3249.0
T11,2013-08-25,2641.0
T11,2013-08-26,1400.0
T11,2013-08-27,1581.0
T11,2013-08-28,1631.0
T11,2013-08-29,1445.0
T11,2013-08-30,2769.0
T11,2013-08-31,4330.0
T11,2013-09-01,7627.0
T11,2013-09-02,1524.0
T11,2013-09-03,2250.0
T11,2013-09-04,1967.0
T11,2013-09-05,879.0
T11,2013-09-06,2303.0
T11,2013-09-07,3008.0
T11,2013-09-08,7232.0
T11,2013-09-09,1510.0
T11,2013-09-10,1596.0
T11,2013-09-11,1579.0
T11,2013-09-12,1601.0
T11,2013-09-13,2363.0
T11,2013-09-14,4109.0
T11,2013-09-15,8989.0
T11,2013-09-16,732.0
T11,2013-09-17,1767.0
T11,2013-09-18,1106.0
T11,2013-09-19,1270.0
T11,2013-09-20,1292.0
T11,2013-09-21,2715.0
T11,2013-09-22,7887.0
T11,2013-09-23,1876.0
T11,2013-09-24,2384.0
T11,2013-09-25,2276.0
T11,2013-09-26,1038.0
T11,2013-09-27,1956.0
T11,2013-09-28,1020.0
T11,2013-09-29,6228.0
T11,2013-09-30,1561.0
T11,2013-10-01,820.0
T11,2013-10-02,1180.0
T11,2013-10-03,1805.0
T11,2013-10-04,2950.0
T11,2013-10-05,3019.0
T11,2013-10-06,4496.0
T11,2013-10-07,1987.0
T11,2013-10-08,2520.0
T11,2013-10-09,1965.0
T11,2013-10-10,1086.0
T11,2013-10-11,2366.0
T11,2013-10-12,4548.0
T11,2013-10-13,864.0
T11,2013-10-14,1285.0
T11,2013-10-15,2204.0
T11,2013-10-16,1885.0
T11,2013-10-17,860.0
T11,2013-10-18,2451.0
T11,2013-10-19,3631.0
T11,2013-10-20,4951.0
T11,2013-10-21,839.0
T11,2013-10-22,948.0
T11,2013-10-23,912.0
T11,2013-10-24,1358.0
T11,2013-10-25,1727.0
T11,2013-10-26,1911.0
T11,2013-10-27,4575.0
T11,2013-10-28,1337.0
T11,2013-10-29,1651.0
T11,2013-10-30,2009.0
T11,2013-10-31,2034.0
T11,2013-11-01,2427.0
T11,2013-11-02,3409.0
T11,2013-11-03,1141.0
T11,2013-11-04,2147.0
T11,2013-11-05,3262.0
T11,2013-11-06,2249.0
T11,2013-11-07,1836.0
T11,2013-11-08,1245.0
T11,2013-11-09,1238.0
T11,2013-11-10,3192.0
T11,2013-11-11,1351.0
T11,2013-11-12,905.0
T11,2013-11-13,567.0
T11,2013-11-14,1497.0
T11,2013-11-15,2193.0
T11,2013-11-16,2696.0
T11,2013-11-17,10003.0
T11,2013-11-18,2622.0
T11,2013-11-19,2135.0
T11,2013-11-20,1518.0
T11,2013-11-21,1997.0
T11,2013-11-22,2513.0
T11,2013-11-23,1992.0
T11,2013-11-24,2742.0
T11,2013-11-25,2160.0
T11,2013-11-26,2321.0
T11,2013-11-27,2091.0
T11,2013-11-28,1176.0
T11,2013-11-29,1662.0
T11,2013-11-30,3293.0
T11,2013-12-01,5769.0
T11,2013-12-02,1741.0
T11,2013-12-03,2173.0
T11,2013-12-04,1221.0
T11,2013-12-05,826.0
T11,2013-12-06,2842.0
T11,2013-12-07,4735.0
T11,2013-12-08,7035.0
T11,2013-12-09,1300.0
T11,2013-12-10,1915.0
T11,2013-12-11,1569.0
T11,2013-12-12,2455.0
T11,2013-12-13,2781.0
T11,2013-12-14,3832.0
T11,2013-12-15,6135.0
T11,2013-12-16,2110.0
T11,2013-12-17,2225.0
T11,2013-12-18,2718.0
T11,2013-12-19,1716.0
T11,2013-12-20,2799.0
T11,2013-12-21,2963.0
T11,2013-12-22,4330.0
T11,2013-12-23,1403.0
T11,2013-12-24,2476.0
T11,2013-12-25,2509.0
T11,2013-12-26,2081.0
T11,2013-12-27,3018.0
T11,2013-12-28,1676.0
T11,2013-12-29,4133.0
T11,2013-12-30,4327.0
T11,2013-12-31,24277.0
T11,2014-01-01,2534.0
T11,2014-01-02,3082.0
T11,2014-01-03,2865.0
T11,2014-01-04,3218.0
T11,2014-01-05,2711.0
T11,2014-01-06,1419.0
T11,2014-01-07,2177.0
T11,2014-01-08,2645.0
T11,2014-01-09,2392.0
T11,2014-01-10,2502.0
T11,2014-01-11,3277.0
T11,2014-01-12,6899.0
T11,2014-01-13,2183.0
T11,2014-01-14,1335.0
T11,2014-01-15,1723.0
T11,2014-01-16,1277.0
T11,2014-01-17,1868.0
T11,2014-01-18,3031.0
T11,2014-01-19,5713.0
T11,2014-01-20,2078.0
T11,2014-01-21,1987.0
T11,2014-01-22,2409.0
T11,2014-01-23,2328.0
T11,2014-01-24,1398.0
T11,2014-01-25,3252.0
T11,2014-01-26,37098.0
T11,2014-01-27,1995.0
T11,2014-01-28,1120.0
T11,2014-01-29,2348.0
T11,2014-01-30,3016.0
T11,2014-01-31,6652.0
T11,2014-02-01,11133.0
T11,2014-02-02,6708.0
T11,2014-02-03,1525.0
T11,2014-02-04,1897.0
T11,2014-02-05,1895.0
T11,2014-02-06,1694.0
T11,2014-02-07,1918.0
T11,2014-02-08,2626.0
T11,2014-02-09,2609.0
T11,2014-02-10,1989.0
T11,2014-02-11,1907.0
T11,2014-02-12,2048.0
T11,2014-02-13,2041.0
T11,2014-02-14,3856.0
T11,2014-02-15,3922.0
T11,2014-02-16,2736.0
T11,2014-02-17,1956.0
T11,2014-02-18,2036.0
T11,2014-02-19,1668.0
T11,2014-02-20,1439.0
T11,2014-02-21,1906.0
T11,2014-02-22,12753.0
T11,2014-02-23,3974.0
T11,2014-02-24,2193.0
T11,2014-02-25,1556.0
T11,2014-02-26,1502.0
T11,2014-02-27,1765.0
T11,2014-02-28,2443.0
T11,2014-03-01,3306.0
T11,2014-03-02,3725.0
T11,2014-03-03,2291.0
T11,2014-03-04,2628.0
T11,2014-03-05,1391.0
T11,2014-03-06,1967.0
T11,2014-03-07,1753.0
T11,2014-03-08,3519.0
T11,2014-03-09,3686.0
T11,2014-03-10,2527.0
T11,2014-03-11,1289.0
T11,2014-03-12,2165.0
T11,2014-03-13,1875.0
T11,2014-03-14,2910.0
T11,2014-03-15,1949.0
T11,2014-03-16,2227.0
T11,2014-03-17,2042.0
T11,2014-03-18,1989.0
T11,2014-03-19,2107.0
T11,2014-03-20,2061.0
T11,2014-03-21,1893.0
T11,2014-03-22,2813.0
T11,2014-03-23,1921.0
T11,2014-03-24,1408.0
T11,2014-03-25,1988.0
T11,2014-03-26,1668.0
T11,2014-03-27,1543.0
T11,2014-03-28,2628.0
T11,2014-03-29,3763.0
T11,2014-03-30,3769.0
T11,2014-03-31,1719.0
T11,2014-04-01,1776.0
T11,2014-04-02,1335.0
T11,2014-04-03,1423.0
T11,2014-04-04,1802.0
T11,2014-04-05,3653.0
T11,2014-04-06,3954.0
T11,2014-04-07,2164.0
T11,2014-04-08,971.0
T11,2014-04-09,1045.0
T11,2014-04-10,758.0
T11,2014-04-11,1208.0
T11,2014-04-12,2750.0
T11,2014-04-13,18939.0
T11,2014-04-14,7044.0
T11,2014-04-15,6955.0
T11,2014-04-16,3152.0
T11,2014-04-17,2986.0
T11,2014-04-18,2532.0
T11,2014-04-19,3838.0
T11,2014-04-20,4548.0
T11,2014-04-21,6711.0
T11,2014-04-22,2423.0
T11,2014-04-23,2198.0
T11,2014-04-24,2584.0
T11,2014-04-25,3835.0
T11,2014-04-26,2924.0
T11,2014-04-27,3301.0
T11,2014-04-28,3191.0
T11,2014-04-29,2044.0
T11,2014-04-30,1547.0
T11,2014-05-01,1589.0
T11,2014-05-02,2160.0
T11,2014-05-03,1583.0
T11,2014-05-04,1030.0
T11,2014-05-05,1343.0
T11,2014-05-06,1434.0
T11,2014-05-07,1720.0
T11,2014-05-08,1990.0
T11,2014-05-09,1846.0
T11,2014-05-10,1511.0
T11,2014-05-11,3812.0
T11,2014-05-12,1848.0
T11,2014-05-13,1730.0
T11,2014-05-14,1622.0
T11,2014-05-15,1681.0
T11,2014-05-16,2264.0
T11,2014-05-17,2882.0
T11,2014-05-18,2745.0
T11,2014-05-19,1590.0
T11,2014-05-20,1365.0
T11,2014-05-21,1812.0
T11,2014-05-22,1665.0
T11,2014-05-23,1590.0
T11,2014-05-24,2613.0
T11,2014-05-25,2634.0
T11,2014-05-26,1510.0
T11,2014-05-27,1562.0
T11,2014-05-28,1408.0
T11,2014-05-29,1614.0
T11,2014-05-30,2427.0
T11,2014-05-31,2520.0
T11,2014-06-01,1075.0
T11,2014-06-02,1347.0
T11,2014-06-03,1018.0
T11,2014-06-04,1216.0
T11,2014-06-05,1552.0
T11,2014-06-06,2392.0
T11,2014-06-07,1781.0
T11,2014-06-08,2892.0
T11,2014-06-09,2271.0
T11,2014-06-10,1700.0
T11,2014-06-11,1339.0
T11,2014-06-12,1557.0
T11,2014-06-13,1651.0
T11,2014-06-14,1631.0
T11,2014-06-15,2266.0
T11,2014-06-16,1121.0
T11,2014-06-17,1279.0
T11,2014-06-18,1423.0
T11,2014-06-19,1321.0
T11,2014-06-20,1552.0
T11,2014-06-21,2913.0
T11,2014-06-22,2414.0
T11,2014-06-23,816.0
T11,2014-06-24,720.0
T11,2014-06-25,1042.0
T11,2014-06-26,1550.0
T11,2014-06-27,1385.0
T11,2014-06-28,1472.0
T11,2014-06-29,695.0
T11,2014-06-30,1079.0
T11,2014-07-01,1645.0
T11,2014-07-02,1925.0
T11,2014-07-03,1372.0
T11,2014-07-04,5643.0
T11,2014-07-05,1804.0
T11,2014-07-06,1932.0
T11,2014-07-07,1912.0
T11,2014-07-08,1777.0
T11,2014-07-09,757.0
T11,2014-07-10,1304.0
T11,2014-07-11,6551.0
T11,2014-07-12,1112.0
T11,2014-07-13,2803.0
T11,2014-07-14,1320.0
T11,2014-07-15,1106.0
T11,2014-07-16,1320.0
T11,2014-07-17,922.0
T11,2014-07-18,1978.0
T11,2014-07-19,1930.0
T11,2014-07-20,2609.0
T11,2014-07-21,1302.0
T11,2014-07-22,1286.0
T11,2014-07-23,1409.0
T11,2014-07-24,1297.0
T11,2014-07-25,5550.0
T11,2014-07-26,1881.0
T11,2014-07-27,3125.0
T11,2014-07-28,1714.0
T11,2014-07-29,1221.0
T11,2014-07-30,1439.0
T11,2014-07-31,832.0
T11,2014-08-01,731.0
T11,2014-08-02,2454.0
T11,2014-08-03,2852.0
T11,2014-08-04,1527.0
T11,2014-08-05,1439.0
T11,2014-08-06,1254.0
T11,2014-08-07,948.0
T11,2014-08-08,5248.0
T11,2014-08-09,2123.0
T11,2014-08-10,1848.0
T11,2014-08-11,1053.0
T11,2014-08-12,1102.0
T11,2014-08-13,1274.0
T11,2014-08-14,1512.0
T11,2014-08-15,5618.0
T11,2014-08-16,2741.0
T11,2014-08-17,2131.0
T11,2014-08-18,766.0
T11,2014-08-19,1288.0
T11,2014-08-20,1500.0
T11,2014-08-21,1694.0
T11,2014-08-22,7277.0
T11,2014-08-23,3613.0
T11,2014-08-24,2251.0
T11,2014-08-25,1209.0
T11,2014-08-26,1746.0
T11,2014-08-27,1549.0
T11,2014-08-28,1635.0
T11,2014-08-29,6010.0
T11,2014-08-30,5109.0
T11,2014-08-31,3725.0
T11,2014-09-01,608.0
T11,2014-09-02,1607.0
T11,2014-09-03,1400.0
T11,2014-09-04,1414.0
T11,2014-09-05,2161.0
T11,2014-09-06,3290.0
T11,2014-09-07,4582.0
T11,2014-09-08,1484.0
T11,2014-09-09,1102.0
T11,2014-09-10,1482.0
T11,2014-09-11,1174.0
T11,2014-09-12,1596.0
T11,2014-09-13,2775.0
T11,2014-09-14,3180.0
T11,2014-09-15,1414.0
T11,2014-09-16,833.0
T11,2014-09-17,949.0
T11,2014-09-18,1229.0
T11,2014-09-19,1573.0
T11,2014-09-20,1952.0
T11,2014-09-21,3426.0
T11,2014-09-22,2437.0
T11,2014-09-23,2565.0
T11,2014-09-24,1357.0
T11,2014-09-25,1385.0
T11,2014-09-26,2349.0
T11,2014-09-27,2846.0
T11,2014-09-28,2897.0
T11,2014-09-29,2572.0
T11,2014-09-30,1319.0
T11,2014-10-01,1636.0
T11,2014-10-02,1712.0
T11,2014-10-03,2575.0
T11,2014-10-04,4534.0
T11,2014-10-05,5372.0
T11,2014-10-06,1520.0
T11,2014-10-07,1334.0
T11,2014-10-08,1763.0
T11,2014-10-09,2131.0
T11,2014-10-10,2750.0
T11,2014-10-11,2877.0
T11,2014-10-12,3388.0
T11,2014-10-13,843.0
T11,2014-10-14,1322.0
T11,2014-10-15,1612.0
T11,2014-10-16,1272.0
T11,2014-10-17,2310.0
T11,2014-10-18,3315.0
T11,2014-10-19,2338.0
T11,2014-10-20,2183.0
T11,2014-10-21,2376.0
T11,2014-10-22,1888.0
T11,2014-10-23,1838.0
T11,2014-10-24,2078.0
T11,2014-10-25,3314.0
T11,2014-10-26,3450.0
T11,2014-10-27,993.0
T11,2014-10-28,1382.0
T11,2014-10-29,1890.0
T11,2014-10-30,2094.0
T11,2014-10-31,2407.0
T11,2014-11-01,1248.0
T11,2014-11-02,1810.0
T11,2014-11-03,2822.0
T11,2014-11-04,2082.0
T11,2014-11-05,1600.0
T11,2014-11-06,2033.0
T11,2014-11-07,2353.0
T11,2014-11-08,1528.0
T11,2014-11-09,3154.0
T11,2014-11-10,1786.0
T11,2014-11-11,1822.0
T11,2014-11-12,2361.0
T11,2014-11-13,2058.0
T11,2014-11-14,1877.0
T11,2014-11-15,2413.0
T11,2014-11-16,2097.0
T11,2014-11-17,2006.0
T11,2014-11-18,2475.0
T11,2014-11-19,2449.0
T11,2014-11-20,1973.0
T11,2014-11-21,3001.0
T11,2014-11-22,3411.0
T11,2014-11-23,4130.0
T11,2014-11-24,771.0
T11,2014-11-25,1739.0
T11,2014-11-26,1710.0
T11,2014-11-27,1807.0
T11,2014-11-28,2358.0
T11,2014-11-29,3658.0
T11,2014-11-30,11040.0
T11,2014-12-01,1863.0
T11,2014-12-02,2117.0
T11,2014-12-03,1488.0
T11,2014-12-04,2329.0
T11,2014-12-05,2304.0
T11,2014-12-06,3663.0
T11,2014-12-07,1228.0
T11,2014-12-08,1938.0
T11,2014-12-09,2050.0
T11,2014-12-10,1861.0
T11,2014-12-11,1959.0
T11,2014-12-12,3701.0
T11,2014-12-13,4359.0
T11,2014-12-14,3775.0
T11,2014-12-15,1910.0
T11,2014-12-16,1581.0
T11,2014-12-17,2609.0
T11,2014-12-18,1801.0
T11,2014-12-19,2636.0
T11,2014-12-20,2883.0
T11,2014-12-21,2494.0
T11,2014-12-22,2294.0
T11,2014-12-23,1782.0
T11,2014-12-24,1933.0
T11,2014-12-25,2295.0
T11,2014-12-26,2095.0
T11,2014-12-27,3836.0
T11,2014-12-28,3691.0
T11,2014-12-29,1804.0
T11,2014-12-30,4029.0
T11,2014-12-31,23982.0
T11,2015-01-01,4830.0
T11,2015-01-02,2302.0
T11,2015-01-03,1940.0
T11,2015-01-04,3656.0
T11,2015-01-05,2792.0
T11,2015-01-06,2873.0
T11,2015-01-07,1740.0
T11,2015-01-08,2142.0
T11,2015-01-09,1339.0
T11,2015-01-10,2752.0
T11,2015-01-11,3195.0
T11,2015-01-12,2254.0
T11,2015-01-13,1486.0
T11,2015-01-14,1609.0
T11,2015-01-15,2225.0
T11,2015-01-16,2802.0
T11,2015-01-17,3494.0
T11,2015-01-18,3053.0
T11,2015-01-19,2726.0
T11,2015-01-20,2526.0
T11,2015-01-21,2243.0
T11,2015-01-22,2053.0
T11,2015-01-23,2697.0
T11,2015-01-24,3748.0
T11,2015-01-25,3921.0
T11,2015-01-26,46963.0
T11,2015-01-27,1883.0
T11,2015-01-28,2084.0
T11,2015-01-29,1812.0
T11,2015-01-30,2200.0
T11,2015-01-31,2103.0
T11,2015-02-01,1337.0
T11,2015-02-02,1715.0
T11,2015-02-03,2020.0
T11,2015-02-04,1770.0
T11,2015-02-05,2095.0
T11,2015-02-06,2489.0
T11,2015-02-07,3629.0
T11,2015-02-08,2794.0
T11,2015-02-09,2427.0
T11,2015-02-10,2332.0
T11,2015-02-11,1872.0
T11,2015-02-12,2147.0
T11,2015-02-13,1768.0
T11,2015-02-14,5418.0
T11,2015-02-15,3553.0
T11,2015-02-16,2183.0
T11,2015-02-17,2084.0
T11,2015-02-18,2237.0
T11,2015-02-19,2710.0
T11,2015-02-20,3217.0
T11,2015-02-21,2963.0
T11,2015-02-22,4001.0
T11,2015-02-23,1567.0
T11,2015-02-24,2535.0
T11,2015-02-25,2447.0
T11,2015-02-26,2426.0
T11,2015-02-27,3280.0
T11,2015-02-28,4020.0
T11,2015-03-01,3354.0
T11,2015-03-02,2253.0
T11,2015-03-03,2193.0
T11,2015-03-04,2203.0
T11,2015-03-05,1520.0
T11,2015-03-06,1742.0
T11,2015-03-07,4669.0
T11,2015-03-08,4070.0
T11,2015-03-09,2602.0
T11,2015-03-10,2113.0
T11,2015-03-11,1929.0
T11,2015-03-12,1559.0
T11,2015-03-13,2243.0
T11,2015-03-14,2453.0
T11,2015-03-15,2189.0
T11,2015-03-16,2358.0
T11,2015-03-17,1792.0
T11,2015-03-18,2082.0
T11,2015-03-19,1813.0
T11,2015-03-20,2378.0
T11,2015-03-21,3893.0
T11,2015-03-22,10898.0
T11,2015-03-23,1713.0
T11,2015-03-24,1055.0
T11,2015-03-25,1900.0
T11,2015-03-26,1480.0
T11,2015-03-27,1709.0
T11,2015-03-28,3561.0
T11,2015-03-29,3871.0
T11,2015-03-30,2941.0
T11,2015-03-31,2607.0
T11,2015-04-01,2189.0
T11,2015-04-02,1675.0
T11,2015-04-03,3256.0
T11,2015-04-04,4276.0
T11,2015-04-05,3874.0
T11,2015-04-06,2601.0
T11,2015-04-07,931.0
T11,2015-04-08,1969.0
T11,2015-04-09,2226.0
T11,2015-04-10,2513.0
T11,2015-04-11,3282.0
T11,2015-04-12,2709.0
T11,2015-04-13,2247.0
T11,2015-04-14,1743.0
T11,2015-04-15,1951.0
T11,2015-04-16,1795.0
T11,2015-04-17,1471.0
T11,2015-04-18,2173.0
T11,2015-04-19,1142.0
T11,2015-04-20,1480.0
T11,2015-04-21,1722.0
T11,2015-04-22,1734.0
T11,2015-04-23,1850.0
T11,2015-04-24,1914.0
T11,2015-04-25,890.0
T11,2015-04-26,1417.0
T11,2015-04-27,1537.0
T11,2015-04-28,1349.0
T11,2015-04-29,1629.0
T11,2015-04-30,2000.0
T11,2015-05-01,2361.0
T11,2015-05-02,3316.0
T11,2015-05-03,3165.0
T11,2015-05-04,1958.0
T11,2015-05-05,945.0
T11,2015-05-06,1233.0
T11,2015-05-07,1225.0
T11,2015-05-08,2197.0
T11,2015-05-09,2192.0
T11,2015-05-10,1348.0
T11,2015-05-11,1332.0
T11,2015-05-12,970.0
T11,2015-05-13,792.0
T11,2015-05-14,828.0
T11,2015-05-15,1834.0
T11,2015-05-16,2648.0
T11,2015-05-17,3380.0
T11,2015-05-18,1869.0
T11,2015-05-19,1192.0
T11,2015-05-20,1369.0
T11,2015-05-21,1050.0
T11,2015-05-22,1744.0
T11,2015-05-23,2494.0
T11,2015-05-24,2735.0
T11,2015-05-25,1835.0
T11,2015-05-26,1606.0
T11,2015-05-27,1790.0
T11,2015-05-28,1657.0
T11,2015-05-29,1747.0
T11,2015-05-30,2466.0
T11,2015-05-31,907.0
T11,2015-06-01,807.0
T11,2015-06-02,1094.0
T11,2015-06-03,1250.0
T11,2015-06-04,673.0
T11,2015-06-05,1801.0
T11,2015-06-06,2539.0
T11,2015-06-07,2146.0
T11,2015-06-08,2117.0
T11,2015-06-09,1139.0
T11,2015-06-10,1230.0
T11,2015-06-11,1532.0
T11,2015-06-12,1586.0
T11,2015-06-13,2660.0
T11,2015-06-14,2716.0
T11,2015-06-15,1618.0
T11,2015-06-16,1366.0
T11,2015-06-17,1622.0
T11,2015-06-18,1117.0
T11,2015-06-19,1654.0
T11,2015-06-20,2024.0
T11,2015-06-21,1900.0
T11,2015-06-22,1103.0
T11,2015-06-23,1810.0
T11,2015-06-24,1569.0
T11,2015-06-25,1438.0
T11,2015-06-26,1839.0
T11,2015-06-27,2191.0
T11,2015-06-28,2543.0
T11,2015-06-29,1677.0
T11,2015-06-30,2223.0
T11,2015-07-01,2253.0
T11,2015-07-02,1182.0
T11,2015-07-03,9322.0
T11,2015-07-04,1441.0
T11,2015-07-05,2913.0
T11,2015-07-06,1099.0
T11,2015-07-07,2002.0
T11,2015-07-08,2301.0
T11,2015-07-09,1920.0
T11,2015-07-10,6609.0
T11,2015-07-11,1711.0
T11,2015-07-12,311.0
T11,2015-07-13,920.0
T11,2015-07-14,857.0
T11,2015-07-15,1374.0
T11,2015-07-16,1459.0
T11,2015-07-17,3747.0
T11,2015-07-18,2541.0
T11,2015-07-19,2892.0
T11,2015-07-20,1552.0
T11,2015-07-21,1322.0
T11,2015-07-22,1608.0
T11,2015-07-23,1967.0
T11,2015-07-24,3659.0
T11,2015-07-25,2159.0
T11,2015-07-26,1337.0
T11,2015-07-27,1427.0
T11,2015-07-28,1605.0
T11,2015-07-29,1602.0
T11,2015-07-30,807.0
T11,2015-07-31,4947.0
T11,2015-08-01,1786.0
T11,2015-08-02,1883.0
T11,2015-08-03,1001.0
T11,2015-08-04,1258.0
T11,2015-08-05,1113.0
T11,2015-08-06,1102.0
T11,2015-08-07,4677.0
T11,2015-08-08,3015.0
T11,2015-08-09,3046.0
T11,2015-08-10,1530.0
T11,2015-08-11,1351.0
T11,2015-08-12,1354.0
T11,2015-08-13,1374.0
T11,2015-08-14,4926.0
T11,2015-08-15,3159.0
T11,2015-08-16,2969.0
T11,2015-08-17,1017.0
T11,2015-08-18,1359.0
T11,2015-08-19,1667.0
T11,2015-08-20,1873.0
T11,2015-08-21,4109.0
T11,2015-08-22,3536.0
T11,2015-08-23,3835.0
T11,2015-08-24,1650.0
T11,2015-08-25,1503.0
T11,2015-08-26,1609.0
T11,2015-08-27,438.0
T11,2015-08-28,3224.0
T11,2015-08-29,715.0
T11,2015-08-30,2346.0
T11,2015-08-31,640.0
T11,2015-09-01,1946.0
T11,2015-09-02,1361.0
T11,2015-09-03,1280.0
T11,2015-09-04,2232.0
T11,2015-09-05,2407.0
T11,2015-09-06,2316.0
T11,2015-09-07,902.0
T11,2015-09-08,1252.0
T11,2015-09-09,1261.0
T11,2015-09-10,2229.0
T11,2015-09-11,2298.0
T11,2015-09-12,2972.0
T11,2015-09-13,4385.0
T11,2015-09-14,2141.0
T11,2015-09-15,1558.0
T11,2015-09-16,1951.0
T11,2015-09-17,1360.0
T11,2015-09-18,1646.0
T11,2015-09-19,3332.0
T11,2015-09-20,4207.0
T11,2015-09-21,1680.0
T11,2015-09-22,1064.0
T11,2015-09-23,1682.0
T11,2015-09-24,1947.0
T11,2015-09-25,2775.0
T11,2015-09-26,3884.0
T11,2015-09-27,5396.0
T11,2015-09-28,2171.0
T11,2015-09-29,1987.0
T11,2015-09-30,2252.0
T11,2015-10-01,2766.0
T11,2015-10-02,3966.0
T11,2015-10-03,2647.0
T11,2015-10-04,4980.0
T11,2015-10-05,2097.0
T11,2015-10-06,1289.0
T11,2015-10-07,1679.0
T11,2015-10-08,2103.0
T11,2015-10-09,2556.0
T11,2015-10-10,3567.0
T11,2015-10-11,3135.0
T11,2015-10-12,1429.0
T11,2015-10-13,2158.0
T11,2015-10-14,2377.0
T11,2015-10-15,2086.0
T11,2015-10-16,1896.0
T11,2015-10-17,3419.0
T11,2015-10-18,4112.0
T11,2015-10-19,2589.0
T11,2015-10-20,1949.0
T11,2015-10-21,1183.0
T11,2015-10-22,1347.0
T11,2015-10-23,2209.0
T11,2015-10-24,3818.0
T11,2015-10-25,3187.0
T11,2015-10-26,1225.0
T11,2015-10-27,2437.0
T11,2015-10-28,2212.0
T11,2015-10-29,2218.0
T11,2015-10-30,2710.0
T11,2015-10-31,2363.0
T11,2015-11-01,2444.0
T11,2015-11-02,1659.0
T11,2015-11-03,2461.0
T11,2015-11-04,2057.0
T11,2015-11-05,1607.0
T11,2015-11-06,1350.0
T11,2015-11-07,2383.0
T11,2015-11-08,4144.0
T11,2015-11-09,2108.0
T11,2015-11-10,1266.0
T11,2015-11-11,1940.0
T11,2015-11-12,1951.0
T11,2015-11-13,2170.0
T11,2015-11-14,2740.0
T11,2015-11-15,3893.0
T11,2015-11-16,2759.0
T11,2015-11-17,2041.0
T11,2015-11-18,2553.0
T11,2015-11-19,2349.0
T11,2015-11-20,1615.0
T11,2015-11-21,2543.0
T11,2015-11-22,3667.0
T11,2015-11-23,2242.0
T11,2015-11-24,2516.0
T11,2015-11-25,1844.0
T11,2015-11-26,1385.0
T11,2015-11-27,2090.0
T11,2015-11-28,3723.0
T11,2015-11-29,2905.0
T11,2015-11-30,1878.0
T11,2015-12-01,1838.0
T11,2015-12-02,2221.0
T11,2015-12-03,2606.0
T11,2015-12-04,2850.0
T11,2015-12-05,3503.0
T11,2015-12-06,14342.0
T11,2015-12-07,1891.0
T11,2015-12-08,2328.0
T11,2015-12-09,2436.0
T11,2015-12-10,2675.0
T11,2015-12-11,1869.0
T11,2015-12-12,2942.0
T11,2015-12-13,3149.0
T11,2015-12-14,2367.0
T11,2015-12-15,2406.0
T11,2015-12-16,2730.0
T11,2015-12-17,1736.0
T11,2015-12-18,2657.0
T11,2015-12-19,1659.0
T11,2015-12-20,1486.0
T11,2015-12-21,2297.0
T11,2015-12-22,2755.0
T11,2015-12-23,2757.0
T11,2015-12-24,1691.0
T11,2015-12-25,1684.0
T11,2015-12-26,1491.0
T11,2015-12-27,3725.0
T11,2015-12-28,4260.0
T11,2015-12-29,4029.0
T11,2015-12-30,3294.0
T11,2015-12-31,19089.0
T11,2016-01-01,3933.0
T11,2016-01-02,3134.0
T11,2016-01-03,3261.0
T11,2016-01-04,2752.0
T11,2016-01-05,2983.0
T11,2016-01-06,2771.0
T11,2016-01-07,2883.0
T11,2016-01-08,2941.0
T11,2016-01-09,4462.0
T11,2016-01-10,3935.0
T11,2016-01-11,1762.0
T11,2016-01-12,3033.0
T11,2016-01-13,1622.0
T11,2016-01-14,1356.0
T11,2016-01-15,2439.0
T11,2016-01-16,4227.0
T11,2016-01-17,3340.0
T11,2016-01-18,2121.0
T11,2016-01-19,2490.0
T11,2016-01-20,2570.0
T11,2016-01-21,2387.0
T11,2016-01-22,1614.0
T11,2016-01-23,3139.0
T11,2016-01-24,3537.0
T11,2016-01-25,3603.0
T11,2016-01-26,42899.0
T11,2016-01-27,2700.0
T11,2016-01-28,1673.0
T11,2016-01-29,1454.0
T11,2016-01-30,3275.0
T11,2016-01-31,2822.0
T11,2016-02-01,2275.0
T11,2016-02-02,1900.0
T11,2016-02-03,1709.0
T11,2016-02-04,2328.0
T11,2016-02-05,3353.0
T11,2016-02-06,5971.0
T11,2016-02-07,4300.0
T11,2016-02-08,3209.0
T11,2016-02-09,2761.0
T11,2016-02-10,2541.0
T11,2016-02-11,2668.0
T11,2016-02-12,4104.0
T11,2016-02-13,6601.0
T11,2016-02-14,6940.0
T11,2016-02-15,2721.0
T11,2016-02-16,1448.0
T11,2016-02-17,2086.0
T11,2016-02-18,2237.0
T11,2016-02-19,1900.0
T11,2016-02-20,3432.0
T11,2016-02-21,4066.0
T11,2016-02-22,2228.0
T11,2016-02-23,1596.0
T11,2016-02-24,1866.0
T11,2016-02-25,2159.0
T11,2016-02-26,2525.0
T11,2016-02-27,4502.0
T11,2016-02-28,3696.0
T11,2016-02-29,2290.0
T11,2016-03-01,2082.0
T11,2016-03-02,1961.0
T11,2016-03-03,2289.0
T11,2016-03-04,2462.0
T11,2016-03-05,3813.0
T11,2016-03-06,4004.0
T11,2016-03-07,2117.0
T11,2016-03-08,1779.0
T11,2016-03-09,1873.0
T11,2016-03-10,1658.0
T11,2016-03-11,2828.0
T11,2016-03-12,4419.0
T11,2016-03-13,3456.0
T11,2016-03-14,2290.0
T11,2016-03-15,1939.0
T11,2016-03-16,2377.0
T11,2016-03-17,1409.0
T11,2016-03-18,2386.0
T11,2016-03-19,8642.0
T11,2016-03-20,2394.0
T11,2016-03-21,2474.0
T11,2016-03-22,2094.0
T11,2016-03-23,1814.0
T11,2016-03-24,3530.0
T11,2016-03-25,3031.0
T11,2016-03-26,4552.0
T11,2016-03-27,2756.0
T11,2016-03-28,1848.0
T11,2016-03-29,2053.0
T11,2016-03-30,2669.0
T11,2016-03-31,2742.0
T11,2016-04-01,2836.0
T11,2016-04-02,3621.0
T11,2016-04-03,2479.0
T11,2016-04-04,1991.0
T11,2016-04-05,1144.0
T11,2016-04-06,2329.0
T11,2016-04-07,2361.0
T11,2016-04-08,3565.0
T11,2016-04-09,3558.0
T11,2016-04-10,1769.0
T11,2016-04-11,1997.0
T11,2016-04-12,1989.0
T11,2016-04-13,2223.0
T11,2016-04-14,2254.0
T11,2016-04-15,2086.0
T11,2016-04-16,3374.0
T11,2016-04-17,2429.0
T11,2016-04-18,2426.0
T11,2016-04-19,2486.0
T11,2016-04-20,1057.0
T11,2016-04-21,1585.0
T11,2016-04-22,3062.0
T11,2016-04-23,4508.0
T11,2016-04-24,3736.0
T11,2016-04-25,2090.0
T11,2016-04-26,2014.0
T11,2016-04-27,1846.0
T11,2016-04-28,1493.0
T11,2016-04-29,3372.0
T11,2016-04-30,1604.0
T11,2016-05-01,1442.0
T11,2016-05-02,1062.0
T11,2016-05-03,1845.0
T11,2016-05-04,1637.0
T11,2016-05-05,2020.0
T11,2016-05-06,3252.0
T11,2016-05-07,1924.0
T11,2016-05-08,761.0
T11,2016-05-09,1017.0
T11,2016-05-10,1204.0
T11,2016-05-11,1449.0
T11,2016-05-12,1874.0
T11,2016-05-13,3043.0
T11,2016-05-14,2917.0
T11,2016-05-15,1460.0
T11,2016-05-16,1328.0
T11,2016-05-17,1489.0
T11,2016-05-18,1266.0
T11,2016-05-19,1790.0
T11,2016-05-20,2554.0
T11,2016-05-21,2349.0
T11,2016-05-22,1117.0
T11,2016-05-23,1233.0
T11,2016-05-24,881.0
T11,2016-05-25,695.0
T11,2016-05-26,1571.0
T11,2016-05-27,1361.0
T11,2016-05-28,1981.0
T11,2016-05-29,1317.0
T11,2016-05-30,1591.0
T11,2016-05-31,1445.0
T11,2016-06-01,1259.0
T11,2016-06-02,1888.0
T11,2016-06-03,1098.0
T11,2016-06-04,1064.0
T11,2016-06-05,1312.0
T11,2016-06-06,1023.0
T11,2016-06-07,894.0
T11,2016-06-08,1419.0
T11,2016-06-09,1205.0
T11,2016-06-10,1543.0
T11,2016-06-11,2838.0
T11,2016-06-12,1658.0
T11,2016-06-13,1105.0
T11,2016-06-14,1332.0
T11,2016-06-15,691.0
T11,2016-06-16,946.0
T11,2016-06-17,1603.0
T11,2016-06-18,1556.0
T11,2016-06-19,633.0
T11,2016-06-20,972.0
T11,2016-06-21,1177.0
T11,2016-06-22,675.0
T11,2016-06-23,786.0
T11,2016-06-24,1909.0
T11,2016-06-25,1354.0
T11,2016-06-26,855.0
T11,2016-06-27,1773.0
T11,2016-06-28,1625.0
T11,2016-06-29,673.0
T11,2016-06-30,6933.0
T11,2016-07-01,2500.0
T11,2016-07-02,2103.0
T11,2016-07-03,1325.0
T11,2016-07-04,520.0
T11,2016-07-05,1118.0
T11,2016-07-06,1533.0
T11,2016-07-07,10041.0
T11,2016-07-08,3708.0
T11,2016-07-09,1267.0
T11,2016-07-10,1499.0
T11,2016-07-11,1002.0
T11,2016-07-12,1179.0
T11,2016-07-13,1546.0
T11,2016-07-14,7397.0
T11,2016-07-15,3292.0
T11,2016-07-16,2647.0
T11,2016-07-17,1691.0
T11,2016-07-18,1232.0
T11,2016-07-19,1806.0
T11,2016-07-20,1905.0
T11,2016-07-21,3809.0
T11,2016-07-22,1464.0
T11,2016-07-23,1624.0
T11,2016-07-24,939.0
T11,2016-07-25,880.0
T11,2016-07-26,1202.0
T11,2016-07-27,1369.0
T11,2016-07-28,4393.0
T11,2016-07-29,1866.0
T11,2016-07-30,2751.0
T11,2016-07-31,676.0
T11,2016-08-01,1163.0
T11,2016-08-02,887.0
T11,2016-08-03,1618.0
T11,2016-08-04,6077.0
T11,2016-08-05,2569.0
T11,2016-08-06,3027.0
T11,2016-08-07,1078.0
T11,2016-08-08,1334.0
T11,2016-08-09,2363.0
T11,2016-08-10,3099.0
T11,2016-08-11,1528.0
T11,2016-08-12,1681.0
T11,2016-08-13,1831.0
T11,2016-08-14,1476.0
T11,2016-08-15,884.0
T11,2016-08-16,1846.0
T11,2016-08-17,2579.0
T11,2016-08-18,1336.0
T11,2016-08-19,583.0
T11,2016-08-20,972.0
T11,2016-08-21,1028.0
T11,2016-08-22,1748.0
T11,2016-08-23,2953.0
T11,2016-08-24,1377.0
T11,2016-08-25,1990.0
T11,2016-08-26,1980.0
T11,2016-08-27,1279.0
T11,2016-08-28,1218.0
T11,2016-08-29,2368.0
T11,2016-08-30,2590.0
T11,2016-08-31,2411.0
T11,2016-09-01,1566.0
T11,2016-09-02,1411.0
T11,2016-09-03,2150.0
T11,2016-09-04,1272.0
T11,2016-09-05,2421.0
T11,2016-09-06,1806.0
T11,2016-09-07,1999.0
T11,2016-09-08,1332.0
T11,2016-09-09,843.0
T11,2016-09-10,1346.0
T11,2016-09-11,2311.0
T11,2016-09-12,1819.0
T11,2016-09-13,2932.0
T11,2016-09-14,967.0
T11,2016-09-15,1275.0
T11,2016-09-16,1509.0
T11,2016-09-17,990.0
T11,2016-09-18,1681.0
T11,2016-09-19,2334.0
T11,2016-09-20,3022.0
T11,2016-09-21,1732.0
T11,2016-09-22,1419.0
T11,2016-09-23,1056.0
T11,2016-09-24,1710.0
T11,2016-09-25,1651.0
T11,2016-09-26,684.0
T11,2016-09-27,636.0
T11,2016-09-28,1560.0
T11,2016-09-29,1816.0
T11,2016-09-30,1859.0
T11,2016-10-01,1356.0
T11,2016-10-02,1442.0
T11,2016-10-03,1804.0
T11,2016-10-04,3466.0
T11,2016-10-05,1661.0
T11,2016-10-06,1719.0
T11,2016-10-07,1491.0
T11,2016-10-08,1717.0
T11,2016-10-09,2029.0
T11,2016-10-10,1588.0
T11,2016-10-11,1470.0
T11,2016-10-12,3008.0
T11,2016-10-13,1483.0
T11,2016-10-14,1965.0
T11,2016-10-15,1616.0
T11,2016-10-16,1849.0
T11,2016-10-17,2225.0
T11,2016-10-18,3108.0
T11,2016-10-19,1259.0
T11,2016-10-20,1566.0
T11,2016-10-21,1953.0
T11,2016-10-22,2034.0
T11,2016-10-23,2089.0
T11,2016-10-24,1898.0
T11,2016-10-25,3157.0
T11,2016-10-26,2982.0
T11,2016-10-27,1279.0
T11,2016-10-28,770.0
T11,2016-10-29,1351.0
T11,2016-10-30,1746.0
T11,2016-10-31,1640.0
T11,2016-11-01,2236.0
T11,2016-11-02,2255.0
T11,2016-11-03,1887.0
T11,2016-11-04,2106.0
T11,2016-11-05,1876.0
T11,2016-11-06,2184.0
T11,2016-11-07,2587.0
T11,2016-11-08,3420.0
T11,2016-11-09,3103.0
T11,2016-11-10,1757.0
T11,2016-11-11,2046.0
T11,2016-11-12,2084.0
T11,2016-11-13,1199.0
T11,2016-11-14,2193.0
T11,2016-11-15,3650.0
T11,2016-11-16,3114.0
T11,2016-11-17,1710.0
T11,2016-11-18,1745.0
T11,2016-11-19,1889.0
T11,2016-11-20,2015.0
T11,2016-11-21,2693.0
T11,2016-11-22,2022.0
T11,2016-11-23,2913.0
T11,2016-11-24,1841.0
T11,2016-11-25,2046.0
T11,2016-11-26,2073.0
T11,2016-11-27,2549.0
T11,2016-11-28,2300.0
T11,2016-11-29,1524.0
T11,2016-11-30,1659.0
T11,2016-12-01,1566.0
T11,2016-12-02,2188.0
T11,2016-12-03,2224.0
T11,2016-12-04,1857.0
T11,2016-12-05,3460.0
T11,2016-12-06,18815.0
T11,2016-12-07,2601.0
T11,2016-12-08,1844.0
T11,2016-12-09,3104.0
T11,2016-12-10,2932.0
T11,2016-12-11,2323.0
T11,2016-12-12,2246.0
T11,2016-12-13,2403.0
T11,2016-12-14,1059.0
T11,2016-12-15,1158.0
T11,2016-12-16,1079.0
T11,2016-12-17,1275.0
T11,2016-12-18,689.0
T11,2016-12-19,726.0
T11,2016-12-20,1047.0
T11,2016-12-21,708.0
T11,2016-12-22,815.0
T11,2016-12-23,1206.0
T11,2016-12-24,1359.0
T11,2016-12-25,850.0
T11,2016-12-26,805.0
T11,2016-12-27,1109.0
T11,2016-12-28,927.0
T11,2016-12-29,2040.0
T11,2016-12-30,2319.0
T11,2016-12-31,2361.0
T11,2017-01-01,1198.0
T11,2017-01-02,1661.0
T11,2017-01-03,2273.0
T11,2017-01-04,2027.0
T11,2017-01-05,1919.0
T11,2017-01-06,2187.0
T11,2017-01-07,3158.0
T11,2017-01-08,3534.0
T11,2017-01-09,2262.0
T11,2017-01-10,2142.0
T11,2017-01-11,2053.0
T11,2017-01-12,2040.0
T11,2017-01-13,2471.0
T11,2017-01-14,3401.0
T11,2017-01-15,2910.0
T11,2017-01-16,2134.0
T11,2017-01-17,2030.0
T11,2017-01-18,1952.0
T11,2017-01-19,2067.0
T11,2017-01-20,2776.0
T11,2017-01-21,3050.0
T11,2017-01-22,3540.0
T11,2017-01-23,2948.0
T11,2017-01-24,1899.0
T11,2017-01-25,1712.0
T11,2017-01-26,1737.0
T11,2017-01-27,2584.0
T11,2017-01-28,4662.0
T11,2017-01-29,4085.0
T11,2017-01-30,1691.0
T11,2017-01-31,1641.0
T11,2017-02-01,1589.0
T11,2017-02-02,2043.0
T11,2017-02-03,2468.0
T11,2017-02-04,3584.0
T11,2017-02-05,3433.0
T11,2017-02-06,1557.0
T11,2017-02-07,2138.0
T11,2017-02-08,1567.0
T11,2017-02-09,1401.0
T11,2017-02-10,2338.0
T11,2017-02-11,2509.0
T11,2017-02-12,2367.0
T11,2017-02-13,2313.0
T11,2017-02-14,2732.0
T11,2017-02-15,2693.0
T11,2017-02-16,2433.0
T11,2017-02-17,3077.0
T11,2017-02-18,6997.0
T11,2017-02-19,703.0
T11,2017-02-20,924.0
T11,2017-02-21,1952.0
T11,2017-02-22,2177.0
T11,2017-02-23,2671.0
T11,2017-02-24,2905.0
T11,2017-02-25,3161.0
T11,2017-02-26,4445.0
T11,2017-02-27,2527.0
T11,2017-02-28,1924.0
T11,2017-03-01,2256.0
T11,2017-03-02,1969.0
T11,2017-03-03,1102.0
T11,2017-03-04,3369.0
T11,2017-03-05,3000.0
T11,2017-03-06,1644.0
T11,2017-03-07,1302.0
T11,2017-03-08,643.0
T11,2017-03-09,1108.0
T11,2017-03-10,1477.0
T11,2017-03-11,2263.0
T11,2017-03-12,2351.0
T11,2017-03-13,1236.0
T11,2017-03-14,1110.0
T11,2017-03-15,1402.0
T11,2017-03-16,1657.0
T11,2017-03-17,2017.0
T11,2017-03-18,1824.0
T11,2017-03-19,1406.0
T11,2017-03-20,973.0
T11,2017-03-21,1231.0
T11,2017-03-22,1410.0
T11,2017-03-23,1392.0
T11,2017-03-24,1690.0
T11,2017-03-25,2495.0
T11,2017-03-26,2453.0
T11,2017-03-27,1393.0
T11,2017-03-28,1452.0
T11,2017-03-29,1154.0
T11,2017-03-30,1510.0
T11,2017-03-31,1687.0
T11,2017-04-01,2750.0
T11,2017-04-02,2235.0
T11,2017-04-03,1498.0
T11,2017-04-04,1467.0
T11,2017-04-05,1269.0
T11,2017-04-06,1239.0
T11,2017-04-07,1703.0
T11,2017-04-08,1894.0
T11,2017-04-09,1372.0
T11,2017-04-10,1254.0
T11,2017-04-11,737.0
T11,2017-04-12,1059.0
T11,2017-04-13,962.0
T11,2017-04-14,1355.0
T11,2017-04-15,2000.0
T11,2017-04-16,1851.0
T11,2017-04-17,1017.0
T11,2017-04-18,935.0
T11,2017-04-19,1189.0
T11,2017-04-20,924.0
T11,2017-04-21,1634.0
T11,2017-04-22,2709.0
T11,2017-04-23,4016.0
T11,2017-04-24,1407.0
T11,2017-04-25,1122.0
T11,2017-04-26,1387.0
T11,2017-04-27,1233.0
T11,2017-04-28,1482.0
T11,2017-04-29,1740.0
T11,2017-04-30,2024.0
T11,2017-05-01,1216.0
T11,2017-05-02,1175.0
T11,2017-05-03,1498.0
T11,2017-05-04,1349.0
T11,2017-05-05,1167.0
T11,2017-05-06,1527.0
T11,2017-05-07,1763.0
T11,2017-05-08,1470.0
T11,2017-05-09,1236.0
T11,2017-05-10,1676.0
T11,2017-05-11,1142.0
T11,2017-05-12,7134.0
T11,2017-05-13,10595.0
T11,2017-05-14,8519.0
T11,2017-05-15,1052.0
T11,2017-05-16,1515.0
T11,2017-05-17,1617.0
T11,2017-05-18,1705.0
T11,2017-05-19,2526.0
T11,2017-05-20,2467.0
T11,2017-05-21,2626.0
T11,2017-05-22,1842.0
T11,2017-05-23,1626.0
T11,2017-05-24,1647.0
T11,2017-05-25,1058.0
T11,2017-05-26,1804.0
T11,2017-05-27,1771.0
T11,2017-05-28,1132.0
T11,2017-05-29,934.0
T11,2017-05-30,908.0
T11,2017-05-31,811.0
T11,2017-06-01,764.0
T11,2017-06-02,1609.0
T11,2017-06-03,1329.0
T11,2017-06-04,1247.0
T11,2017-06-05,1113.0
T11,2017-06-06,1201.0
T11,2017-06-07,1005.0
T11,2017-06-08,962.0
T11,2017-06-09,1815.0
T11,2017-06-10,1672.0
T11,2017-06-11,2115.0
T11,2017-06-12,1419.0
T11,2017-06-13,807.0
T11,2017-06-14,727.0
T11,2017-06-15,445.0
T11,2017-06-16,683.0
T11,2017-06-17,783.0
T11,2017-06-18,589.0
T11,2017-06-19,601.0
T11,2017-06-20,657.0
T11,2017-06-21,697.0
T11,2017-06-22,589.0
T11,2017-06-23,735.0
T11,2017-06-24,702.0
T11,2017-06-25,962.0
T11,2017-06-26,615.0
T11,2017-06-27,354.0
T11,2017-06-28,416.0
T11,2017-06-29,336.0
T11,2017-06-30,228.0
T11,2017-07-01,581.0
T11,2017-07-02,667.0
T11,2017-07-03,288.0
T11,2017-07-04,380.0
T11,2017-07-05,373.0
T11,2017-07-06,373.0
T11,2017-07-07,507.0
T11,2017-07-08,448.0
T11,2017-07-09,312.0
T11,2017-07-10,381.0
T11,2017-07-11,483.0
T11,2017-07-12,648.0
T11,2017-07-13,447.0
T11,2017-07-14,409.0
T11,2017-07-15,469.0
T11,2017-07-16,572.0
T11,2017-07-17,404.0
T11,2017-07-18,376.0
T11,2017-07-19,354.0
T11,2017-07-20,351.0
T11,2017-07-21,336.0
T11,2017-07-22,453.0
T11,2017-07-23,602.0
T11,2017-07-24,431.0
T11,2017-07-25,467.0
T11,2017-07-26,344.0
T11,2017-07-27,388.0
T11,2017-07-28,307.0
T11,2017-07-29,385.0
T11,2017-07-30,880.0
T11,2017-07-31,2419.0
T11,2017-08-01,323.0
T11,2017-08-02,350.0
T11,2017-08-03,375.0
T11,2017-08-04,755.0
T11,2017-08-05,244.0
T11,2017-08-06,263.0
T11,2017-08-07,191.0
T11,2017-08-08,217.0
T11,2017-08-09,383.0
T11,2017-08-10,301.0
T11,2017-08-11,197.0
T11,2017-08-12,153.0
T11,2017-08-13,362.0
T11,2017-08-14,681.0
T11,2017-08-15,400.0
T11,2017-08-16,847.0
T11,2017-08-17,592.0
T11,2017-08-18,348.0
T11,2017-08-19,193.0
T11,2017-08-20,280.0
T11,2017-08-21,430.0
T11,2017-08-22,515.0
T11,2017-08-23,449.0
T11,2017-08-24,676.0
T11,2017-08-25,749.0
T11,2017-08-26,827.0
T11,2017-08-27,883.0
T11,2017-08-28,1122.0
T11,2017-08-29,1502.0
T11,2017-08-30,1036.0
T11,2017-08-31,627.0
T11,2017-09-01,676.0
T11,2017-09-02,885.0
T11,2017-09-03,788.0
T11,2017-09-04,750.0
T11,2017-09-05,888.0
T11,2017-09-06,818.0
T11,2017-09-07,1082.0
T11,2017-09-08,1266.0
T11,2017-09-09,1378.0
T11,2017-09-10,1162.0
T11,2017-09-11,613.0
T11,2017-09-12,1377.0
T11,2017-09-13,1426.0
T11,2017-09-14,1702.0
T11,2017-09-15,1274.0
T11,2017-09-16,2188.0
T11,2017-09-17,2251.0
T11,2017-09-18,1589.0
T11,2017-09-19,1878.0
T11,2017-09-20,2170.0
T11,2017-09-21,2228.0
T11,2017-09-22,2447.0
T11,2017-09-23,3706.0
T11,2017-09-24,3083.0
T11,2017-09-25,2103.0
T11,2017-09-26,1800.0
T11,2017-09-27,1278.0
T11,2017-09-28,1728.0
T11,2017-09-29,2575.0
T11,2017-09-30,2262.0
T11,2017-10-01,3101.0
T11,2017-10-02,2135.0
T11,2017-10-03,2035.0
T11,2017-10-04,2070.0
T11,2017-10-05,2073.0
T11,2017-10-06,2273.0
T11,2017-10-07,3094.0
T11,2017-10-08,2291.0
T11,2017-10-09,2385.0
T11,2017-10-10,2405.0
T11,2017-10-11,1799.0
T11,2017-10-12,2086.0
T11,2017-10-13,980.0
T11,2017-10-14,367.0
T11,2017-10-15,1414.0
T11,2017-10-16,1809.0
T11,2017-10-17,2230.0
T11,2017-10-18,2517.0
T11,2017-10-19,1459.0
T11,2017-10-20,3105.0
T11,2017-10-21,3924.0
T11,2017-10-22,3813.0
T11,2017-10-23,2512.0
T11,2017-10-24,2766.0
T11,2017-10-25,2130.0
T11,2017-10-26,2656.0
T11,2017-10-27,3550.0
T11,2017-10-28,3631.0
T11,2017-10-29,3496.0
T11,2017-10-30,2401.0
T11,2017-10-31,1928.0
T11,2017-11-01,2385.0
T11,2017-11-02,2709.0
T11,2017-11-03,2931.0
T11,2017-11-04,2826.0
T11,2017-11-05,2913.0
T11,2017-11-06,4115.0
T11,2017-11-07,3246.0
T11,2017-11-08,3619.0
T11,2017-11-09,3311.0
T11,2017-11-10,3315.0
T11,2017-11-11,4453.0
T11,2017-11-12,20969.0
T11,2017-11-13,5065.0
T11,2017-11-14,3939.0
T11,2017-11-15,3546.0
T11,2017-11-16,3493.0
T11,2017-11-17,3504.0
T11,2017-11-18,2657.0
T11,2017-11-19,3943.0
T11,2017-11-20,3076.0
T11,2017-11-21,2978.0
T11,2017-11-22,3107.0
T11,2017-11-23,2274.0
T11,2017-11-24,2276.0
T11,2017-11-25,1407.0
T11,2017-11-26,3553.0
T11,2017-11-27,2696.0
T11,2017-11-28,3302.0
T11,2017-11-29,2860.0
T11,2017-11-30,1613.0
T11,2017-12-01,2379.0
T11,2017-12-02,4094.0
T11,2017-12-03,4014.0
T11,2017-12-04,2921.0
T11,2017-12-05,2986.0
T11,2017-12-06,2943.0
T11,2017-12-07,3162.0
T11,2017-12-08,4924.0
T11,2017-12-09,3509.0
T11,2017-12-10,1599.0
T11,2017-12-11,1066.0
T11,2017-12-12,2169.0
T11,2017-12-13,2016.0
T11,2017-12-14,2413.0
T11,2017-12-15,3020.0
T11,2017-12-16,3867.0
T11,2017-12-17,3656.0
T11,2017-12-18,2615.0
T11,2017-12-19,2842.0
T11,2017-12-20,2202.0
T11,2017-12-21,2738.0
T11,2017-12-22,3296.0
T11,2017-12-23,3860.0
T11,2017-12-24,3161.0
T11,2017-12-25,3044.0
T11,2017-12-26,2956.0
T11,2017-12-27,2946.0
T11,2017-12-28,2568.0
T11,2017-12-29,3369.0
T11,2017-12-30,4080.0
T11,2017-12-31,3104.0
T11,2018-01-01,2801.0
T11,2018-01-02,3197.0
T11,2018-01-03,3175.0
T11,2018-01-04,2579.0
T11,2018-01-05,3167.0
T11,2018-01-06,2716.0
T11,2018-01-07,2669.0
T11,2018-01-08,3044.0
T11,2018-01-09,2829.0
T11,2018-01-10,1899.0
T11,2018-01-11,2276.0
T11,2018-01-12,3029.0
T11,2018-01-13,3649.0
T11,2018-01-14,3565.0
T11,2018-01-15,2590.0
T11,2018-01-16,2887.0
T11,2018-01-17,3034.0
T11,2018-01-18,3151.0
T11,2018-01-19,4610.0
T11,2018-01-20,5346.0
T11,2018-01-21,4499.0
T11,2018-01-22,3884.0
T11,2018-01-23,2606.0
T11,2018-01-24,2815.0
T11,2018-01-25,2553.0
T11,2018-01-26,3135.0
T11,2018-01-27,9381.0
T11,2018-01-28,3437.0
T11,2018-01-29,2726.0
T11,2018-01-30,2174.0
T11,2018-01-31,3015.0
T11,2018-02-01,2823.0
T11,2018-02-02,3615.0
T11,2018-02-03,2990.0
T11,2018-02-04,2653.0
T11,2018-02-05,2069.0
T11,2018-02-06,2508.0
T11,2018-02-07,2860.0
T11,2018-02-08,2662.0
T11,2018-02-09,4242.0
T11,2018-02-10,4468.0
T11,2018-02-11,4676.0
T11,2018-02-12,3436.0
T11,2018-02-13,2837.0
T11,2018-02-14,2806.0
T11,2018-02-15,2620.0
T11,2018-02-16,2904.0
T11,2018-02-17,4054.0
T11,2018-02-18,4441.0
T11,2018-02-19,3176.0
T11,2018-02-20,2762.0
T11,2018-02-21,3163.0
T11,2018-02-22,2453.0
T11,2018-02-23,2839.0
T11,2018-02-24,1399.0
T11,2018-02-25,1717.0
T11,2018-02-26,1769.0
T11,2018-02-27,2259.0
T11,2018-02-28,2807.0
T11,2018-03-01,2469.0
T11,2018-03-02,2982.0
T11,2018-03-03,3767.0
T11,2018-03-04,3914.0
T11,2018-03-05,3118.0
T11,2018-03-06,2302.0
T11,2018-03-07,3519.0
T11,2018-03-08,2131.0
T11,2018-03-09,2713.0
T11,2018-03-10,3355.0
T11,2018-03-11,3937.0
T11,2018-03-12,2505.0
T11,2018-03-13,2436.0
T11,2018-03-14,2447.0
T11,2018-03-15,1734.0
T11,2018-03-16,1977.0
T11,2018-03-17,3276.0
T11,2018-03-18,3166.0
T11,2018-03-19,1980.0
T11,2018-03-20,2293.0
T11,2018-03-21,1844.0
T11,2018-03-22,829.0
T11,2018-03-23,691.0
T11,2018-03-24,1886.0
T11,2018-03-25,2939.0
T11,2018-03-26,1957.0
T11,2018-03-27,1319.0
T11,2018-03-28,1774.0
T11,2018-03-29,1572.0
T11,2018-03-30,1745.0
T11,2018-03-31,2834.0
T11,2018-04-01,1512.0
T11,2018-04-02,1720.0
T11,2018-04-03,1588.0
T11,2018-04-04,1881.0
T11,2018-04-05,1931.0
T11,2018-04-06,2483.0
T11,2018-04-07,3302.0
T11,2018-04-08,2974.0
T11,2018-04-09,1971.0
T11,2018-04-10,2046.0
T11,2018-04-11,1562.0
T11,2018-04-12,1628.0
T11,2018-04-13,2032.0
T11,2018-04-14,2559.0
T11,2018-04-15,2279.0
T11,2018-04-16,1760.0
T11,2018-04-17,1863.0
T11,2018-04-18,2062.0
T11,2018-04-19,1376.0
T11,2018-04-20,1502.0
T11,2018-04-21,2892.0
T11,2018-04-22,3283.0
T11,2018-04-23,2044.0
T11,2018-04-24,1533.0
T11,2018-04-25,1260.0
T11,2018-04-26,1423.0
T11,2018-04-27,1389.0
T11,2018-04-28,1462.0
T11,2018-04-29,629.0
T11,2018-04-30,1558.0
T11,2018-05-01,1949.0
T11,2018-05-02,1804.0
T11,2018-05-03,1788.0
T11,2018-05-04,1990.0
T11,2018-05-05,2021.0
T11,2018-05-06,1993.0
T11,2018-05-07,1983.0
T11,2018-05-08,1971.0
T11,2018-05-09,2147.0
T11,2018-05-10,2267.0
T11,2018-05-11,13973.0
T11,2018-05-12,17301.0
T11,2018-05-13,16162.0
T11,2018-05-14,2227.0
T11,2018-05-15,1710.0
T11,2018-05-16,1794.0
T11,2018-05-17,1924.0
T11,2018-05-18,2391.0
T11,2018-05-19,1915.0
T11,2018-05-20,2105.0
T11,2018-05-21,2171.0
T11,2018-05-22,2190.0
T11,2018-05-23,2049.0
T11,2018-05-24,2360.0
T11,2018-05-25,3122.0
T11,2018-05-26,3045.0
T11,2018-05-27,2310.0
T11,2018-05-28,1720.0
T11,2018-05-29,1601.0
T11,2018-05-30,1959.0
T11,2018-05-31,1449.0
T11,2018-06-01,1769.0
T11,2018-06-02,3063.0
T11,2018-06-03,2621.0
T11,2018-06-04,1171.0
T11,2018-06-05,1220.0
T11,2018-06-06,1732.0
T11,2018-06-07,1936.0
T11,2018-06-08,3157.0
T11,2018-06-09,3426.0
T11,2018-06-10,1719.0
T11,2018-06-11,1524.0
T11,2018-06-12,1578.0
T11,2018-06-13,2069.0
T11,2018-06-14,1870.0
T11,2018-06-15,1408.0
T11,2018-06-16,2374.0
T11,2018-06-17,2491.0
T11,2018-06-18,1693.0
T11,2018-06-19,1782.0
T11,2018-06-20,1530.0
T11,2018-06-21,1584.0
T11,2018-06-22,2214.0
T11,2018-06-23,1883.0
T11,2018-06-24,2370.0
T11,2018-06-25,1808.0
T11,2018-06-26,1801.0
T11,2018-06-27,1725.0
T11,2018-06-28,2129.0
T11,2018-06-29,2373.0
T11,2018-06-30,1176.0
T11,2018-07-01,1087.0
T11,2018-07-02,1504.0
T11,2018-07-03,1738.0
T11,2018-07-04,2087.0
T11,2018-07-05,2315.0
T11,2018-07-06,2442.0
T11,2018-07-07,3120.0
T11,2018-07-08,2366.0
T11,2018-07-09,1910.0
T11,2018-07-10,1974.0
T11,2018-07-11,1952.0
T11,2018-07-12,1080.0
T11,2018-07-13,1534.0
T11,2018-07-14,1359.0
T11,2018-07-15,2335.0
T11,2018-07-16,1828.0
T11,2018-07-17,2467.0
T11,2018-07-18,2199.0
T11,2018-07-19,1477.0
T11,2018-07-20,2244.0
T11,2018-07-21,2823.0
T11,2018-07-22,2181.0
T11,2018-07-23,2509.0
T11,2018-07-24,2771.0
T11,2018-07-25,2544.0
T11,2018-07-26,2609.0
T11,2018-07-27,2499.0
T11,2018-07-28,1169.0
T11,2018-07-29,2280.0
T11,2018-07-30,2104.0
T11,2018-07-31,1649.0
T11,2018-08-01,2238.0
T11,2018-08-02,2349.0
T11,2018-08-03,2679.0
T11,2018-08-04,2907.0
T11,2018-08-05,1802.0
T11,2018-08-06,1995.0
T11,2018-08-07,2001.0
T11,2018-08-08,3015.0
T11,2018-08-09,2191.0
T11,2018-08-10,1559.0
T11,2018-08-11,2324.0
T11,2018-08-12,3408.0
T11,2018-08-13,3117.0
T11,2018-08-14,3208.0
T11,2018-08-15,2166.0
T11,2018-08-16,2340.0
T11,2018-08-17,3004.0
T11,2018-08-18,3814.0
T11,2018-08-19,3790.0
T11,2018-08-20,2224.0
T11,2018-08-21,1114.0
T11,2018-08-22,2133.0
T11,2018-08-23,2753.0
T11,2018-08-24,3059.0
T11,2018-08-25,3903.0
T11,2018-08-26,3789.0
T11,2018-08-27,2394.0
T11,2018-08-28,1723.0
T11,2018-08-29,2459.0
T11,2018-08-30,2612.0
T11,2018-08-31,2757.0
T11,2018-09-01,2506.0
T11,2018-09-02,4163.0
T11,2018-09-03,2682.0
T11,2018-09-04,1976.0
T11,2018-09-05,2107.0
T11,2018-09-06,2585.0
T11,2018-09-07,3157.0
T11,2018-09-08,2382.0
T11,2018-09-09,2880.0
T11,2018-09-10,2603.0
T11,2018-09-11,2694.0
T11,2018-09-12,2840.0
T11,2018-09-13,2524.0
T11,2018-09-14,2450.0
T11,2018-09-15,2972.0
T11,2018-09-16,3508.0
T11,2018-09-17,2603.0
T11,2018-09-18,2169.0
T11,2018-09-19,1710.0
T11,2018-09-20,2144.0
T11,2018-09-21,2666.0
T11,2018-09-22,3718.0
T11,2018-09-23,3504.0
T11,2018-09-24,2691.0
T11,2018-09-25,2070.0
T11,2018-09-26,2349.0
T11,2018-09-27,2492.0
T11,2018-09-28,3139.0
T11,2018-09-29,4027.0
T11,2018-09-30,4025.0
T11,2018-10-01,3030.0
T11,2018-10-02,2579.0
T11,2018-10-03,2224.0
T11,2018-10-04,1631.0
T11,2018-10-05,824.0
T11,2018-10-06,2546.0
T11,2018-10-07,3065.0
T11,2018-10-08,3003.0
T11,2018-10-09,2488.0
T11,2018-10-10,2329.0
T11,2018-10-11,2469.0
T11,2018-10-12,3222.0
T11,2018-10-13,3532.0
T11,2018-10-14,2798.0
T11,2018-10-15,2507.0
T11,2018-10-16,2780.0
T11,2018-10-17,2796.0
T11,2018-10-18,2141.0
T11,2018-10-19,2308.0
T11,2018-10-20,3016.0
T11,2018-10-21,3750.0
T11,2018-10-22,2816.0
T11,2018-10-23,2903.0
T11,2018-10-24,2260.0
T11,2018-10-25,1970.0
T11,2018-10-26,2493.0
T11,2018-10-27,3335.0
T11,2018-10-28,2757.0
T11,2018-10-29,2841.0
T11,2018-10-30,2725.0
T11,2018-10-31,2688.0
T11,2018-11-01,2294.0
T11,2018-11-02,1404.0
T11,2018-11-03,3287.0
T11,2018-11-04,3808.0
T11,2018-11-05,2499.0
T11,2018-11-06,3837.0
T11,2018-11-07,3621.0
T11,2018-11-08,3048.0
T11,2018-11-09,3686.0
T11,2018-11-10,3800.0
T11,2018-11-11,3945.0
T11,2018-11-12,20412.0
T11,2018-11-13,4350.0
T11,2018-11-14,3982.0
T11,2018-11-15,3297.0
T11,2018-11-16,1717.0
T11,2018-11-17,3701.0
T11,2018-11-18,4246.0
T11,2018-11-19,3715.0
T11,2018-11-20,3320.0
T11,2018-11-21,3951.0
T11,2018-11-22,3783.0
T11,2018-11-23,3939.0
T11,2018-11-24,4379.0
T11,2018-11-25,4744.0
T11,2018-11-26,2990.0
T11,2018-11-27,3671.0
T11,2018-11-28,3680.0
T11,2018-11-29,3409.0
T11,2018-11-30,3350.0
T11,2018-12-01,5355.0
T11,2018-12-02,4643.0
T11,2018-12-03,3494.0
T11,2018-12-04,3677.0
T11,2018-12-05,3462.0
T11,2018-12-06,2090.0
T11,2018-12-07,3122.0
T11,2018-12-08,11978.0
T11,2018-12-09,4719.0
T11,2018-12-10,3380.0
T11,2018-12-11,2565.0
T11,2018-12-12,1904.0
T11,2018-12-13,2751.0
T11,2018-12-14,3409.0
T11,2018-12-15,4185.0
T11,2018-12-16,3399.0
T11,2018-12-17,3250.0
T11,2018-12-18,3854.0
T11,2018-12-19,1855.0
T11,2018-12-20,4013.0
T11,2018-12-21,3118.0
T11,2018-12-22,3704.0
T11,2018-12-23,4347.0
T11,2018-12-24,3146.0
T11,2018-12-25,2271.0
T11,2018-12-26,3400.0
T11,2018-12-27,3456.0
T11,2018-12-28,3636.0
T11,2018-12-29,5342.0
T11,2018-12-30,4638.0
T11,2018-12-31,1529.0
T11,2019-01-01,1654.0
T11,2019-01-02,1602.0
T11,2019-01-03,1490.0
T11,2019-01-04,1717.0
T11,2019-01-05,2482.0
T11,2019-01-06,1701.0
T11,2019-01-07,1466.0
T11,2019-01-08,1507.0
T11,2019-01-09,1593.0
T11,2019-01-10,1310.0
T11,2019-01-11,1139.0
T11,2019-01-12,1508.0
T11,2019-01-13,1446.0
T11,2019-01-14,1600.0
T11,2019-01-15,1472.0
T11,2019-01-16,1059.0
T11,2019-01-17,1879.0
T11,2019-01-18,1516.0
T11,2019-01-19,1677.0
T11,2019-01-20,1666.0
T11,2019-01-21,1209.0
T11,2019-01-22,1462.0
T11,2019-01-23,1712.0
T11,2019-01-24,1514.0
T11,2019-01-25,846.0
T11,2019-01-26,834.0
T11,2019-01-27,1163.0
T11,2019-01-28,1303.0
T11,2019-01-29,1564.0
T11,2019-01-30,1251.0
T11,2019-01-31,1260.0
T11,2019-02-01,481.0
T11,2019-02-02,6739.0
T11,2019-02-03,3126.0
T11,2019-02-04,1081.0
T11,2019-02-05,1072.0
T11,2019-02-06,1234.0
T11,2019-02-07,1358.0
T11,2019-02-08,1716.0
T11,2019-02-09,2085.0
T11,2019-02-10,2229.0
T11,2019-02-11,1607.0
T11,2019-02-12,1576.0
T11,2019-02-13,1284.0
T11,2019-02-14,1335.0
T11,2019-02-15,2473.0
T11,2019-02-16,2615.0
T11,2019-02-17,1906.0
T11,2019-02-18,1510.0
T11,2019-02-19,1257.0
T11,2019-02-20,1365.0
T11,2019-02-21,1562.0
T11,2019-02-22,704.0
T11,2019-02-23,1218.0
T11,2019-02-24,1142.0
T11,2019-02-25,1257.0
T11,2019-02-26,1268.0
T11,2019-02-27,1096.0
T11,2019-02-28,1176.0
T11,2019-03-01,1378.0
T11,2019-03-02,1132.0
T11,2019-03-03,1337.0
T11,2019-03-04,1094.0
T11,2019-03-05,959.0
T11,2019-03-06,1004.0
T11,2019-03-07,775.0
T11,2019-03-08,410.0
T11,2019-03-09,1360.0
T11,2019-03-10,1606.0
T11,2019-03-11,1156.0
T11,2019-03-12,1356.0
T11,2019-03-13,1248.0
T11,2019-03-14,1200.0
T11,2019-03-15,1228.0
T11,2019-03-16,1626.0
T11,2019-03-17,1559.0
T11,2019-03-18,1166.0
T11,2019-03-19,1301.0
T11,2019-03-20,1380.0
T11,2019-03-21,1105.0
T11,2019-03-22,987.0
T11,2019-03-23,1086.0
T11,2019-03-24,766.0
T11,2019-03-25,650.0
T11,2019-03-26,797.0
T11,2019-03-27,465.0
T11,2019-03-28,552.0
T11,2019-03-29,510.0
T11,2019-03-30,1078.0
T11,2019-03-31,572.0
T11,2019-04-01,338.0
T11,2019-04-02,923.0
T11,2019-04-03,959.0
T11,2019-04-04,931.0
T11,2019-04-05,1139.0
T11,2019-04-06,1630.0
T11,2019-04-07,1359.0
T11,2019-04-08,1338.0
T11,2019-04-09,900.0
T11,2019-04-10,571.0
T11,2019-04-11,836.0
T11,2019-04-12,954.0
T11,2019-04-13,1467.0
T11,2019-04-14,1006.0
T11,2019-04-15,1062.0
T11,2019-04-16,611.0
T11,2019-04-17,708.0
T11,2019-04-18,615.0
T11,2019-04-19,818.0
T11,2019-04-20,994.0
T11,2019-04-21,1218.0
T11,2019-04-22,1132.0
T11,2019-04-23,1325.0
T11,2019-04-24,1629.0
T11,2019-04-25,1468.0
T11,2019-04-26,10737.0
T11,2019-04-27,5996.0
T11,2019-04-28,13498.0
T11,2019-04-29,1147.0
T11,2019-04-30,1277.0
T11,2019-05-01,1319.0
T11,2019-05-02,1338.0
T11,2019-05-03,1562.0
T11,2019-05-04,2145.0
T11,2019-05-05,897.0
T11,2019-05-06,1225.0
T11,2019-05-07,1239.0
T11,2019-05-08,802.0
T11,2019-05-09,688.0
T11,2019-05-10,629.0
T11,2019-05-11,704.0
T11,2019-05-12,419.0
T11,2019-05-13,701.0
T11,2019-05-14,734.0
T11,2019-05-15,708.0
T11,2019-05-16,954.0
T11,2019-05-17,1129.0
T11,2019-05-18,1102.0
T11,2019-05-19,1377.0
T11,2019-05-20,818.0
T11,2019-05-21,706.0
T11,2019-05-22,1147.0
T11,2019-05-23,986.0
T11,2019-05-24,548.0
T11,2019-05-25,1468.0
T11,2019-05-26,1774.0
T11,2019-05-27,843.0
T11,2019-05-28,1083.0
T11,2019-05-29,1100.0
T11,2019-05-30,995.0
T11,2019-05-31,1189.0
T11,2019-06-01,1033.0
T11,2019-06-02,1422.0
T11,2019-06-03,1018.0
T11,2019-06-04,921.0
T11,2019-06-05,880.0
T11,2019-06-06,679.0
T11,2019-06-07,437.0
T11,2019-06-08,662.0
T11,2019-06-09,460.0
T11,2019-06-10,994.0
T11,2019-06-11,946.0
T11,2019-06-12,1036.0
T11,2019-06-13,848.0
T11,2019-06-14,746.0
T11,2019-06-15,1792.0
T11,2019-06-16,835.0
T11,2019-06-17,836.0
T11,2019-06-18,880.0
T11,2019-06-19,783.0
T11,2019-06-20,1252.0
T11,2019-06-21,1249.0
T11,2019-06-22,1361.0
T11,2019-06-23,1276.0
T11,2019-06-24,1253.0
T11,2019-06-25,1173.0
T11,2019-06-26,580.0
T11,2019-06-27,1096.0
T11,2019-06-28,1280.0
T11,2019-06-29,1363.0
T11,2019-06-30,1108.0
T11,2019-07-01,1290.0
T11,2019-07-02,1409.0
T11,2019-07-03,1172.0
T11,2019-07-04,1226.0
T11,2019-07-05,603.0
T11,2019-07-06,781.0
T11,2019-07-07,376.0
T11,2019-07-08,676.0
T11,2019-07-09,1289.0
T11,2019-07-10,1389.0
T11,2019-07-11,1026.0
T11,2019-07-12,1195.0
T11,2019-07-13,1672.0
T11,2019-07-14,763.0
T11,2019-07-15,962.0
T11,2019-07-16,1178.0
T11,2019-07-17,1443.0
T11,2019-07-18,1299.0
T11,2019-07-19,1299.0
T11,2019-07-20,837.0
T11,2019-07-21,1236.0
T11,2019-07-22,961.0
T11,2019-07-23,1289.0
T11,2019-07-24,1358.0
T11,2019-07-25,1531.0
T11,2019-07-26,813.0
T11,2019-07-27,1163.0
T11,2019-07-28,1338.0
T11,2019-07-29,1281.0
T11,2019-07-30,1638.0
T11,2019-07-31,1672.0
T11,2019-08-01,1427.0
T11,2019-08-02,869.0
T11,2019-08-03,1668.0
T11,2019-08-04,1546.0
T11,2019-08-05,1198.0
T11,2019-08-06,623.0
T11,2019-08-07,1017.0
T11,2019-08-08,1043.0
T11,2019-08-09,1189.0
T11,2019-08-10,1821.0
T11,2019-08-11,1691.0
T11,2019-08-12,1236.0
T11,2019-08-13,1243.0
T11,2019-08-14,814.0
T11,2019-08-15,811.0
T11,2019-08-16,953.0
T11,2019-08-17,1126.0
T11,2019-08-18,1253.0
T11,2019-08-19,1376.0
T11,2019-08-20,1649.0
T11,2019-08-21,1746.0
T11,2019-08-22,1253.0
T11,2019-08-23,1108.0
T11,2019-08-24,836.0
T11,2019-08-25,1093.0
T11,2019-08-26,1623.0
T11,2019-08-27,1478.0
T11,2019-08-28,1472.0
T11,2019-08-29,1260.0
T11,2019-08-30,1046.0
T11,2019-08-31,1105.0
T11,2019-09-01,940.0
T11,2019-09-02,766.0
T11,2019-09-03,1740.0
T11,2019-09-04,1222.0
T11,2019-09-05,474.0
T11,2019-09-06,569.0
T11,2019-09-07,861.0
T11,2019-09-08,1484.0
T11,2019-09-09,1413.0
T11,2019-09-10,877.0
T11,2019-09-11,1055.0
T11,2019-09-12,1477.0
T11,2019-09-13,1377.0
T11,2019-09-14,1493.0
T11,2019-09-15,1538.0
T11,2019-09-16,1570.0
T11,2019-09-17,1632.0
T11,2019-09-18,1370.0
T11,2019-09-19,942.0
T11,2019-09-20,1481.0
T11,2019-09-21,1634.0
T11,2019-09-22,2072.0
T11,2019-09-23,1354.0
T11,2019-09-24,905.0
T11,2019-09-25,1549.0
T11,2019-09-26,1429.0
T11,2019-09-27,915.0
T11,2019-09-28,1765.0
T11,2019-09-29,834.0
T11,2019-09-30,917.0
T11,2019-10-01,1222.0
T11,2019-10-02,1619.0
T11,2019-10-03,1352.0
T11,2019-10-04,1214.0
T11,2019-10-05,2864.0
T11,2019-10-06,3441.0
T11,2019-10-07,1084.0
T11,2019-10-08,1355.0
T11,2019-10-09,1220.0
T11,2019-10-10,1163.0
T11,2019-10-11,1482.0
T11,2019-10-12,1829.0
T11,2019-10-13,1689.0
T11,2019-10-14,1620.0
T11,2019-10-15,1488.0
T11,2019-10-16,1368.0
T11,2019-10-17,1619.0
T11,2019-10-18,866.0
T11,2019-10-19,1431.0
T11,2019-10-20,1577.0
T11,2019-10-21,1338.0
T11,2019-10-22,1487.0
T11,2019-10-23,1637.0
T11,2019-10-24,1599.0
T11,2019-10-25,1989.0
T11,2019-10-26,1941.0
T11,2019-10-27,1809.0
T11,2019-10-28,810.0
T11,2019-10-29,9670.0
T11,2019-10-30,2062.0
T11,2019-10-31,1645.0
T11,2019-11-01,1399.0
T11,2019-11-02,1094.0
T11,2019-11-03,868.0
T11,2019-11-04,806.0
T11,2019-11-05,1642.0
T11,2019-11-06,1625.0
T11,2019-11-07,1509.0
T11,2019-11-08,826.0
T11,2019-11-09,1495.0
T11,2019-11-10,1744.0
T11,2019-11-11,1359.0
T11,2019-11-12,1109.0
T11,2019-11-13,459.0
T11,2019-11-14,1196.0
T11,2019-11-15,1511.0
T11,2019-11-16,1921.0
T11,2019-11-17,1355.0
T11,2019-11-18,663.0
T11,2019-11-19,1636.0
T11,2019-11-20,782.0
T11,2019-11-21,1215.0
T11,2019-11-22,1750.0
T11,2019-11-23,1573.0
T11,2019-11-24,3355.0
T11,2019-11-25,1778.0
T11,2019-11-26,1520.0
T11,2019-11-27,1331.0
T11,2019-11-28,900.0
T11,2019-11-29,879.0
T11,2019-11-30,614.0
T11,2019-12-01,1452.0
T11,2019-12-02,1194.0
T11,2019-12-03,1332.0
T11,2019-12-04,1385.0
T11,2019-12-05,1338.0
T11,2019-12-06,1280.0
T11,2019-12-07,1810.0
T11,2019-12-08,1386.0
T11,2019-12-09,1515.0
T11,2019-12-10,1317.0
T11,2019-12-11,1496.0
T11,2019-12-12,1245.0
T11,2019-12-13,821.0
T11,2019-12-14,974.0
T11,2019-12-15,1763.0
T11,2019-12-16,1382.0
T11,2019-12-17,511.0
T11,2019-12-18,791.0
T11,2019-12-19,1202.0
T11,2019-12-20,1310.0
T11,2019-12-21,1902.0
T11,2019-12-22,1598.0
T11,2019-12-23,1027.0
T11,2019-12-24,1131.0
T11,2019-12-25,1271.0
T11,2019-12-26,1382.0
T11,2019-12-27,1518.0
T11,2019-12-28,1953.0
T11,2019-12-29,1405.0
T11,2019-12-30,1234.0
T11,2019-12-31,1294.0
T11,2020-01-01,872.0
T11,2020-01-02,636.0
T11,2020-01-03,877.0
T11,2020-01-04,1527.0
T11,2020-01-05,1692.0
T11,2020-01-06,1518.0
T11,2020-01-07,1473.0
T11,2020-01-08,1437.0
T11,2020-01-09,1329.0
T11,2020-01-10,654.0
T11,2020-01-11,1239.0
T11,2020-01-12,1438.0
T11,2020-01-13,1354.0
T11,2020-01-14,1213.0
T11,2020-01-15,1159.0
T11,2020-01-16,1056.0
T11,2020-01-17,776.0
T11,2020-01-18,1023.0
T11,2020-01-19,698.0
T11,2020-01-20,669.0
T11,2020-01-21,705.0
T11,2020-01-22,672.0
T11,2020-01-23,819.0
T11,2020-01-24,900.0
T11,2020-01-25,1078.0
T11,2020-01-26,764.0
T11,2020-01-27,954.0
T11,2020-01-28,1000.0
T11,2020-01-29,873.0
T11,2020-01-30,361.0
T11,2020-01-31,683.0
T11,2020-02-01,375.0
T11,2020-02-02,487.0
T11,2020-02-03,763.0
T11,2020-02-04,676.0
T11,2020-02-05,881.0
T11,2020-02-06,992.0
T11,2020-02-07,1144.0
T11,2020-02-08,474.0
T11,2020-02-09,983.0
T11,2020-02-10,1264.0
T11,2020-02-11,1184.0
T11,2020-02-12,1091.0
T11,2020-02-13,906.0
T11,2020-02-14,926.0
T11,2020-02-15,1058.0
T11,2020-02-16,1170.0
T11,2020-02-17,1017.0
T11,2020-02-18,1000.0
T11,2020-02-19,1047.0
T11,2020-02-20,788.0
T11,2020-02-21,1252.0
T11,2020-02-22,1116.0
T11,2020-02-23,948.0
T11,2020-02-24,1167.0
T11,2020-02-25,808.0
T11,2020-02-26,280.0
T11,2020-02-27,303.0
T12,2009-05-01,7462.0
T12,2009-05-02,8808.0
T12,2009-05-03,11322.0
T12,2009-05-04,2712.0
T12,2009-05-05,3390.0
T12,2009-05-06,4340.0
T12,2009-05-07,2976.0
T12,2009-05-08,6068.0
T12,2009-05-09,7051.0
T12,2009-05-10,10028.0
T12,2009-05-11,4002.0
T12,2009-05-12,2914.0
T12,2009-05-13,3520.0
T12,2009-05-14,3308.0
T12,2009-05-15,5140.0
T12,2009-05-16,6167.0
T12,2009-05-17,9151.0
T12,2009-05-18,3108.0
T12,2009-05-19,3522.0
T12,2009-05-20,4239.0
T12,2009-05-21,3442.0
T12,2009-05-22,8301.0
T12,2009-05-23,10411.0
T12,2009-05-24,9093.0
T12,2009-05-25,2009.0
T12,2009-05-26,3132.0
T12,2009-05-27,2804.0
T12,2009-05-28,2826.0
T12,2009-05-29,6689.0
T12,2009-05-30,11471.0
T12,2009-05-31,10503.0
T12,2009-06-01,2501.0
T12,2009-06-02,2744.0
T12,2009-06-03,6007.0
T12,2009-06-04,4215.0
T12,2009-06-05,7266.0
T12,2009-06-06,7884.0
T12,2009-06-07,11689.0
T12,2009-06-08,3753.0
T12,2009-06-09,1433.0
T12,2009-06-10,1781.0
T12,2009-06-11,3010.0
T12,2009-06-12,5503.0
T12,2009-06-13,6979.0
T12,2009-06-14,6378.0
T12,2009-06-15,2882.0
T12,2009-06-16,2659.0
T12,2009-06-17,2514.0
T12,2009-06-18,2775.0
T12,2009-06-19,6401.0
T12,2009-06-20,6046.0
T12,2009-06-21,4201.0
T12,2009-06-22,2925.0
T12,2009-06-23,2284.0
T12,2009-06-24,2767.0
T12,2009-06-25,3053.0
T12,2009-06-26,4270.0
T12,2009-06-27,5995.0
T12,2009-06-28,7934.0
T12,2009-06-29,3365.0
T12,2009-06-30,2352.0
T12,2009-07-01,2823.0
T12,2009-07-02,2092.0
T12,2009-07-03,2433.0
T12,2009-07-04,5534.0
T12,2009-07-05,8247.0
T12,2009-07-06,2653.0
T12,2009-07-07,4030.0
T12,2009-07-08,4123.0
T12,2009-07-09,4583.0
T12,2009-07-10,6611.0
T12,2009-07-11,3257.0
T12,2009-07-12,5502.0
T12,2009-07-13,2162.0
T12,2009-07-14,2659.0
T12,2009-07-15,3050.0
T12,2009-07-16,3216.0
T12,2009-07-17,6736.0
T12,2009-07-18,5376.0
T12,2009-07-19,7827.0
T12,2009-07-20,2427.0
T12,2009-07-21,2327.0
T12,2009-07-22,1765.0
T12,2009-07-23,2503.0
T12,2009-07-24,3604.0
T12,2009-07-25,6062.0
T12,2009-07-26,6299.0
T12,2009-07-27,2209.0
T12,2009-07-28,2354.0
T12,2009-07-29,2849.0
T12,2009-07-30,2099.0
T12,2009-07-31,5474.0
T12,2009-08-01,5537.0
T12,2009-08-02,7637.0
T12,2009-08-03,2768.0
T12,2009-08-04,2097.0
T12,2009-08-05,2839.0
T12,2009-08-06,2845.0
T12,2009-08-07,2873.0
T12,2009-08-08,8177.0
T12,2009-08-09,5302.0
T12,2009-08-10,1879.0
T12,2009-08-11,2153.0
T12,2009-08-12,2406.0
T12,2009-08-13,3125.0
T12,2009-08-14,4842.0
T12,2009-08-15,5937.0
T12,2009-08-16,4853.0
T12,2009-08-17,3205.0
T12,2009-08-18,3084.0
T12,2009-08-19,3340.0
T12,2009-08-20,2626.0
T12,2009-08-21,4935.0
T12,2009-08-22,7202.0
T12,2009-08-23,8388.0
T12,2009-08-24,1691.0
T12,2009-08-25,1665.0
T12,2009-08-26,2041.0
T12,2009-08-27,2656.0
T12,2009-08-28,4484.0
T12,2009-08-29,5182.0
T12,2009-08-30,9276.0
T12,2009-08-31,1602.0
T12,2009-09-01,2505.0
T12,2009-09-02,2888.0
T12,2009-09-03,3082.0
T12,2009-09-04,2696.0
T12,2009-09-05,5101.0
T12,2009-09-06,5535.0
T12,2009-09-07,2447.0
T12,2009-09-08,1999.0
T12,2009-09-09,2211.0
T12,2009-09-10,2692.0
T12,2009-09-11,3893.0
T12,2009-09-12,7352.0
T12,2009-09-13,6285.0
T12,2009-09-14,2698.0
T12,2009-09-15,3513.0
T12,2009-09-16,3380.0
T12,2009-09-17,1179.0
T12,2009-09-18,4797.0
T12,2009-09-19,4009.0
T12,2009-09-20,8097.0
T12,2009-09-21,3765.0
T12,2009-09-22,3655.0
T12,2009-09-23,2849.0
T12,2009-09-24,3043.0
T12,2009-09-25,2585.0
T12,2009-09-26,2630.0
T12,2009-09-27,1644.0
T12,2009-09-28,2062.0
T12,2009-09-29,5061.0
T12,2009-09-30,4140.0
T12,2009-10-01,3208.0
T12,2009-10-02,3145.0
T12,2009-10-03,7292.0
T12,2009-10-04,8597.0
T12,2009-10-05,2968.0
T12,2009-10-06,2357.0
T12,2009-10-07,2557.0
T12,2009-10-08,2779.0
T12,2009-10-09,5265.0
T12,2009-10-10,7386.0
T12,2009-10-11,7412.0
T12,2009-10-12,2336.0
T12,2009-10-13,2104.0
T12,2009-10-14,2719.0
T12,2009-10-15,1921.0
T12,2009-10-16,3682.0
T12,2009-10-17,4642.0
T12,2009-10-18,6417.0
T12,2009-10-19,4009.0
T12,2009-10-20,4010.0
T12,2009-10-21,3005.0
T12,2009-10-22,4104.0
T12,2009-10-23,5523.0
T12,2009-10-24,11060.0
T12,2009-10-25,7779.0
T12,2009-10-26,3162.0
T12,2009-10-27,4249.0
T12,2009-10-28,3439.0
T12,2009-10-29,4488.0
T12,2009-10-30,4403.0
T12,2009-10-31,6671.0
T12,2009-11-01,7738.0
T12,2009-11-02,6530.0
T12,2009-11-03,3856.0
T12,2009-11-04,4906.0
T12,2009-11-05,7845.0
T12,2009-11-06,7201.0
T12,2009-11-07,10321.0
T12,2009-11-08,6599.0
T12,2009-11-09,2994.0
T12,2009-11-10,3986.0
T12,2009-11-11,4065.0
T12,2009-11-12,4270.0
T12,2009-11-13,6256.0
T12,2009-11-14,6946.0
T12,2009-11-15,8220.0
T12,2009-11-16,5089.0
T12,2009-11-17,3923.0
T12,2009-11-18,4378.0
T12,2009-11-19,3926.0
T12,2009-11-20,6831.0
T12,2009-11-21,4931.0
T12,2009-11-22,2705.0
T12,2009-11-23,3635.0
T12,2009-11-24,4457.0
T12,2009-11-25,11160.0
T12,2009-11-26,3342.0
T12,2009-11-27,6742.0
T12,2009-11-28,6141.0
T12,2009-11-29,5902.0
T12,2009-11-30,3072.0
T12,2009-12-01,4100.0
T12,2009-12-02,4058.0
T12,2009-12-03,3520.0
T12,2009-12-04,6795.0
T12,2009-12-05,7262.0
T12,2009-12-06,9240.0
T12,2009-12-07,3292.0
T12,2009-12-08,2189.0
T12,2009-12-09,4837.0
T12,2009-12-10,3693.0
T12,2009-12-11,7213.0
T12,2009-12-12,7239.0
T12,2009-12-13,6453.0
T12,2009-12-14,4694.0
T12,2009-12-15,5835.0
T12,2009-12-16,5333.0
T12,2009-12-17,3574.0
T12,2009-12-18,9027.0
T12,2009-12-19,7655.0
T12,2009-12-20,7567.0
T12,2009-12-21,4865.0
T12,2009-12-22,5832.0
T12,2009-12-23,4795.0
T12,2009-12-24,2079.0
T12,2009-12-25,4320.0
T12,2009-12-26,5627.0
T12,2009-12-27,8199.0
T12,2009-12-28,7569.0
T12,2009-12-29,6852.0
T12,2009-12-30,4624.0
T12,2009-12-31,12621.0
T12,2010-01-01,7398.0
T12,2010-01-02,5497.0
T12,2010-01-03,7053.0
T12,2010-01-04,5564.0
T12,2010-01-05,5194.0
T12,2010-01-06,5278.0
T12,2010-01-07,5390.0
T12,2010-01-08,5029.0
T12,2010-01-09,5378.0
T12,2010-01-10,6973.0
T12,2010-01-11,2398.0
T12,2010-01-12,3059.0
T12,2010-01-13,4111.0
T12,2010-01-14,4706.0
T12,2010-01-15,6488.0
T12,2010-01-16,8082.0
T12,2010-01-17,5078.0
T12,2010-01-18,1573.0
T12,2010-01-19,4045.0
T12,2010-01-20,4422.0
T12,2010-01-21,5778.0
T12,2010-01-22,6284.0
T12,2010-01-23,7713.0
T12,2010-01-24,10964.0
T12,2010-01-25,6234.0
T12,2010-01-26,12899.0
T12,2010-01-27,3461.0
T12,2010-01-28,3909.0
T12,2010-01-29,4321.0
T12,2010-01-30,7662.0
T12,2010-01-31,3220.0
T12,2010-02-01,3630.0
T12,2010-02-02,3631.0
T12,2010-02-03,3467.0
T12,2010-02-04,2943.0
T12,2010-02-05,8983.0
T12,2010-02-06,19352.0
T12,2010-02-07,20188.0
T12,2010-02-08,3247.0
T12,2010-02-09,4045.0
T12,2010-02-10,3593.0
T12,2010-02-11,4820.0
T12,2010-02-12,4676.0
T12,2010-02-13,10757.0
T12,2010-02-14,9887.0
T12,2010-02-15,8212.0
T12,2010-02-16,5198.0
T12,2010-02-17,5366.0
T12,2010-02-18,6450.0
T12,2010-02-19,6481.0
T12,2010-02-20,7973.0
T12,2010-02-21,9253.0
T12,2010-02-22,2986.0
T12,2010-02-23,3720.0
T12,2010-02-24,3515.0
T12,2010-02-25,4356.0
T12,2010-02-26,5854.0
T12,2010-02-27,8165.0
T12,2010-02-28,4884.0
T12,2010-03-01,2734.0
T12,2010-03-02,3414.0
T12,2010-03-03,8888.0
T12,2010-03-04,3401.0
T12,2010-03-05,4717.0
T12,2010-03-06,4276.0
T12,2010-03-07,3468.0
T12,2010-03-08,2587.0
T12,2010-03-09,2869.0
T12,2010-03-10,3106.0
T12,2010-03-11,3264.0
T12,2010-03-12,5217.0
T12,2010-03-13,12038.0
T12,2010-03-14,31107.0
T12,2010-03-15,3707.0
T12,2010-03-16,4391.0
T12,2010-03-17,3661.0
T12,2010-03-18,4483.0
T12,2010-03-19,5759.0
T12,2010-03-20,11944.0
T12,2010-03-21,7033.0
T12,2010-03-22,3540.0
T12,2010-03-23,3588.0
T12,2010-03-24,3184.0
T12,2010-03-25,3503.0
T12,2010-03-26,4380.0
T12,2010-03-27,5719.0
T12,2010-03-28,8003.0
T12,2010-03-29,3269.0
T12,2010-03-30,3960.0
T12,2010-03-31,3989.0
T12,2010-04-01,4016.0
T12,2010-04-02,9753.0
T12,2010-04-03,8909.0
T12,2010-04-04,11482.0
T12,2010-04-05,7585.0
T12,2010-04-06,4960.0
T12,2010-04-07,4585.0
T12,2010-04-08,4390.0
T12,2010-04-09,7766.0
T12,2010-04-10,8093.0
T12,2010-04-11,5298.0
T12,2010-04-12,2066.0
T12,2010-04-13,3006.0
T12,2010-04-14,3383.0
T12,2010-04-15,3151.0
T12,2010-04-16,5548.0
T12,2010-04-17,8737.0
T12,2010-04-18,10873.0
T12,2010-04-19,3325.0
T12,2010-04-20,3303.0
T12,2010-04-21,3441.0
T12,2010-04-22,3474.0
T12,2010-04-23,4072.0
T12,2010-04-24,5278.0
T12,2010-04-25,7194.0
T12,2010-04-26,6432.0
T12,2010-04-27,1944.0
T12,2010-04-28,2587.0
T12,2010-04-29,2758.0
T12,2010-04-30,6200.0
T12,2010-05-01,6723.0
T12,2010-05-02,4212.0
T12,2010-05-03,2709.0
T12,2010-05-04,2311.0
T12,2010-05-05,2257.0
T12,2010-05-06,2708.0
T12,2010-05-07,2898.0
T12,2010-05-08,7241.0
T12,2010-05-09,6984.0
T12,2010-05-10,4640.0
T12,2010-05-11,2100.0
T12,2010-05-12,2187.0
T12,2010-05-13,2439.0
T12,2010-05-14,3372.0
T12,2010-05-15,5798.0
T12,2010-05-16,7496.0
T12,2010-05-17,2464.0
T12,2010-05-18,2887.0
T12,2010-05-19,2719.0
T12,2010-05-20,2985.0
T12,2010-05-21,3599.0
T12,2010-05-22,6816.0
T12,2010-05-23,8035.0
T12,2010-05-24,1513.0
T12,2010-05-25,2248.0
T12,2010-05-26,2678.0
T12,2010-05-27,2302.0
T12,2010-05-28,5893.0
T12,2010-05-29,5630.0
T12,2010-05-30,4872.0
T12,2010-05-31,2221.0
T12,2010-06-01,2812.0
T12,2010-06-02,2511.0
T12,2010-06-03,3096.0
T12,2010-06-04,4690.0
T12,2010-06-05,3049.0
T12,2010-06-06,5693.0
T12,2010-06-07,2265.0
T12,2010-06-08,2575.0
T12,2010-06-09,1418.0
T12,2010-06-10,2254.0
T12,2010-06-11,4251.0
T12,2010-06-12,5985.0
T12,2010-06-13,7510.0
T12,2010-06-14,4711.0
T12,2010-06-15,2476.0
T12,2010-06-16,1682.0
T12,2010-06-17,2071.0
T12,2010-06-18,2964.0
T12,2010-06-19,6635.0
T12,2010-06-20,3312.0
T12,2010-06-21,2312.0
T12,2010-06-22,2697.0
T12,2010-06-23,2908.0
T12,2010-06-24,2442.0
T12,2010-06-25,1949.0
T12,2010-06-26,2543.0
T12,2010-06-27,4103.0
T12,2010-06-28,2195.0
T12,2010-06-29,1586.0
T12,2010-06-30,2515.0
T12,2010-07-01,4451.0
T12,2010-07-02,4468.0
T12,2010-07-03,6850.0
T12,2010-07-04,7219.0
T12,2010-07-05,3733.0
T12,2010-07-06,5280.0
T12,2010-07-07,3524.0
T12,2010-07-08,3910.0
T12,2010-07-09,7009.0
T12,2010-07-10,4625.0
T12,2010-07-11,8398.0
T12,2010-07-12,2952.0
T12,2010-07-13,2668.0
T12,2010-07-14,2312.0
T12,2010-07-15,3194.0
T12,2010-07-16,6587.0
T12,2010-07-17,5355.0
T12,2010-07-18,3041.0
T12,2010-07-19,2475.0
T12,2010-07-20,2195.0
T12,2010-07-21,2817.0
T12,2010-07-22,1962.0
T12,2010-07-23,7076.0
T12,2010-07-24,6207.0
T12,2010-07-25,8339.0
T12,2010-07-26,2548.0
T12,2010-07-27,2985.0
T12,2010-07-28,1996.0
T12,2010-07-29,2738.0
T12,2010-07-30,7879.0
T12,2010-07-31,10283.0
T12,2010-08-01,4254.0
T12,2010-08-02,1974.0
T12,2010-08-03,2527.0
T12,2010-08-04,1745.0
T12,2010-08-05,1946.0
T12,2010-08-06,3499.0
T12,2010-08-07,5923.0
T12,2010-08-08,7567.0
T12,2010-08-09,3080.0
T12,2010-08-10,1508.0
T12,2010-08-11,1368.0
T12,2010-08-12,2049.0
T12,2010-08-13,3629.0
T12,2010-08-14,7610.0
T12,2010-08-15,4522.0
T12,2010-08-16,2135.0
T12,2010-08-17,2620.0
T12,2010-08-18,1435.0
T12,2010-08-19,2023.0
T12,2010-08-20,5110.0
T12,2010-08-21,5417.0
T12,2010-08-22,7362.0
T12,2010-08-23,2326.0
T12,2010-08-24,1648.0
T12,2010-08-25,1413.0
T12,2010-08-26,2039.0
T12,2010-08-27,2776.0
T12,2010-08-28,6812.0
T12,2010-08-29,7870.0
T12,2010-08-30,2724.0
T12,2010-08-31,1527.0
T12,2010-09-01,1325.0
T12,2010-09-02,2154.0
T12,2010-09-03,3179.0
T12,2010-09-04,2065.0
T12,2010-09-05,3091.0
T12,2010-09-06,1651.0
T12,2010-09-07,2558.0
T12,2010-09-08,2597.0
T12,2010-09-09,2440.0
T12,2010-09-10,2861.0
T12,2010-09-11,4610.0
T12,2010-09-12,3729.0
T12,2010-09-13,2134.0
T12,2010-09-14,2760.0
T12,2010-09-15,2007.0
T12,2010-09-16,1783.0
T12,2010-09-17,2706.0
T12,2010-09-18,2981.0
T12,2010-09-19,4512.0
T12,2010-09-20,2443.0
T12,2010-09-21,2474.0
T12,2010-09-22,2629.0
T12,2010-09-23,3154.0
T12,2010-09-24,4546.0
T12,2010-09-25,3443.0
T12,2010-09-26,7309.0
T12,2010-09-27,2063.0
T12,2010-09-28,2610.0
T12,2010-09-29,3229.0
T12,2010-09-30,3743.0
T12,2010-10-01,5262.0
T12,2010-10-02,6128.0
T12,2010-10-03,7932.0
T12,2010-10-04,2954.0
T12,2010-10-05,3385.0
T12,2010-10-06,1834.0
T12,2010-10-07,2845.0
T12,2010-10-08,3550.0
T12,2010-10-09,6864.0
T12,2010-10-10,8385.0
T12,2010-10-11,3088.0
T12,2010-10-12,1924.0
T12,2010-10-13,1571.0
T12,2010-10-14,2852.0
T12,2010-10-15,794.0
T12,2010-10-16,3043.0
T12,2010-10-17,3070.0
T12,2010-10-18,2217.0
T12,2010-10-19,3551.0
T12,2010-10-20,3527.0
T12,2010-10-21,3755.0
T12,2010-10-22,4650.0
T12,2010-10-23,2935.0
T12,2010-10-24,6229.0
T12,2010-10-25,3301.0
T12,2010-10-26,2939.0
T12,2010-10-27,2849.0
T12,2010-10-28,3878.0
T12,2010-10-29,5683.0
T12,2010-10-30,1525.0
T12,2010-10-31,2387.0
T12,2010-11-01,3674.0
T12,2010-11-02,2119.0
T12,2010-11-03,2653.0
T12,2010-11-04,2713.0
T12,2010-11-05,4312.0
T12,2010-11-06,7858.0
T12,2010-11-07,4604.0
T12,2010-11-08,2909.0
T12,2010-11-09,3899.0
T12,2010-11-10,2911.0
T12,2010-11-11,3969.0
T12,2010-11-12,3762.0
T12,2010-11-13,1902.0
T12,2010-11-14,5329.0
T12,2010-11-15,2950.0
T12,2010-11-16,4018.0
T12,2010-11-17,4818.0
T12,2010-11-18,2670.0
T12,2010-11-19,6071.0
T12,2010-11-20,6968.0
T12,2010-11-21,7179.0
T12,2010-11-22,3459.0
T12,2010-11-23,3740.0
T12,2010-11-24,2865.0
T12,2010-11-25,2477.0
T12,2010-11-26,3732.0
T12,2010-11-27,2044.0
T12,2010-11-28,1725.0
T12,2010-11-29,2971.0
T12,2010-11-30,4709.0
T12,2010-12-01,6999.0
T12,2010-12-02,3706.0
T12,2010-12-03,10306.0
T12,2010-12-04,7668.0
T12,2010-12-05,7868.0
T12,2010-12-06,3358.0
T12,2010-12-07,3472.0
T12,2010-12-08,1814.0
T12,2010-12-09,4161.0
T12,2010-12-10,6907.0
T12,2010-12-11,12389.0
T12,2010-12-12,5344.0
T12,2010-12-13,4328.0
T12,2010-12-14,4905.0
T12,2010-12-15,4788.0
T12,2010-12-16,5163.0
T12,2010-12-17,6833.0
T12,2010-12-18,4877.0
T12,2010-12-19,2326.0
T12,2010-12-20,2748.0
T12,2010-12-21,3732.0
T12,2010-12-22,5183.0
T12,2010-12-23,4583.0
T12,2010-12-24,6660.0
T12,2010-12-25,5361.0
T12,2010-12-26,3478.0
T12,2010-12-27,4058.0
T12,2010-12-28,8636.0
T12,2010-12-29,6341.0
T12,2010-12-30,7204.0
T12,2010-12-31,20840.0
T12,2011-01-01,12286.0
T12,2011-01-02,7368.0
T12,2011-01-03,5480.0
T12,2011-01-04,5138.0
T12,2011-01-05,4588.0
T12,2011-01-06,5249.0
T12,2011-01-07,4875.0
T12,2011-01-08,4233.0
T12,2011-01-09,5368.0
T12,2011-01-10,2236.0
T12,2011-01-11,2534.0
T12,2011-01-12,2965.0
T12,2011-01-13,1508.0
T12,2011-01-14,3636.0
T12,2011-01-15,7603.0
T12,2011-01-16,6366.0
T12,2011-01-17,3188.0
T12,2011-01-18,3693.0
T12,2011-01-19,3994.0
T12,2011-01-20,4814.0
T12,2011-01-21,5419.0
T12,2011-01-22,10095.0
T12,2011-01-23,7069.0
T12,2011-01-24,3429.0
T12,2011-01-25,4329.0
T12,2011-01-26,7011.0
T12,2011-01-27,4256.0
T12,2011-01-28,4938.0
T12,2011-01-29,7385.0
T12,2011-01-30,3581.0
T12,2011-01-31,3912.0
T12,2011-02-01,2749.0
T12,2011-02-02,5192.0
T12,2011-02-03,4709.0
T12,2011-02-04,6609.0
T12,2011-02-05,10364.0
T12,2011-02-06,8416.0
T12,2011-02-07,3322.0
T12,2011-02-08,3020.0
T12,2011-02-09,3534.0
T12,2011-02-10,3203.0
T12,2011-02-11,2214.0
T12,2011-02-12,11672.0
T12,2011-02-13,5793.0
T12,2011-02-14,5122.0
T12,2011-02-15,3431.0
T12,2011-02-16,2920.0
T12,2011-02-17,3009.0
T12,2011-02-18,4677.0
T12,2011-02-19,6046.0
T12,2011-02-20,3908.0
T12,2011-02-21,2080.0
T12,2011-02-22,3058.0
T12,2011-02-23,3251.0
T12,2011-02-24,4226.0
T12,2011-02-25,5421.0
T12,2011-02-26,8088.0
T12,2011-02-27,6011.0
T12,2011-02-28,2216.0
T12,2011-03-01,2711.0
T12,2011-03-02,3043.0
T12,2011-03-03,2913.0
T12,2011-03-04,3893.0
T12,2011-03-05,7455.0
T12,2011-03-06,28430.0
T12,2011-03-07,3465.0
T12,2011-03-08,3315.0
T12,2011-03-09,2013.0
T12,2011-03-10,3336.0
T12,2011-03-11,7335.0
T12,2011-03-12,7062.0
T12,2011-03-13,4168.0
T12,2011-03-14,5644.0
T12,2011-03-15,3739.0
T12,2011-03-16,3474.0
T12,2011-03-17,3537.0
T12,2011-03-18,4890.0
T12,2011-03-19,9411.0
T12,2011-03-20,7885.0
T12,2011-03-21,2980.0
T12,2011-03-22,3266.0
T12,2011-03-23,3478.0
T12,2011-03-24,1982.0
T12,2011-03-25,3000.0
T12,2011-03-26,6927.0
T12,2011-03-27,8984.0
T12,2011-03-28,3900.0
T12,2011-03-29,3807.0
T12,2011-03-30,2607.0
T12,2011-03-31,3190.0
T12,2011-04-01,4086.0
T12,2011-04-02,6212.0
T12,2011-04-03,5649.0
T12,2011-04-04,2452.0
T12,2011-04-05,3802.0
T12,2011-04-06,3736.0
T12,2011-04-07,3896.0
T12,2011-04-08,4817.0
T12,2011-04-09,4675.0
T12,2011-04-10,6624.0
T12,2011-04-11,3436.0
T12,2011-04-12,1920.0
T12,2011-04-13,2602.0
T12,2011-04-14,4016.0
T12,2011-04-15,4737.0
T12,2011-04-16,5733.0
T12,2011-04-17,20080.0
T12,2011-04-18,4602.0
T12,2011-04-19,4503.0
T12,2011-04-20,2573.0
T12,2011-04-21,4722.0
T12,2011-04-22,7079.0
T12,2011-04-23,11597.0
T12,2011-04-24,10160.0
T12,2011-04-25,7571.0
T12,2011-04-26,6263.0
T12,2011-04-27,3377.0
T12,2011-04-28,3534.0
T12,2011-04-29,3957.0
T12,2011-04-30,6763.0
T12,2011-05-01,5308.0
T12,2011-05-02,2494.0
T12,2011-05-03,2543.0
T12,2011-05-04,2668.0
T12,2011-05-05,2901.0
T12,2011-05-06,3092.0
T12,2011-05-07,4837.0
T12,2011-05-08,3471.0
T12,2011-05-09,3613.0
T12,2011-05-10,2302.0
T12,2011-05-11,1296.0
T12,2011-05-12,1689.0
T12,2011-05-13,1980.0
T12,2011-05-14,3011.0
T12,2011-05-15,5073.0
T12,2011-05-16,2150.0
T12,2011-05-17,2516.0
T12,2011-05-18,2413.0
T12,2011-05-19,2448.0
T12,2011-05-20,5935.0
T12,2011-05-21,6477.0
T12,2011-05-22,5461.0
T12,2011-05-23,1536.0
T12,2011-05-24,1478.0
T12,2011-05-25,1761.0
T12,2011-05-26,1980.0
T12,2011-05-27,3005.0
T12,2011-05-28,5356.0
T12,2011-05-29,5348.0
T12,2011-05-30,2152.0
T12,2011-05-31,2281.0
T12,2011-06-01,2296.0
T12,2011-06-02,2526.0
T12,2011-06-03,3014.0
T12,2011-06-04,4164.0
T12,2011-06-05,4193.0
T12,2011-06-06,2275.0
T12,2011-06-07,2249.0
T12,2011-06-08,1076.0
T12,2011-06-09,1887.0
T12,2011-06-10,4127.0
T12,2011-06-11,4102.0
T12,2011-06-12,7677.0
T12,2011-06-13,3387.0
T12,2011-06-14,2242.0
T12,2011-06-15,2263.0
T12,2011-06-16,2267.0
T12,2011-06-17,3316.0
T12,2011-06-18,5982.0
T12,2011-06-19,5157.0
T12,2011-06-20,1550.0
T12,2011-06-21,1396.0
T12,2011-06-22,1717.0
T12,2011-06-23,2597.0
T12,2011-06-24,3417.0
T12,2011-06-25,4041.0
T12,2011-06-26,5517.0
T12,2011-06-27,2651.0
T12,2011-06-28,2537.0
T12,2011-06-29,2786.0
T12,2011-06-30,2943.0
T12,2011-07-01,5794.0
T12,2011-07-02,5835.0
T12,2011-07-03,3804.0
T12,2011-07-04,2334.0
T12,2011-07-05,2154.0
T12,2011-07-06,1889.0
T12,2011-07-07,1983.0
T12,2011-07-08,5078.0
T12,2011-07-09,4408.0
T12,2011-07-10,3047.0
T12,2011-07-11,2422.0
T12,2011-07-12,2834.0
T12,2011-07-13,2147.0
T12,2011-07-14,3005.0
T12,2011-07-15,7379.0
T12,2011-07-16,6023.0
T12,2011-07-17,3682.0
T12,2011-07-18,2046.0
T12,2011-07-19,2132.0
T12,2011-07-20,1684.0
T12,2011-07-21,1763.0
T12,2011-07-22,7249.0
T12,2011-07-23,5082.0
T12,2011-07-24,3762.0
T12,2011-07-25,1412.0
T12,2011-07-26,1940.0
T12,2011-07-27,2601.0
T12,2011-07-28,2700.0
T12,2011-07-29,9112.0
T12,2011-07-30,4434.0
T12,2011-07-31,5592.0
T12,2011-08-01,2079.0
T12,2011-08-02,2744.0
T12,2011-08-03,2932.0
T12,2011-08-04,2843.0
T12,2011-08-05,3748.0
T12,2011-08-06,4460.0
T12,2011-08-07,3279.0
T12,2011-08-08,2309.0
T12,2011-08-09,1826.0
T12,2011-08-10,1266.0
T12,2011-08-11,2602.0
T12,2011-08-12,6100.0
T12,2011-08-13,6707.0
T12,2011-08-14,6674.0
T12,2011-08-15,1803.0
T12,2011-08-16,2412.0
T12,2011-08-17,1531.0
T12,2011-08-18,2200.0
T12,2011-08-19,6091.0
T12,2011-08-20,6856.0
T12,2011-08-21,6499.0
T12,2011-08-22,3378.0
T12,2011-08-23,2942.0
T12,2011-08-24,2827.0
T12,2011-08-25,2751.0
T12,2011-08-26,3762.0
T12,2011-08-27,6718.0
T12,2011-08-28,7370.0
T12,2011-08-29,2053.0
T12,2011-08-30,2646.0
T12,2011-08-31,2529.0
T12,2011-09-01,2786.0
T12,2011-09-02,3927.0
T12,2011-09-03,6067.0
T12,2011-09-04,6897.0
T12,2011-09-05,2769.0
T12,2011-09-06,1823.0
T12,2011-09-07,2390.0
T12,2011-09-08,2571.0
T12,2011-09-09,1491.0
T12,2011-09-10,4392.0
T12,2011-09-11,2003.0
T12,2011-09-12,2253.0
T12,2011-09-13,2688.0
T12,2011-09-14,2354.0
T12,2011-09-15,2392.0
T12,2011-09-16,3614.0
T12,2011-09-17,5074.0
T12,2011-09-18,4990.0
T12,2011-09-19,2803.0
T12,2011-09-20,1977.0
T12,2011-09-21,2854.0
T12,2011-09-22,3160.0
T12,2011-09-23,2930.0
T12,2011-09-24,3273.0
T12,2011-09-25,8233.0
T12,2011-09-26,3719.0
T12,2011-09-27,3020.0
T12,2011-09-28,1283.0
T12,2011-09-29,1396.0
T12,2011-09-30,2557.0
T12,2011-10-01,1562.0
T12,2011-10-02,3775.0
T12,2011-10-03,4181.0
T12,2011-10-04,4330.0
T12,2011-10-05,3985.0
T12,2011-10-06,4066.0
T12,2011-10-07,3483.0
T12,2011-10-08,7647.0
T12,2011-10-09,2707.0
T12,2011-10-10,2223.0
T12,2011-10-11,2328.0
T12,2011-10-12,2794.0
T12,2011-10-13,3378.0
T12,2011-10-14,4864.0
T12,2011-10-15,3919.0
T12,2011-10-16,2636.0
T12,2011-10-17,3156.0
T12,2011-10-18,3786.0
T12,2011-10-19,3912.0
T12,2011-10-20,3154.0
T12,2011-10-21,2617.0
T12,2011-10-22,4519.0
T12,2011-10-23,6068.0
T12,2011-10-24,1030.0
T12,2011-10-25,2286.0
T12,2011-10-26,3432.0
T12,2011-10-27,3680.0
T12,2011-10-28,3375.0
T12,2011-10-29,4152.0
T12,2011-10-30,1931.0
T12,2011-10-31,2825.0
T12,2011-11-01,2566.0
T12,2011-11-02,2260.0
T12,2011-11-03,2656.0
T12,2011-11-04,3999.0
T12,2011-11-05,8370.0
T12,2011-11-06,4120.0
T12,2011-11-07,3658.0
T12,2011-11-08,3285.0
T12,2011-11-09,2098.0
T12,2011-11-10,3031.0
T12,2011-11-11,4636.0
T12,2011-11-12,5862.0
T12,2011-11-13,4351.0
T12,2011-11-14,3191.0
T12,2011-11-15,3074.0
T12,2011-11-16,3476.0
T12,2011-11-17,4136.0
T12,2011-11-18,4615.0
T12,2011-11-19,2467.0
T12,2011-11-20,6495.0
T12,2011-11-21,3411.0
T12,2011-11-22,3235.0
T12,2011-11-23,3565.0
T12,2011-11-24,7398.0
T12,2011-11-25,5204.0
T12,2011-11-26,1607.0
T12,2011-11-27,6744.0
T12,2011-11-28,3814.0
T12,2011-11-29,3541.0
T12,2011-11-30,2548.0
T12,2011-12-01,6181.0
T12,2011-12-02,6066.0
T12,2011-12-03,5157.0
T12,2011-12-04,3752.0
T12,2011-12-05,3783.0
T12,2011-12-06,6527.0
T12,2011-12-07,4549.0
T12,2011-12-08,4175.0
T12,2011-12-09,6549.0
T12,2011-12-10,4822.0
T12,2011-12-11,4286.0
T12,2011-12-12,3745.0
T12,2011-12-13,3770.0
T12,2011-12-14,5563.0
T12,2011-12-15,4830.0
T12,2011-12-16,7675.0
T12,2011-12-17,5960.0
T12,2011-12-18,4552.0
T12,2011-12-19,3535.0
T12,2011-12-20,4445.0
T12,2011-12-21,4728.0
T12,2011-12-22,6259.0
T12,2011-12-23,7602.0
T12,2011-12-24,3397.0
T12,2011-12-25,1659.0
T12,2011-12-26,3316.0
T12,2011-12-27,5821.0
T12,2011-12-28,5810.0
T12,2011-12-29,5564.0
T12,2011-12-30,6150.0
T12,2011-12-31,27359.0
T12,2012-01-01,12028.0
T12,2012-01-02,3124.0
T12,2012-01-03,4582.0
T12,2012-01-04,4216.0
T12,2012-01-05,4512.0
T12,2012-01-06,5104.0
T12,2012-01-07,5287.0
T12,2012-01-08,5509.0
T12,2012-01-09,4059.0
T12,2012-01-10,3305.0
T12,2012-01-11,1754.0
T12,2012-01-12,3819.0
T12,2012-01-13,2997.0
T12,2012-01-14,4041.0
T12,2012-01-15,6997.0
T12,2012-01-16,3227.0
T12,2012-01-17,3536.0
T12,2012-01-18,3650.0
T12,2012-01-19,4546.0
T12,2012-01-20,4195.0
T12,2012-01-21,5820.0
T12,2012-01-22,4974.0
T12,2012-01-23,3420.0
T12,2012-01-24,3346.0
T12,2012-01-25,3982.0
T12,2012-01-26,7047.0
T12,2012-01-27,5005.0
T12,2012-01-28,6401.0
T12,2012-01-29,4088.0
T12,2012-01-30,2726.0
T12,2012-01-31,4482.0
T12,2012-02-01,3858.0
T12,2012-02-02,4692.0
T12,2012-02-03,11069.0
T12,2012-02-04,18135.0
T12,2012-02-05,15149.0
T12,2012-02-06,3576.0
T12,2012-02-07,3136.0
T12,2012-02-08,3075.0
T12,2012-02-09,3546.0
T12,2012-02-10,3627.0
T12,2012-02-11,9159.0
T12,2012-02-12,3960.0
T12,2012-02-13,3045.0
T12,2012-02-14,5073.0
T12,2012-02-15,3144.0
T12,2012-02-16,2611.0
T12,2012-02-17,5170.0
T12,2012-02-18,6805.0
T12,2012-02-19,6173.0
T12,2012-02-20,3299.0
T12,2012-02-21,3743.0
T12,2012-02-22,4133.0
T12,2012-02-23,3835.0
T12,2012-02-24,5754.0
T12,2012-02-25,5399.0
T12,2012-02-26,4018.0
T12,2012-02-27,1487.0
T12,2012-02-28,2515.0
T12,2012-02-29,2942.0
T12,2012-03-01,2195.0
T12,2012-03-02,3896.0
T12,2012-03-03,2801.0
T12,2012-03-04,7225.0
T12,2012-03-05,3136.0
T12,2012-03-06,4269.0
T12,2012-03-07,3392.0
T12,2012-03-08,3509.0
T12,2012-03-09,5410.0
T12,2012-03-10,7376.0
T12,2012-03-11,8276.0
T12,2012-03-12,6170.0
T12,2012-03-13,4129.0
T12,2012-03-14,4127.0
T12,2012-03-15,2923.0
T12,2012-03-16,3906.0
T12,2012-03-17,6005.0
T12,2012-03-18,5129.0
T12,2012-03-19,4246.0
T12,2012-03-20,3717.0
T12,2012-03-21,2356.0
T12,2012-03-22,3600.0
T12,2012-03-23,2709.0
T12,2012-03-24,4358.0
T12,2012-03-25,5705.0
T12,2012-03-26,3362.0
T12,2012-03-27,3295.0
T12,2012-03-28,3581.0
T12,2012-03-29,3915.0
T12,2012-03-30,5440.0
T12,2012-03-31,9577.0
T12,2012-04-01,21309.0
T12,2012-04-02,4714.0
T12,2012-04-03,5246.0
T12,2012-04-04,5458.0
T12,2012-04-05,5716.0
T12,2012-04-06,7336.0
T12,2012-04-07,7367.0
T12,2012-04-08,7378.0
T12,2012-04-09,1769.0
T12,2012-04-10,2385.0
T12,2012-04-11,3916.0
T12,2012-04-12,4856.0
T12,2012-04-13,5329.0
T12,2012-04-14,8382.0
T12,2012-04-15,8311.0
T12,2012-04-16,3226.0
T12,2012-04-17,4589.0
T12,2012-04-18,4365.0
T12,2012-04-19,4057.0
T12,2012-04-20,6154.0
T12,2012-04-21,8722.0
T12,2012-04-22,5017.0
T12,2012-04-23,2800.0
T12,2012-04-24,1790.0
T12,2012-04-25,1452.0
T12,2012-04-26,3415.0
T12,2012-04-27,4243.0
T12,2012-04-28,6287.0
T12,2012-04-29,6844.0
T12,2012-04-30,3191.0
T12,2012-05-01,3091.0
T12,2012-05-02,1556.0
T12,2012-05-03,1797.0
T12,2012-05-04,6063.0
T12,2012-05-05,3972.0
T12,2012-05-06,5657.0
T12,2012-05-07,2285.0
T12,2012-05-08,3228.0
T12,2012-05-09,3052.0
T12,2012-05-10,3734.0
T12,2012-05-11,3102.0
T12,2012-05-12,6515.0
T12,2012-05-13,2078.0
T12,2012-05-14,3472.0
T12,2012-05-15,2834.0
T12,2012-05-16,2775.0
T12,2012-05-17,3491.0
T12,2012-05-18,3380.0
T12,2012-05-19,4500.0
T12,2012-05-20,7097.0
T12,2012-05-21,2880.0
T12,2012-05-22,2861.0
T12,2012-05-23,6847.0
T12,2012-05-24,3426.0
T12,2012-05-25,2707.0
T12,2012-05-26,4006.0
T12,2012-05-27,4217.0
T12,2012-05-28,2357.0
T12,2012-05-29,2691.0
T12,2012-05-30,2475.0
T12,2012-05-31,3238.0
T12,2012-06-01,5974.0
T12,2012-06-02,3448.0
T12,2012-06-03,3027.0
T12,2012-06-04,1024.0
T12,2012-06-05,1756.0
T12,2012-06-06,2273.0
T12,2012-06-07,2294.0
T12,2012-06-08,4343.0
T12,2012-06-09,4547.0
T12,2012-06-10,4092.0
T12,2012-06-11,3501.0
T12,2012-06-12,2641.0
T12,2012-06-13,2422.0
T12,2012-06-14,2088.0
T12,2012-06-15,3226.0
T12,2012-06-16,5091.0
T12,2012-06-17,2990.0
T12,2012-06-18,2390.0
T12,2012-06-19,2614.0
T12,2012-06-20,1778.0
T12,2012-06-21,1033.0
T12,2012-06-22,2124.0
T12,2012-06-23,4691.0
T12,2012-06-24,4894.0
T12,2012-06-25,2242.0
T12,2012-06-26,2556.0
T12,2012-06-27,2906.0
T12,2012-06-28,2651.0
T12,2012-06-29,2771.0
T12,2012-06-30,5887.0
T12,2012-07-01,2496.0
T12,2012-07-02,1971.0
T12,2012-07-03,3653.0
T12,2012-07-04,3096.0
T12,2012-07-05,3573.0
T12,2012-07-06,7446.0
T12,2012-07-07,8142.0
T12,2012-07-08,4828.0
T12,2012-07-09,3253.0
T12,2012-07-10,2504.0
T12,2012-07-11,3255.0
T12,2012-07-12,2674.0
T12,2012-07-13,10790.0
T12,2012-07-14,3494.0
T12,2012-07-15,4991.0
T12,2012-07-16,2749.0
T12,2012-07-17,2865.0
T12,2012-07-18,2632.0
T12,2012-07-19,3090.0
T12,2012-07-20,9890.0
T12,2012-07-21,7414.0
T12,2012-07-22,4603.0
T12,2012-07-23,2947.0
T12,2012-07-24,2942.0
T12,2012-07-25,3118.0
T12,2012-07-26,2333.0
T12,2012-07-27,6195.0
T12,2012-07-28,4133.0
T12,2012-07-29,4223.0
T12,2012-07-30,3427.0
T12,2012-07-31,4867.0
T12,2012-08-01,3638.0
T12,2012-08-02,3101.0
T12,2012-08-03,3680.0
T12,2012-08-04,5222.0
T12,2012-08-05,4677.0
T12,2012-08-06,2370.0
T12,2012-08-07,2655.0
T12,2012-08-08,1474.0
T12,2012-08-09,1542.0
T12,2012-08-10,2854.0
T12,2012-08-11,4174.0
T12,2012-08-12,6759.0
T12,2012-08-13,3019.0
T12,2012-08-14,2034.0
T12,2012-08-15,2355.0
T12,2012-08-16,2438.0
T12,2012-08-17,4592.0
T12,2012-08-18,5131.0
T12,2012-08-19,5387.0
T12,2012-08-20,2642.0
T12,2012-08-21,2615.0
T12,2012-08-22,2967.0
T12,2012-08-23,2458.0
T12,2012-08-24,2896.0
T12,2012-08-25,4167.0
T12,2012-08-26,5881.0
T12,2012-08-27,2722.0
T12,2012-08-28,2819.0
T12,2012-08-29,2900.0
T12,2012-08-30,2321.0
T12,2012-08-31,2784.0
T12,2012-09-01,4201.0
T12,2012-09-02,8100.0
T12,2012-09-03,3269.0
T12,2012-09-04,3117.0
T12,2012-09-05,2154.0
T12,2012-09-06,2487.0
T12,2012-09-07,2163.0
T12,2012-09-08,2273.0
T12,2012-09-09,5025.0
T12,2012-09-10,3122.0
T12,2012-09-11,3841.0
T12,2012-09-12,2724.0
T12,2012-09-13,2095.0
T12,2012-09-14,3149.0
T12,2012-09-15,3810.0
T12,2012-09-16,3967.0
T12,2012-09-17,2758.0
T12,2012-09-18,2168.0
T12,2012-09-19,2874.0
T12,2012-09-20,2981.0
T12,2012-09-21,3384.0
T12,2012-09-22,5617.0
T12,2012-09-23,4718.0
T12,2012-09-24,2819.0
T12,2012-09-25,3836.0
T12,2012-09-26,3642.0
T12,2012-09-27,4230.0
T12,2012-09-28,2354.0
T12,2012-09-29,1977.0
T12,2012-09-30,4118.0
T12,2012-10-01,3564.0
T12,2012-10-02,4248.0
T12,2012-10-03,5245.0
T12,2012-10-04,3921.0
T12,2012-10-05,6340.0
T12,2012-10-06,1859.0
T12,2012-10-07,4113.0
T12,2012-10-08,2610.0
T12,2012-10-09,3110.0
T12,2012-10-10,2904.0
T12,2012-10-11,1998.0
T12,2012-10-12,2684.0
T12,2012-10-13,4038.0
T12,2012-10-14,6968.0
T12,2012-10-15,2994.0
T12,2012-10-16,2392.0
T12,2012-10-17,3080.0
T12,2012-10-18,3827.0
T12,2012-10-19,5357.0
T12,2012-10-20,5763.0
T12,2012-10-21,3501.0
T12,2012-10-22,3438.0
T12,2012-10-23,3260.0
T12,2012-10-24,3167.0
T12,2012-10-25,2558.0
T12,2012-10-26,2808.0
T12,2012-10-27,3147.0
T12,2012-10-28,5051.0
T12,2012-10-29,4100.0
T12,2012-10-30,4013.0
T12,2012-10-31,3316.0
T12,2012-11-01,1737.0
T12,2012-11-02,3094.0
T12,2012-11-03,4748.0
T12,2012-11-04,6366.0
T12,2012-11-05,5638.0
T12,2012-11-06,2865.0
T12,2012-11-07,3726.0
T12,2012-11-08,3589.0
T12,2012-11-09,2746.0
T12,2012-11-10,4460.0
T12,2012-11-11,6415.0
T12,2012-11-12,2968.0
T12,2012-11-13,8517.0
T12,2012-11-14,3954.0
T12,2012-11-15,3521.0
T12,2012-11-16,4062.0
T12,2012-11-17,6547.0
T12,2012-11-18,5086.0
T12,2012-11-19,3976.0
T12,2012-11-20,4032.0
T12,2012-11-21,3134.0
T12,2012-11-22,4571.0
T12,2012-11-23,5169.0
T12,2012-11-24,5324.0
T12,2012-11-25,5445.0
T12,2012-11-26,3915.0
T12,2012-11-27,2839.0
T12,2012-11-28,4759.0
T12,2012-11-29,3438.0
T12,2012-11-30,6209.0
T12,2012-12-01,4399.0
T12,2012-12-02,5564.0
T12,2012-12-03,3479.0
T12,2012-12-04,2557.0
T12,2012-12-05,3011.0
T12,2012-12-06,4043.0
T12,2012-12-07,8437.0
T12,2012-12-08,3693.0
T12,2012-12-09,4577.0
T12,2012-12-10,3716.0
T12,2012-12-11,4362.0
T12,2012-12-12,5444.0
T12,2012-12-13,3533.0
T12,2012-12-14,4567.0
T12,2012-12-15,5108.0
T12,2012-12-16,4615.0
T12,2012-12-17,4242.0
T12,2012-12-18,4673.0
T12,2012-12-19,4048.0
T12,2012-12-20,5020.0
T12,2012-12-21,7037.0
T12,2012-12-22,5250.0
T12,2012-12-23,9273.0
T12,2012-12-24,3662.0
T12,2012-12-25,2981.0
T12,2012-12-26,4644.0
T12,2012-12-27,3720.0
T12,2012-12-28,4671.0
T12,2012-12-29,5308.0
T12,2012-12-30,6987.0
T12,2012-12-31,26245.0
T12,2013-01-01,12713.0
T12,2013-01-02,6197.0
T12,2013-01-03,3660.0
T12,2013-01-04,2267.0
T12,2013-01-05,6846.0
T12,2013-01-06,6367.0
T12,2013-01-07,4033.0
T12,2013-01-08,3585.0
T12,2013-01-09,3958.0
T12,2013-01-10,4980.0
T12,2013-01-11,3893.0
T12,2013-01-12,4784.0
T12,2013-01-13,4673.0
T12,2013-01-14,4037.0
T12,2013-01-15,5120.0
T12,2013-01-16,5041.0
T12,2013-01-17,3508.0
T12,2013-01-18,4653.0
T12,2013-01-19,6294.0
T12,2013-01-20,7961.0
T12,2013-01-21,4056.0
T12,2013-01-22,4931.0
T12,2013-01-23,5173.0
T12,2013-01-24,3986.0
T12,2013-01-25,4790.0
T12,2013-01-26,7762.0
T12,2013-01-27,7406.0
T12,2013-01-28,5253.0
T12,2013-01-29,3650.0
T12,2013-01-30,8299.0
T12,2013-01-31,3576.0
T12,2013-02-01,7705.0
T12,2013-02-02,17410.0
T12,2013-02-03,15661.0
T12,2013-02-04,3704.0
T12,2013-02-05,4191.0
T12,2013-02-06,3569.0
T12,2013-02-07,3941.0
T12,2013-02-08,5191.0
T12,2013-02-09,5971.0
T12,2013-02-10,13523.0
T12,2013-02-11,3709.0
T12,2013-02-12,3707.0
T12,2013-02-13,4448.0
T12,2013-02-14,6157.0
T12,2013-02-15,7542.0
T12,2013-02-16,7218.0
T12,2013-02-17,5473.0
T12,2013-02-18,3017.0
T12,2013-02-19,2337.0
T12,2013-02-20,4499.0
T12,2013-02-21,3694.0
T12,2013-02-22,6297.0
T12,2013-02-23,7061.0
T12,2013-02-24,5484.0
T12,2013-02-25,3205.0
T12,2013-02-26,2517.0
T12,2013-02-27,3011.0
T12,2013-02-28,3405.0
T12,2013-03-01,5398.0
T12,2013-03-02,8116.0
T12,2013-03-03,7591.0
T12,2013-03-04,3717.0
T12,2013-03-05,4400.0
T12,2013-03-06,4679.0
T12,2013-03-07,3886.0
T12,2013-03-08,5471.0
T12,2013-03-09,6700.0
T12,2013-03-10,6338.0
T12,2013-03-11,3096.0
T12,2013-03-12,2472.0
T12,2013-03-13,3472.0
T12,2013-03-14,4497.0
T12,2013-03-15,6669.0
T12,2013-03-16,2743.0
T12,2013-03-17,2923.0
T12,2013-03-18,3858.0
T12,2013-03-19,4406.0
T12,2013-03-20,5012.0
T12,2013-03-21,3445.0
T12,2013-03-22,5597.0
T12,2013-03-23,7937.0
T12,2013-03-24,20332.0
T12,2013-03-25,3814.0
T12,2013-03-26,3511.0
T12,2013-03-27,3495.0
T12,2013-03-28,3091.0
T12,2013-03-29,7317.0
T12,2013-03-30,7832.0
T12,2013-03-31,7225.0
T12,2013-04-01,4474.0
T12,2013-04-02,2320.0
T12,2013-04-03,2789.0
T12,2013-04-04,3868.0
T12,2013-04-05,6685.0
T12,2013-04-06,7252.0
T12,2013-04-07,6380.0
T12,2013-04-08,3521.0
T12,2013-04-09,3794.0
T12,2013-04-10,4070.0
T12,2013-04-11,2693.0
T12,2013-04-12,4675.0
T12,2013-04-13,7302.0
T12,2013-04-14,6903.0
T12,2013-04-15,1784.0
T12,2013-04-16,3285.0
T12,2013-04-17,3381.0
T12,2013-04-18,1918.0
T12,2013-04-19,3254.0
T12,2013-04-20,6858.0
T12,2013-04-21,6347.0
T12,2013-04-22,2057.0
T12,2013-04-23,3280.0
T12,2013-04-24,2971.0
T12,2013-04-25,4358.0
T12,2013-04-26,4552.0
T12,2013-04-27,7169.0
T12,2013-04-28,3541.0
T12,2013-04-29,3053.0
T12,2013-04-30,3295.0
T12,2013-05-01,2255.0
T12,2013-05-02,3253.0
T12,2013-05-03,4999.0
T12,2013-05-04,4821.0
T12,2013-05-05,2906.0
T12,2013-05-06,3253.0
T12,2013-05-07,2770.0
T12,2013-05-08,3355.0
T12,2013-05-09,4132.0
T12,2013-05-10,7833.0
T12,2013-05-11,7350.0
T12,2013-05-12,3874.0
T12,2013-05-13,4136.0
T12,2013-05-14,2286.0
T12,2013-05-15,1934.0
T12,2013-05-16,1466.0
T12,2013-05-17,3208.0
T12,2013-05-18,5147.0
T12,2013-05-19,5781.0
T12,2013-05-20,1755.0
T12,2013-05-21,3216.0
T12,2013-05-22,2950.0
T12,2013-05-23,2799.0
T12,2013-05-24,4023.0
T12,2013-05-25,5984.0
T12,2013-05-26,6893.0
T12,2013-05-27,2675.0
T12,2013-05-28,2949.0
T12,2013-05-29,2970.0
T12,2013-05-30,1408.0
T12,2013-05-31,2428.0
T12,2013-06-01,3870.0
T12,2013-06-02,4017.0
T12,2013-06-03,2617.0
T12,2013-06-04,2757.0
T12,2013-06-05,2265.0
T12,2013-06-06,2627.0
T12,2013-06-07,2930.0
T12,2013-06-08,4285.0
T12,2013-06-09,5948.0
T12,2013-06-10,3061.0
T12,2013-06-11,4385.0
T12,2013-06-12,1457.0
T12,2013-06-13,1235.0
T12,2013-06-14,4835.0
T12,2013-06-15,4696.0
T12,2013-06-16,4854.0
T12,2013-06-17,1702.0
T12,2013-06-18,2748.0
T12,2013-06-19,2625.0
T12,2013-06-20,2925.0
T12,2013-06-21,4823.0
T12,2013-06-22,5789.0
T12,2013-06-23,3792.0
T12,2013-06-24,2401.0
T12,2013-06-25,3291.0
T12,2013-06-26,3276.0
T12,2013-06-27,3561.0
T12,2013-06-28,4559.0
T12,2013-06-29,7852.0
T12,2013-06-30,5459.0
T12,2013-07-01,3242.0
T12,2013-07-02,3709.0
T12,2013-07-03,3687.0
T12,2013-07-04,2391.0
T12,2013-07-05,6130.0
T12,2013-07-06,5982.0
T12,2013-07-07,5819.0
T12,2013-07-08,3712.0
T12,2013-07-09,3555.0
T12,2013-07-10,5286.0
T12,2013-07-11,3523.0
T12,2013-07-12,8157.0
T12,2013-07-13,2969.0
T12,2013-07-14,4483.0
T12,2013-07-15,3507.0
T12,2013-07-16,3201.0
T12,2013-07-17,3267.0
T12,2013-07-18,2487.0
T12,2013-07-19,3148.0
T12,2013-07-20,2331.0
T12,2013-07-21,1317.0
T12,2013-07-22,1141.0
T12,2013-07-23,1783.0
T12,2013-07-24,2292.0
T12,2013-07-25,1274.0
T12,2013-07-26,5485.0
T12,2013-07-27,2123.0
T12,2013-07-28,2740.0
T12,2013-07-29,1236.0
T12,2013-07-30,1960.0
T12,2013-07-31,1769.0
T12,2013-08-01,6039.0
T12,2013-08-02,4034.0
T12,2013-08-03,4630.0
T12,2013-08-04,2960.0
T12,2013-08-05,2381.0
T12,2013-08-06,6343.0
T12,2013-08-07,12244.0
T12,2013-08-08,10724.0
T12,2013-08-09,3112.0
T12,2013-08-10,3914.0
T12,2013-08-11,3507.0
T12,2013-08-12,5289.0
T12,2013-08-13,6378.0
T12,2013-08-14,9751.0
T12,2013-08-15,5799.0
T12,2013-08-16,4209.0
T12,2013-08-17,4556.0
T12,2013-08-18,6868.0
T12,2013-08-19,3954.0
T12,2013-08-20,6878.0
T12,2013-08-21,4781.0
T12,2013-08-22,4191.0
T12,2013-08-23,3117.0
T12,2013-08-24,4999.0
T12,2013-08-25,3782.0
T12,2013-08-26,4042.0
T12,2013-08-27,5494.0
T12,2013-08-28,3361.0
T12,2013-08-29,6653.0
T12,2013-08-30,7923.0
T12,2013-08-31,23135.0
T12,2013-09-01,9498.0
T12,2013-09-02,5264.0
T12,2013-09-03,5404.0
T12,2013-09-04,8086.0
T12,2013-09-05,4742.0
T12,2013-09-06,4034.0
T12,2013-09-07,4114.0
T12,2013-09-08,4919.0
T12,2013-09-09,4936.0
T12,2013-09-10,4784.0
T12,2013-09-11,5249.0
T12,2013-09-12,5777.0
T12,2013-09-13,4559.0
T12,2013-09-14,3568.0
T12,2013-09-15,3582.0
T12,2013-09-16,3004.0
T12,2013-09-17,3800.0
T12,2013-09-18,6323.0
T12,2013-09-19,5669.0
T12,2013-09-20,4252.0
T12,2013-09-21,4149.0
T12,2013-09-22,4799.0
T12,2013-09-23,4798.0
T12,2013-09-24,3201.0
T12,2013-09-25,5543.0
T12,2013-09-26,27359.0
T12,2013-09-27,3956.0
T12,2013-09-28,2657.0
T12,2013-09-29,4010.0
T12,2013-09-30,4027.0
T12,2013-10-01,6675.0
T12,2013-10-02,9255.0
T12,2013-10-03,8636.0
T12,2013-10-04,2908.0
T12,2013-10-05,3897.0
T12,2013-10-06,4232.0
T12,2013-10-07,3978.0
T12,2013-10-08,3906.0
T12,2013-10-09,4771.0
T12,2013-10-10,3815.0
T12,2013-10-11,4385.0
T12,2013-10-12,4896.0
T12,2013-10-13,4715.0
T12,2013-10-14,4537.0
T12,2013-10-15,7958.0
T12,2013-10-16,6324.0
T12,2013-10-17,4519.0
T12,2013-10-18,4466.0
T12,2013-10-19,4238.0
T12,2013-10-20,4903.0
T12,2013-10-21,3815.0
T12,2013-10-22,4242.0
T12,2013-10-23,12277.0
T12,2013-10-24,7460.0
T12,2013-10-25,4630.0
T12,2013-10-26,3660.0
T12,2013-10-27,3779.0
T12,2013-10-28,3921.0
T12,2013-10-29,5102.0
T12,2013-10-30,5590.0
T12,2013-10-31,5881.0
T12,2013-11-01,4128.0
T12,2013-11-02,4032.0
T12,2013-11-03,3153.0
T12,2013-11-04,3922.0
T12,2013-11-05,4044.0
T12,2013-11-06,6379.0
T12,2013-11-07,6981.0
T12,2013-11-08,4616.0
T12,2013-11-09,2943.0
T12,2013-11-10,4851.0
T12,2013-11-11,4135.0
T12,2013-11-12,7886.0
T12,2013-11-13,4302.0
T12,2013-11-14,6067.0
T12,2013-11-15,4798.0
T12,2013-11-16,4615.0
T12,2013-11-17,5327.0
T12,2013-11-18,4797.0
T12,2013-11-19,6041.0
T12,2013-11-20,7182.0
T12,2013-11-21,4587.0
T12,2013-11-22,3049.0
T12,2013-11-23,4033.0
T12,2013-11-24,3773.0
T12,2013-11-25,3694.0
T12,2013-11-26,7602.0
T12,2013-11-27,7551.0
T12,2013-11-28,10712.0
T12,2013-11-29,3891.0
T12,2013-11-30,3695.0
T12,2013-12-01,3215.0
T12,2013-12-02,3314.0
T12,2013-12-03,4112.0
T12,2013-12-04,8146.0
T12,2013-12-05,8113.0
T12,2013-12-06,4505.0
T12,2013-12-07,2200.0
T12,2013-12-08,1892.0
T12,2013-12-09,2294.0
T12,2013-12-10,2997.0
T12,2013-12-11,4459.0
T12,2013-12-12,20420.0
T12,2013-12-13,4182.0
T12,2013-12-14,4801.0
T12,2013-12-15,4413.0
T12,2013-12-16,4837.0
T12,2013-12-17,4230.0
T12,2013-12-18,7342.0
T12,2013-12-19,8869.0
T12,2013-12-20,3403.0
T12,2013-12-21,2243.0
T12,2013-12-22,4190.0
T12,2013-12-23,4019.0
T12,2013-12-24,5905.0
T12,2013-12-25,5328.0
T12,2013-12-26,7046.0
T12,2013-12-27,3204.0
T12,2013-12-28,1899.0
T12,2013-12-29,2687.0
T12,2013-12-30,3330.0
T12,2013-12-31,2879.0
T12,2014-01-01,4694.0
T12,2014-01-02,3047.0
T12,2014-01-03,3077.0
T12,2014-01-04,3020.0
T12,2014-01-05,3355.0
T12,2014-01-06,4104.0
T12,2014-01-07,3656.0
T12,2014-01-08,2959.0
T12,2014-01-09,6217.0
T12,2014-01-10,4541.0
T12,2014-01-11,3526.0
T12,2014-01-12,3429.0
T12,2014-01-13,3508.0
T12,2014-01-14,6328.0
T12,2014-01-15,6076.0
T12,2014-01-16,5594.0
T12,2014-01-17,3181.0
T12,2014-01-18,3194.0
T12,2014-01-19,3965.0
T12,2014-01-20,3586.0
T12,2014-01-21,3817.0
T12,2014-01-22,5193.0
T12,2014-01-23,4855.0
T12,2014-01-24,3309.0
T12,2014-01-25,2949.0
T12,2014-01-26,2940.0
T12,2014-01-27,3506.0
T12,2014-01-28,6172.0
T12,2014-01-29,5269.0
T12,2014-01-30,3088.0
T12,2014-01-31,2983.0
T12,2014-02-01,2511.0
T12,2014-02-02,2659.0
T12,2014-02-03,3245.0
T12,2014-02-04,6124.0
T12,2014-02-05,5205.0
T12,2014-02-06,7510.0
T12,2014-02-07,3764.0
T12,2014-02-08,3255.0
T12,2014-02-09,2734.0
T12,2014-02-10,3067.0
T12,2014-02-11,3633.0
T12,2014-02-12,4222.0
T12,2014-02-13,5385.0
T12,2014-02-14,2323.0
T12,2014-02-15,2714.0
T12,2014-02-16,2962.0
T12,2014-02-17,2674.0
T12,2014-02-18,3463.0
T12,2014-02-19,6656.0
T12,2014-02-20,4985.0
T12,2014-02-21,1969.0
T12,2014-02-22,1601.0
T12,2014-02-23,2296.0
T12,2014-02-24,3146.0
T12,2014-02-25,4454.0
T12,2014-02-26,3989.0
T12,2014-02-27,2529.0
T12,2014-02-28,2709.0
T12,2014-03-01,4302.0
T12,2014-03-02,4015.0
T12,2014-03-03,2814.0
T12,2014-03-04,8834.0
T12,2014-03-05,3945.0
T12,2014-03-06,5112.0
T12,2014-03-07,3801.0
T12,2014-03-08,3402.0
T12,2014-03-09,2252.0
T12,2014-03-10,3487.0
T12,2014-03-11,9058.0
T12,2014-03-12,2740.0
T12,2014-03-13,7627.0
T12,2014-03-14,3253.0
T12,2014-03-15,2575.0
T12,2014-03-16,3080.0
T12,2014-03-17,2952.0
T12,2014-03-18,6371.0
T12,2014-03-19,5201.0
T12,2014-03-20,7511.0
T12,2014-03-21,3184.0
T12,2014-03-22,2958.0
T12,2014-03-23,3298.0
T12,2014-03-24,3309.0
T12,2014-03-25,8097.0
T12,2014-03-26,4076.0
T12,2014-03-27,5585.0
T12,2014-03-28,3603.0
T12,2014-03-29,2954.0
T12,2014-03-30,3396.0
T12,2014-03-31,2301.0
T12,2014-04-01,2524.0
T12,2014-04-02,6734.0
T12,2014-04-03,6351.0
T12,2014-04-04,3856.0
T12,2014-04-05,3908.0
T12,2014-04-06,3540.0
T12,2014-04-07,3107.0
T12,2014-04-08,8225.0
T12,2014-04-09,5939.0
T12,2014-04-10,6502.0
T12,2014-04-11,2924.0
T12,2014-04-12,3011.0
T12,2014-04-13,3261.0
T12,2014-04-14,3809.0
T12,2014-04-15,11287.0
T12,2014-04-16,7482.0
T12,2014-04-17,6657.0
T12,2014-04-18,2449.0
T12,2014-04-19,3109.0
T12,2014-04-20,3479.0
T12,2014-04-21,4269.0
T12,2014-04-22,10515.0
T12,2014-04-23,9334.0
T12,2014-04-24,5971.0
T12,2014-04-25,3208.0
T12,2014-04-26,4010.0
T12,2014-04-27,3743.0
T12,2014-04-28,4025.0
T12,2014-04-29,9735.0
T12,2014-04-30,9519.0
T12,2014-05-01,7604.0
T12,2014-05-02,2008.0
T12,2014-05-03,4878.0
T12,2014-05-04,3338.0
T12,2014-05-05,3656.0
T12,2014-05-06,4929.0
T12,2014-05-07,5381.0
T12,2014-05-08,8050.0
T12,2014-05-09,3528.0
T12,2014-05-10,2918.0
T12,2014-05-11,3805.0
T12,2014-05-12,3396.0
T12,2014-05-13,4235.0
T12,2014-05-14,4926.0
T12,2014-05-15,6286.0
T12,2014-05-16,3723.0
T12,2014-05-17,2571.0
T12,2014-05-18,3021.0
T12,2014-05-19,4469.0
T12,2014-05-20,5259.0
T12,2014-05-21,4403.0
T12,2014-05-22,10898.0
T12,2014-05-23,5211.0
T12,2014-05-24,5610.0
T12,2014-05-25,3642.0
T12,2014-05-26,3930.0
T12,2014-05-27,6064.0
T12,2014-05-28,5216.0
T12,2014-05-29,5503.0
T12,2014-05-30,5714.0
T12,2014-05-31,3501.0
T12,2014-06-01,4355.0
T12,2014-06-02,4414.0
T12,2014-06-03,5756.0
T12,2014-06-04,7269.0
T12,2014-06-05,9720.0
T12,2014-06-06,3686.0
T12,2014-06-07,3528.0
T12,2014-06-08,4298.0
T12,2014-06-09,5022.0
T12,2014-06-10,8091.0
T12,2014-06-11,5801.0
T12,2014-06-12,7623.0
T12,2014-06-13,2325.0
T12,2014-06-14,3214.0
T12,2014-06-15,4448.0
T12,2014-06-16,4159.0
T12,2014-06-17,8003.0
T12,2014-06-18,9002.0
T12,2014-06-19,8299.0
T12,2014-06-20,5408.0
T12,2014-06-21,5205.0
T12,2014-06-22,4492.0
T12,2014-06-23,4315.0
T12,2014-06-24,5532.0
T12,2014-06-25,9627.0
T12,2014-06-26,7058.0
T12,2014-06-27,2779.0
T12,2014-06-28,3397.0
T12,2014-06-29,4178.0
T12,2014-06-30,4735.0
T12,2014-07-01,5621.0
T12,2014-07-02,3023.0
T12,2014-07-03,4575.0
T12,2014-07-04,5899.0
T12,2014-07-05,3900.0
T12,2014-07-06,4035.0
T12,2014-07-07,4406.0
T12,2014-07-08,5413.0
T12,2014-07-09,3461.0
T12,2014-07-10,6285.0
T12,2014-07-11,3905.0
T12,2014-07-12,4331.0
T12,2014-07-13,5381.0
T12,2014-07-14,4911.0
T12,2014-07-15,5100.0
T12,2014-07-16,4434.0
T12,2014-07-17,3812.0
T12,2014-07-18,4475.0
T12,2014-07-19,4789.0
T12,2014-07-20,5472.0
T12,2014-07-21,4554.0
T12,2014-07-22,8665.0
T12,2014-07-23,6618.0
T12,2014-07-24,7441.0
T12,2014-07-25,2854.0
T12,2014-07-26,4877.0
T12,2014-07-27,4845.0
T12,2014-07-28,4814.0
T12,2014-07-29,6570.0
T12,2014-07-30,6848.0
T12,2014-07-31,7734.0
T12,2014-08-01,4575.0
T12,2014-08-02,5154.0
T12,2014-08-03,4218.0
T12,2014-08-04,5492.0
T12,2014-08-05,6516.0
T12,2014-08-06,6491.0
T12,2014-08-07,3129.0
T12,2014-08-08,4738.0
T12,2014-08-09,5292.0
T12,2014-08-10,4894.0
T12,2014-08-11,4813.0
T12,2014-08-12,12562.0
T12,2014-08-13,13726.0
T12,2014-08-14,11599.0
T12,2014-08-15,4453.0
T12,2014-08-16,4192.0
T12,2014-08-17,6648.0
T12,2014-08-18,4211.0
T12,2014-08-19,6215.0
T12,2014-08-20,5194.0
T12,2014-08-21,5695.0
T12,2014-08-22,4619.0
T12,2014-08-23,4253.0
T12,2014-08-24,4069.0
T12,2014-08-25,3652.0
T12,2014-08-26,4342.0
T12,2014-08-27,6786.0
T12,2014-08-28,5932.0
T12,2014-08-29,4129.0
T12,2014-08-30,7242.0
T12,2014-08-31,26670.0
T12,2014-09-01,8952.0
T12,2014-09-02,4357.0
T12,2014-09-03,5933.0
T12,2014-09-04,5731.0
T12,2014-09-05,5369.0
T12,2014-09-06,5327.0
T12,2014-09-07,3691.0
T12,2014-09-08,4571.0
T12,2014-09-09,3074.0
T12,2014-09-10,5028.0
T12,2014-09-11,6063.0
T12,2014-09-12,4535.0
T12,2014-09-13,4166.0
T12,2014-09-14,3608.0
T12,2014-09-15,4438.0
T12,2014-09-16,5331.0
T12,2014-09-17,6364.0
T12,2014-09-18,5873.0
T12,2014-09-19,6249.0
T12,2014-09-20,5255.0
T12,2014-09-21,4626.0
T12,2014-09-22,4676.0
T12,2014-09-23,5464.0
T12,2014-09-24,6424.0
T12,2014-09-25,7026.0
T12,2014-09-26,35797.0
T12,2014-09-27,3828.0
T12,2014-09-28,4288.0
T12,2014-09-29,3941.0
T12,2014-09-30,4493.0
T12,2014-10-01,3997.0
T12,2014-10-02,2425.0
T12,2014-10-03,3390.0
T12,2014-10-04,3961.0
T12,2014-10-05,3731.0
T12,2014-10-06,4384.0
T12,2014-10-07,8334.0
T12,2014-10-08,9151.0
T12,2014-10-09,5349.0
T12,2014-10-10,4685.0
T12,2014-10-11,4919.0
T12,2014-10-12,3968.0
T12,2014-10-13,4449.0
T12,2014-10-14,3915.0
T12,2014-10-15,11401.0
T12,2014-10-16,8706.0
T12,2014-10-17,4638.0
T12,2014-10-18,4184.0
T12,2014-10-19,4681.0
T12,2014-10-20,9314.0
T12,2014-10-21,6618.0
T12,2014-10-22,6673.0
T12,2014-10-23,6360.0
T12,2014-10-24,3448.0
T12,2014-10-25,4777.0
T12,2014-10-26,5041.0
T12,2014-10-27,4885.0
T12,2014-10-28,6406.0
T12,2014-10-29,9989.0
T12,2014-10-30,6182.0
T12,2014-10-31,4404.0
T12,2014-11-01,4157.0
T12,2014-11-02,4450.0
T12,2014-11-03,3494.0
T12,2014-11-04,3740.0
T12,2014-11-05,6964.0
T12,2014-11-06,7562.0
T12,2014-11-07,4461.0
T12,2014-11-08,4149.0
T12,2014-11-09,4038.0
T12,2014-11-10,3632.0
T12,2014-11-11,5010.0
T12,2014-11-12,5428.0
T12,2014-11-13,4820.0
T12,2014-11-14,5101.0
T12,2014-11-15,3870.0
T12,2014-11-16,4485.0
T12,2014-11-17,4001.0
T12,2014-11-18,5368.0
T12,2014-11-19,7728.0
T12,2014-11-20,19968.0
T12,2014-11-21,3602.0
T12,2014-11-22,2377.0
T12,2014-11-23,4347.0
T12,2014-11-24,3668.0
T12,2014-11-25,4234.0
T12,2014-11-26,6214.0
T12,2014-11-27,7006.0
T12,2014-11-28,5479.0
T12,2014-11-29,4922.0
T12,2014-11-30,4465.0
T12,2014-12-01,3410.0
T12,2014-12-02,5587.0
T12,2014-12-03,8268.0
T12,2014-12-04,8196.0
T12,2014-12-05,4412.0
T12,2014-12-06,2066.0
T12,2014-12-07,3813.0
T12,2014-12-08,4426.0
T12,2014-12-09,5425.0
T12,2014-12-10,7544.0
T12,2014-12-11,6236.0
T12,2014-12-12,4215.0
T12,2014-12-13,3688.0
T12,2014-12-14,4049.0
T12,2014-12-15,3812.0
T12,2014-12-16,3650.0
T12,2014-12-17,4820.0
T12,2014-12-18,2170.0
T12,2014-12-19,3081.0
T12,2014-12-20,3301.0
T12,2014-12-21,3442.0
T12,2014-12-22,3701.0
T12,2014-12-23,4472.0
T12,2014-12-24,2113.0
T12,2014-12-25,3863.0
T12,2014-12-26,3066.0
T12,2014-12-27,3138.0
T12,2014-12-28,3459.0
T12,2014-12-29,3844.0
T12,2014-12-30,4946.0
T12,2014-12-31,7158.0
T12,2015-01-01,6919.0
T12,2015-01-02,3770.0
T12,2015-01-03,2083.0
T12,2015-01-04,3402.0
T12,2015-01-05,2790.0
T12,2015-01-06,7469.0
T12,2015-01-07,6118.0
T12,2015-01-08,3313.0
T12,2015-01-09,2700.0
T12,2015-01-10,2315.0
T12,2015-01-11,1862.0
T12,2015-01-12,2062.0
T12,2015-01-13,5949.0
T12,2015-01-14,5741.0
T12,2015-01-15,7280.0
T12,2015-01-16,3528.0
T12,2015-01-17,2431.0
T12,2015-01-18,2853.0
T12,2015-01-19,2144.0
T12,2015-01-20,4971.0
T12,2015-01-21,5427.0
T12,2015-01-22,6814.0
T12,2015-01-23,3255.0
T12,2015-01-24,3337.0
T12,2015-01-25,3315.0
T12,2015-01-26,3259.0
T12,2015-01-27,3875.0
T12,2015-01-28,5611.0
T12,2015-01-29,2107.0
T12,2015-01-30,1897.0
T12,2015-01-31,2293.0
T12,2015-02-01,2662.0
T12,2015-02-02,1744.0
T12,2015-02-03,3795.0
T12,2015-02-04,6870.0
T12,2015-02-05,4873.0
T12,2015-02-06,3459.0
T12,2015-02-07,2412.0
T12,2015-02-08,2636.0
T12,2015-02-09,3288.0
T12,2015-02-10,3347.0
T12,2015-02-11,6052.0
T12,2015-02-12,6310.0
T12,2015-02-13,3369.0
T12,2015-02-14,3047.0
T12,2015-02-15,3662.0
T12,2015-02-16,3075.0
T12,2015-02-17,3555.0
T12,2015-02-18,5095.0
T12,2015-02-19,3466.0
T12,2015-02-20,2243.0
T12,2015-02-21,2785.0
T12,2015-02-22,3337.0
T12,2015-02-23,3113.0
T12,2015-02-24,3981.0
T12,2015-02-25,5059.0
T12,2015-02-26,6615.0
T12,2015-02-27,3395.0
T12,2015-02-28,4962.0
T12,2015-03-01,3769.0
T12,2015-03-02,2585.0
T12,2015-03-03,11061.0
T12,2015-03-04,4204.0
T12,2015-03-05,6565.0
T12,2015-03-06,1947.0
T12,2015-03-07,4001.0
T12,2015-03-08,4259.0
T12,2015-03-09,3659.0
T12,2015-03-10,8730.0
T12,2015-03-11,4509.0
T12,2015-03-12,954.0
T12,2015-03-13,1864.0
T12,2015-03-14,1790.0
T12,2015-03-15,2705.0
T12,2015-03-16,2967.0
T12,2015-03-17,6248.0
T12,2015-03-18,6469.0
T12,2015-03-19,6975.0
T12,2015-03-20,3277.0
T12,2015-03-21,3312.0
T12,2015-03-22,3344.0
T12,2015-03-23,3941.0
T12,2015-03-24,6602.0
T12,2015-03-25,5265.0
T12,2015-03-26,5020.0
T12,2015-03-27,2874.0
T12,2015-03-28,3165.0
T12,2015-03-29,2953.0
T12,2015-03-30,1732.0
T12,2015-03-31,6537.0
T12,2015-04-01,4527.0
T12,2015-04-02,4830.0
T12,2015-04-03,2350.0
T12,2015-04-04,2632.0
T12,2015-04-05,2443.0
T12,2015-04-06,2322.0
T12,2015-04-07,6141.0
T12,2015-04-08,6429.0
T12,2015-04-09,5777.0
T12,2015-04-10,2834.0
T12,2015-04-11,2723.0
T12,2015-04-12,2991.0
T12,2015-04-13,2990.0
T12,2015-04-14,7076.0
T12,2015-04-15,6544.0
T12,2015-04-16,6803.0
T12,2015-04-17,2159.0
T12,2015-04-18,2730.0
T12,2015-04-19,3165.0
T12,2015-04-20,3779.0
T12,2015-04-21,7578.0
T12,2015-04-22,7187.0
T12,2015-04-23,7414.0
T12,2015-04-24,2712.0
T12,2015-04-25,2665.0
T12,2015-04-26,3198.0
T12,2015-04-27,2033.0
T12,2015-04-28,8025.0
T12,2015-04-29,4211.0
T12,2015-04-30,10253.0
T12,2015-05-01,2641.0
T12,2015-05-02,3636.0
T12,2015-05-03,2755.0
T12,2015-05-04,2555.0
T12,2015-05-05,6028.0
T12,2015-05-06,4218.0
T12,2015-05-07,4655.0
T12,2015-05-08,2169.0
T12,2015-05-09,2502.0
T12,2015-05-10,2649.0
T12,2015-05-11,4203.0
T12,2015-05-12,4662.0
T12,2015-05-13,5001.0
T12,2015-05-14,6904.0
T12,2015-05-15,3793.0
T12,2015-05-16,2846.0
T12,2015-05-17,3639.0
T12,2015-05-18,3318.0
T12,2015-05-19,3765.0
T12,2015-05-20,5674.0
T12,2015-05-21,7013.0
T12,2015-05-22,2843.0
T12,2015-05-23,2306.0
T12,2015-05-24,3396.0
T12,2015-05-25,3622.0
T12,2015-05-26,5339.0
T12,2015-05-27,6247.0
T12,2015-05-28,10217.0
T12,2015-05-29,4145.0
T12,2015-05-30,3956.0
T12,2015-05-31,4182.0
T12,2015-06-01,5284.0
T12,2015-06-02,7063.0
T12,2015-06-03,5237.0
T12,2015-06-04,8654.0
T12,2015-06-05,4249.0
T12,2015-06-06,2800.0
T12,2015-06-07,3764.0
T12,2015-06-08,4282.0
T12,2015-06-09,5597.0
T12,2015-06-10,6220.0
T12,2015-06-11,5775.0
T12,2015-06-12,2795.0
T12,2015-06-13,4153.0
T12,2015-06-14,4871.0
T12,2015-06-15,4508.0
T12,2015-06-16,4172.0
T12,2015-06-17,8297.0
T12,2015-06-18,6559.0
T12,2015-06-19,4749.0
T12,2015-06-20,3988.0
T12,2015-06-21,2597.0
T12,2015-06-22,3220.0
T12,2015-06-23,4961.0
T12,2015-06-24,8115.0
T12,2015-06-25,6436.0
T12,2015-06-26,2486.0
T12,2015-06-27,4524.0
T12,2015-06-28,4313.0
T12,2015-06-29,4809.0
T12,2015-06-30,5582.0
T12,2015-07-01,4477.0
T12,2015-07-02,4570.0
T12,2015-07-03,4717.0
T12,2015-07-04,4230.0
T12,2015-07-05,4384.0
T12,2015-07-06,3044.0
T12,2015-07-07,3238.0
T12,2015-07-08,5076.0
T12,2015-07-09,7485.0
T12,2015-07-10,4484.0
T12,2015-07-11,2708.0
T12,2015-07-12,4036.0
T12,2015-07-13,4263.0
T12,2015-07-14,4487.0
T12,2015-07-15,5720.0
T12,2015-07-16,8703.0
T12,2015-07-17,5152.0
T12,2015-07-18,4150.0
T12,2015-07-19,5006.0
T12,2015-07-20,4561.0
T12,2015-07-21,3868.0
T12,2015-07-22,4903.0
T12,2015-07-23,7958.0
T12,2015-07-24,4225.0
T12,2015-07-25,4679.0
T12,2015-07-26,3913.0
T12,2015-07-27,3219.0
T12,2015-07-28,4774.0
T12,2015-07-29,8334.0
T12,2015-07-30,8399.0
T12,2015-07-31,4118.0
T12,2015-08-01,3746.0
T12,2015-08-02,4551.0
T12,2015-08-03,5100.0
T12,2015-08-04,7145.0
T12,2015-08-05,6867.0
T12,2015-08-06,17248.0
T12,2015-08-07,4367.0
T12,2015-08-08,6866.0
T12,2015-08-09,5186.0
T12,2015-08-10,5592.0
T12,2015-08-11,4322.0
T12,2015-08-12,5713.0
T12,2015-08-13,11533.0
T12,2015-08-14,4721.0
T12,2015-08-15,5195.0
T12,2015-08-16,7285.0
T12,2015-08-17,3929.0
T12,2015-08-18,6116.0
T12,2015-08-19,3683.0
T12,2015-08-20,2880.0
T12,2015-08-21,4455.0
T12,2015-08-22,5714.0
T12,2015-08-23,6635.0
T12,2015-08-24,3338.0
T12,2015-08-25,3019.0
T12,2015-08-26,2504.0
T12,2015-08-27,5622.0
T12,2015-08-28,7151.0
T12,2015-08-29,6376.0
T12,2015-08-30,7218.0
T12,2015-08-31,23059.0
T12,2015-09-01,7270.0
T12,2015-09-02,5063.0
T12,2015-09-03,5316.0
T12,2015-09-04,5045.0
T12,2015-09-05,5478.0
T12,2015-09-06,5214.0
T12,2015-09-07,5027.0
T12,2015-09-08,5349.0
T12,2015-09-09,9828.0
T12,2015-09-10,7201.0
T12,2015-09-11,3445.0
T12,2015-09-12,5141.0
T12,2015-09-13,3168.0
T12,2015-09-14,2723.0
T12,2015-09-15,4743.0
T12,2015-09-16,6703.0
T12,2015-09-17,5644.0
T12,2015-09-18,5615.0
T12,2015-09-19,4766.0
T12,2015-09-20,4676.0
T12,2015-09-21,4710.0
T12,2015-09-22,3846.0
T12,2015-09-23,5523.0
T12,2015-09-24,6305.0
T12,2015-09-25,5571.0
T12,2015-09-26,44383.0
T12,2015-09-27,3886.0
T12,2015-09-28,3368.0
T12,2015-09-29,3197.0
T12,2015-09-30,5281.0
T12,2015-10-01,5291.0
T12,2015-10-02,4383.0
T12,2015-10-03,3911.0
T12,2015-10-04,3804.0
T12,2015-10-05,5289.0
T12,2015-10-06,8256.0
T12,2015-10-07,14344.0
T12,2015-10-08,9474.0
T12,2015-10-09,7040.0
T12,2015-10-10,6076.0
T12,2015-10-11,5947.0
T12,2015-10-12,6265.0
T12,2015-10-13,10422.0
T12,2015-10-14,16450.0
T12,2015-10-15,20547.0
T12,2015-10-16,6186.0
T12,2015-10-17,3598.0
T12,2015-10-18,4337.0
T12,2015-10-19,4949.0
T12,2015-10-20,4759.0
T12,2015-10-21,6941.0
T12,2015-10-22,7956.0
T12,2015-10-23,4453.0
T12,2015-10-24,3428.0
T12,2015-10-25,3673.0
T12,2015-10-26,4217.0
T12,2015-10-27,5111.0
T12,2015-10-28,6400.0
T12,2015-10-29,6771.0
T12,2015-10-30,4342.0
T12,2015-10-31,4077.0
T12,2015-11-01,3803.0
T12,2015-11-02,4504.0
T12,2015-11-03,4614.0
T12,2015-11-04,6190.0
T12,2015-11-05,6191.0
T12,2015-11-06,4333.0
T12,2015-11-07,3597.0
T12,2015-11-08,3807.0
T12,2015-11-09,2914.0
T12,2015-11-10,5146.0
T12,2015-11-11,7292.0
T12,2015-11-12,7872.0
T12,2015-11-13,4074.0
T12,2015-11-14,3889.0
T12,2015-11-15,4637.0
T12,2015-11-16,4478.0
T12,2015-11-17,2869.0
T12,2015-11-18,4361.0
T12,2015-11-19,15563.0
T12,2015-11-20,4480.0
T12,2015-11-21,4531.0
T12,2015-11-22,3989.0
T12,2015-11-23,3745.0
T12,2015-11-24,5815.0
T12,2015-11-25,6559.0
T12,2015-11-26,9598.0
T12,2015-11-27,4572.0
T12,2015-11-28,3518.0
T12,2015-11-29,4071.0
T12,2015-11-30,4657.0
T12,2015-12-01,4811.0
T12,2015-12-02,7094.0
T12,2015-12-03,8068.0
T12,2015-12-04,4455.0
T12,2015-12-05,3800.0
T12,2015-12-06,2423.0
T12,2015-12-07,3779.0
T12,2015-12-08,4835.0
T12,2015-12-09,7418.0
T12,2015-12-10,9206.0
T12,2015-12-11,3345.0
T12,2015-12-12,3708.0
T12,2015-12-13,4003.0
T12,2015-12-14,4284.0
T12,2015-12-15,4674.0
T12,2015-12-16,5510.0
T12,2015-12-17,7579.0
T12,2015-12-18,4720.0
T12,2015-12-19,4895.0
T12,2015-12-20,4645.0
T12,2015-12-21,2552.0
T12,2015-12-22,3385.0
T12,2015-12-23,7118.0
T12,2015-12-24,9261.0
T12,2015-12-25,6018.0
T12,2015-12-26,4056.0
T12,2015-12-27,3793.0
T12,2015-12-28,3702.0
T12,2015-12-29,5409.0
T12,2015-12-30,6420.0
T12,2015-12-31,3325.0
T12,2016-01-01,2860.0
T12,2016-01-02,2429.0
T12,2016-01-03,3507.0
T12,2016-01-04,3472.0
T12,2016-01-05,4419.0
T12,2016-01-06,7645.0
T12,2016-01-07,4894.0
T12,2016-01-08,1989.0
T12,2016-01-09,2489.0
T12,2016-01-10,2882.0
T12,2016-01-11,3384.0
T12,2016-01-12,4078.0
T12,2016-01-13,7426.0
T12,2016-01-14,7600.0
T12,2016-01-15,3212.0
T12,2016-01-16,3172.0
T12,2016-01-17,3452.0
T12,2016-01-18,3196.0
T12,2016-01-19,4056.0
T12,2016-01-20,7102.0
T12,2016-01-21,5872.0
T12,2016-01-22,2551.0
T12,2016-01-23,3184.0
T12,2016-01-24,1991.0
T12,2016-01-25,1786.0
T12,2016-01-26,3603.0
T12,2016-01-27,3317.0
T12,2016-01-28,6422.0
T12,2016-01-29,3103.0
T12,2016-01-30,3436.0
T12,2016-01-31,3060.0
T12,2016-02-01,2952.0
T12,2016-02-02,2716.0
T12,2016-02-03,3519.0
T12,2016-02-04,4336.0
T12,2016-02-05,3012.0
T12,2016-02-06,3545.0
T12,2016-02-07,2339.0
T12,2016-02-08,3316.0
T12,2016-02-09,3649.0
T12,2016-02-10,5771.0
T12,2016-02-11,8440.0
T12,2016-02-12,3048.0
T12,2016-02-13,2686.0
T12,2016-02-14,3201.0
T12,2016-02-15,1935.0
T12,2016-02-16,3333.0
T12,2016-02-17,5974.0
T12,2016-02-18,3834.0
T12,2016-02-19,1570.0
T12,2016-02-20,2405.0
T12,2016-02-21,2702.0
T12,2016-02-22,1751.0
T12,2016-02-23,2203.0
T12,2016-02-24,5343.0
T12,2016-02-25,3030.0
T12,2016-02-26,2383.0
T12,2016-02-27,3724.0
T12,2016-02-28,3200.0
T12,2016-02-29,2120.0
T12,2016-03-01,9025.0
T12,2016-03-02,4899.0
T12,2016-03-03,4662.0
T12,2016-03-04,3258.0
T12,2016-03-05,1595.0
T12,2016-03-06,2478.0
T12,2016-03-07,3515.0
T12,2016-03-08,14264.0
T12,2016-03-09,9434.0
T12,2016-03-10,4585.0
T12,2016-03-11,3782.0
T12,2016-03-12,2560.0
T12,2016-03-13,3231.0
T12,2016-03-14,3891.0
T12,2016-03-15,9878.0
T12,2016-03-16,8029.0
T12,2016-03-17,5858.0
T12,2016-03-18,3806.0
T12,2016-03-19,3447.0
T12,2016-03-20,4195.0
T12,2016-03-21,3433.0
T12,2016-03-22,6922.0
T12,2016-03-23,8125.0
T12,2016-03-24,5055.0
T12,2016-03-25,2553.0
T12,2016-03-26,2479.0
T12,2016-03-27,2930.0
T12,2016-03-28,3636.0
T12,2016-03-29,6737.0
T12,2016-03-30,5767.0
T12,2016-03-31,5734.0
T12,2016-04-01,2032.0
T12,2016-04-02,3218.0
T12,2016-04-03,2442.0
T12,2016-04-04,3788.0
T12,2016-04-05,8074.0
T12,2016-04-06,7302.0
T12,2016-04-07,7353.0
T12,2016-04-08,2746.0
T12,2016-04-09,2699.0
T12,2016-04-10,4619.0
T12,2016-04-11,6555.0
T12,2016-04-12,3353.0
T12,2016-04-13,3604.0
T12,2016-04-14,4102.0
T12,2016-04-15,3781.0
T12,2016-04-16,1980.0
T12,2016-04-17,3510.0
T12,2016-04-18,5105.0
T12,2016-04-19,2594.0
T12,2016-04-20,1612.0
T12,2016-04-21,2281.0
T12,2016-04-22,2617.0
T12,2016-04-23,3948.0
T12,2016-04-24,5451.0
T12,2016-04-25,3051.0
T12,2016-04-26,4147.0
T12,2016-04-27,4055.0
T12,2016-04-28,3154.0
T12,2016-04-29,2967.0
T12,2016-04-30,4934.0
T12,2016-05-01,4823.0
T12,2016-05-02,6700.0
T12,2016-05-03,3668.0
T12,2016-05-04,3644.0
T12,2016-05-05,4692.0
T12,2016-05-06,3241.0
T12,2016-05-07,5280.0
T12,2016-05-08,3881.0
T12,2016-05-09,4168.0
T12,2016-05-10,2872.0
T12,2016-05-11,2293.0
T12,2016-05-12,3281.0
T12,2016-05-13,4520.0
T12,2016-05-14,4055.0
T12,2016-05-15,5594.0
T12,2016-05-16,2706.0
T12,2016-05-17,2955.0
T12,2016-05-18,5984.0
T12,2016-05-19,2679.0
T12,2016-05-20,3863.0
T12,2016-05-21,4944.0
T12,2016-05-22,8344.0
T12,2016-05-23,3621.0
T12,2016-05-24,3396.0
T12,2016-05-25,2708.0
T12,2016-05-26,4201.0
T12,2016-05-27,3806.0
T12,2016-05-28,1978.0
T12,2016-05-29,2241.0
T12,2016-05-30,3893.0
T12,2016-05-31,4191.0
T12,2016-06-01,4059.0
T12,2016-06-02,3160.0
T12,2016-06-03,3571.0
T12,2016-06-04,4436.0
T12,2016-06-05,6288.0
T12,2016-06-06,3835.0
T12,2016-06-07,5322.0
T12,2016-06-08,3176.0
T12,2016-06-09,3875.0
T12,2016-06-10,4445.0
T12,2016-06-11,3911.0
T12,2016-06-12,3966.0
T12,2016-06-13,7437.0
T12,2016-06-14,3477.0
T12,2016-06-15,4348.0
T12,2016-06-16,3655.0
T12,2016-06-17,4214.0
T12,2016-06-18,5220.0
T12,2016-06-19,7364.0
T12,2016-06-20,3191.0
T12,2016-06-21,3575.0
T12,2016-06-22,4164.0
T12,2016-06-23,4839.0
T12,2016-06-24,4614.0
T12,2016-06-25,4349.0
T12,2016-06-26,6475.0
T12,2016-06-27,8265.0
T12,2016-06-28,3057.0
T12,2016-06-29,2286.0
T12,2016-06-30,3191.0
T12,2016-07-01,4478.0
T12,2016-07-02,3951.0
T12,2016-07-03,4971.0
T12,2016-07-04,5871.0
T12,2016-07-05,4505.0
T12,2016-07-06,4882.0
T12,2016-07-07,4379.0
T12,2016-07-08,5245.0
T12,2016-07-09,5924.0
T12,2016-07-10,7139.0
T12,2016-07-11,6876.0
T12,2016-07-12,4274.0
T12,2016-07-13,5322.0
T12,2016-07-14,4891.0
T12,2016-07-15,3340.0
T12,2016-07-16,7955.0
T12,2016-07-17,10519.0
T12,2016-07-18,8088.0
T12,2016-07-19,4275.0
T12,2016-07-20,4713.0
T12,2016-07-21,6232.0
T12,2016-07-22,5405.0
T12,2016-07-23,6394.0
T12,2016-07-24,5020.0
T12,2016-07-25,6728.0
T12,2016-07-26,4560.0
T12,2016-07-27,4797.0
T12,2016-07-28,5124.0
T12,2016-07-29,6777.0
T12,2016-07-30,5014.0
T12,2016-07-31,3424.0
T12,2016-08-01,2852.0
T12,2016-08-02,3399.0
T12,2016-08-03,4373.0
T12,2016-08-04,4590.0
T12,2016-08-05,5231.0
T12,2016-08-06,4980.0
T12,2016-08-07,27239.0
T12,2016-08-08,4973.0
T12,2016-08-09,4117.0
T12,2016-08-10,6106.0
T12,2016-08-11,6317.0
T12,2016-08-12,4971.0
T12,2016-08-13,4843.0
T12,2016-08-14,7942.0
T12,2016-08-15,5625.0
T12,2016-08-16,5384.0
T12,2016-08-17,5223.0
T12,2016-08-18,5524.0
T12,2016-08-19,6952.0
T12,2016-08-20,3996.0
T12,2016-08-21,5671.0
T12,2016-08-22,8436.0
T12,2016-08-23,5084.0
T12,2016-08-24,4009.0
T12,2016-08-25,5217.0
T12,2016-08-26,5247.0
T12,2016-08-27,3716.0
T12,2016-08-28,7010.0
T12,2016-08-29,8119.0
T12,2016-08-30,3715.0
T12,2016-08-31,5007.0
T12,2016-09-01,5321.0
T12,2016-09-02,24787.0
T12,2016-09-03,6140.0
T12,2016-09-04,7655.0
T12,2016-09-05,7752.0
T12,2016-09-06,3546.0
T12,2016-09-07,4589.0
T12,2016-09-08,4645.0
T12,2016-09-09,4805.0
T12,2016-09-10,5313.0
T12,2016-09-11,8393.0
T12,2016-09-12,4162.0
T12,2016-09-13,3155.0
T12,2016-09-14,3688.0
T12,2016-09-15,3714.0
T12,2016-09-16,3968.0
T12,2016-09-17,5140.0
T12,2016-09-18,5644.0
T12,2016-09-19,4471.0
T12,2016-09-20,3990.0
T12,2016-09-21,5425.0
T12,2016-09-22,4471.0
T12,2016-09-23,5497.0
T12,2016-09-24,4902.0
T12,2016-09-25,5226.0
T12,2016-09-26,3096.0
T12,2016-09-27,3972.0
T12,2016-09-28,4962.0
T12,2016-09-29,4350.0
T12,2016-09-30,4667.0
T12,2016-10-01,5003.0
T12,2016-10-02,6259.0
T12,2016-10-03,8177.0
T12,2016-10-04,4269.0
T12,2016-10-05,4264.0
T12,2016-10-06,4563.0
T12,2016-10-07,4941.0
T12,2016-10-08,5031.0
T12,2016-10-09,6323.0
T12,2016-10-10,6162.0
T12,2016-10-11,4409.0
T12,2016-10-12,4798.0
T12,2016-10-13,4572.0
T12,2016-10-14,4988.0
T12,2016-10-15,9138.0
T12,2016-10-16,6460.0
T12,2016-10-17,7600.0
T12,2016-10-18,5532.0
T12,2016-10-19,4530.0
T12,2016-10-20,4313.0
T12,2016-10-21,4209.0
T12,2016-10-22,5769.0
T12,2016-10-23,14813.0
T12,2016-10-24,14519.0
T12,2016-10-25,3982.0
T12,2016-10-26,3368.0
T12,2016-10-27,4197.0
T12,2016-10-28,5138.0
T12,2016-10-29,5557.0
T12,2016-10-30,8720.0
T12,2016-10-31,9119.0
T12,2016-11-01,3815.0
T12,2016-11-02,5009.0
T12,2016-11-03,3805.0
T12,2016-11-04,3711.0
T12,2016-11-05,7186.0
T12,2016-11-06,5259.0
T12,2016-11-07,7635.0
T12,2016-11-08,5209.0
T12,2016-11-09,5471.0
T12,2016-11-10,5758.0
T12,2016-11-11,5608.0
T12,2016-11-12,6158.0
T12,2016-11-13,11925.0
T12,2016-11-14,4273.0
T12,2016-11-15,2463.0
T12,2016-11-16,4461.0
T12,2016-11-17,5147.0
T12,2016-11-18,4960.0
T12,2016-11-19,7855.0
T12,2016-11-20,7421.0
T12,2016-11-21,9863.0
T12,2016-11-22,5337.0
T12,2016-11-23,4564.0
T12,2016-11-24,4910.0
T12,2016-11-25,4942.0
T12,2016-11-26,2800.0
T12,2016-11-27,8573.0
T12,2016-11-28,8794.0
T12,2016-11-29,3598.0
T12,2016-11-30,3080.0
T12,2016-12-01,1866.0
T12,2016-12-02,3032.0
T12,2016-12-03,3904.0
T12,2016-12-04,5690.0
T12,2016-12-05,7741.0
T12,2016-12-06,3143.0
T12,2016-12-07,2936.0
T12,2016-12-08,3615.0
T12,2016-12-09,4117.0
T12,2016-12-10,5442.0
T12,2016-12-11,6109.0
T12,2016-12-12,3973.0
T12,2016-12-13,2486.0
T12,2016-12-14,3197.0
T12,2016-12-15,3741.0
T12,2016-12-16,3597.0
T12,2016-12-17,4018.0
T12,2016-12-18,6924.0
T12,2016-12-19,8151.0
T12,2016-12-20,3438.0
T12,2016-12-21,3393.0
T12,2016-12-22,3068.0
T12,2016-12-23,3801.0
T12,2016-12-24,3814.0
T12,2016-12-25,6947.0
T12,2016-12-26,8579.0
T12,2016-12-27,3975.0
T12,2016-12-28,3606.0
T12,2016-12-29,4002.0
T12,2016-12-30,3597.0
T12,2016-12-31,4439.0
T12,2017-01-01,6804.0
T12,2017-01-02,5678.0
T12,2017-01-03,3375.0
T12,2017-01-04,2543.0
T12,2017-01-05,3250.0
T12,2017-01-06,3371.0
T12,2017-01-07,3652.0
T12,2017-01-08,6553.0
T12,2017-01-09,4660.0
T12,2017-01-10,3051.0
T12,2017-01-11,2995.0
T12,2017-01-12,3739.0
T12,2017-01-13,3186.0
T12,2017-01-14,4813.0
T12,2017-01-15,7093.0
T12,2017-01-16,7550.0
T12,2017-01-17,3799.0
T12,2017-01-18,3457.0
T12,2017-01-19,3674.0
T12,2017-01-20,3404.0
T12,2017-01-21,5159.0
T12,2017-01-22,4299.0
T12,2017-01-23,7296.0
T12,2017-01-24,3601.0
T12,2017-01-25,3545.0
T12,2017-01-26,3616.0
T12,2017-01-27,3695.0
T12,2017-01-28,3499.0
T12,2017-01-29,6070.0
T12,2017-01-30,5404.0
T12,2017-01-31,3806.0
T12,2017-02-01,3417.0
T12,2017-02-02,3634.0
T12,2017-02-03,3244.0
T12,2017-02-04,19628.0
T12,2017-02-05,22708.0
T12,2017-02-06,22101.0
T12,2017-02-07,3187.0
T12,2017-02-08,4147.0
T12,2017-02-09,4660.0
T12,2017-02-10,4695.0
T12,2017-02-11,5732.0
T12,2017-02-12,7250.0
T12,2017-02-13,7933.0
T12,2017-02-14,4478.0
T12,2017-02-15,4625.0
T12,2017-02-16,4765.0
T12,2017-02-17,3102.0
T12,2017-02-18,6869.0
T12,2017-02-19,4314.0
T12,2017-02-20,4148.0
T12,2017-02-21,2633.0
T12,2017-02-22,6065.0
T12,2017-02-23,11744.0
T12,2017-02-24,2527.0
T12,2017-02-25,3583.0
T12,2017-02-26,4445.0
T12,2017-02-27,3672.0
T12,2017-02-28,3110.0
T12,2017-03-01,3134.0
T12,2017-03-02,2949.0
T12,2017-03-03,3012.0
T12,2017-03-04,3709.0
T12,2017-03-05,8283.0
T12,2017-03-06,7726.0
T12,2017-03-07,3816.0
T12,2017-03-08,3575.0
T12,2017-03-09,3130.0
T12,2017-03-10,2462.0
T12,2017-03-11,3403.0
T12,2017-03-12,4662.0
T12,2017-03-13,3369.0
T12,2017-03-14,2980.0
T12,2017-03-15,3835.0
T12,2017-03-16,3703.0
T12,2017-03-17,3206.0
T12,2017-03-18,5426.0
T12,2017-03-19,4723.0
T12,2017-03-20,4404.0
T12,2017-03-21,3730.0
T12,2017-03-22,3121.0
T12,2017-03-23,3298.0
T12,2017-03-24,2888.0
T12,2017-03-25,2025.0
T12,2017-03-26,4972.0
T12,2017-03-27,5999.0
T12,2017-03-28,3112.0
T12,2017-03-29,3283.0
T12,2017-03-30,2763.0
T12,2017-03-31,3569.0
T12,2017-04-01,5926.0
T12,2017-04-02,3365.0
T12,2017-04-03,3865.0
T12,2017-04-04,2626.0
T12,2017-04-05,2629.0
T12,2017-04-06,2753.0
T12,2017-04-07,3224.0
T12,2017-04-08,4076.0
T12,2017-04-09,3654.0
T12,2017-04-10,3607.0
T12,2017-04-11,2212.0
T12,2017-04-12,1794.0
T12,2017-04-13,2515.0
T12,2017-04-14,2346.0
T12,2017-04-15,2277.0
T12,2017-04-16,3798.0
T12,2017-04-17,3998.0
T12,2017-04-18,2522.0
T12,2017-04-19,2780.0
T12,2017-04-20,2748.0
T12,2017-04-21,2924.0
T12,2017-04-22,2462.0
T12,2017-04-23,1500.0
T12,2017-04-24,851.0
T12,2017-04-25,1883.0
T12,2017-04-26,2982.0
T12,2017-04-27,3894.0
T12,2017-04-28,3579.0
T12,2017-04-29,4618.0
T12,2017-04-30,4805.0
T12,2017-05-01,4852.0
T12,2017-05-02,3028.0
T12,2017-05-03,4255.0
T12,2017-05-04,4833.0
T12,2017-05-05,4264.0
T12,2017-05-06,4735.0
T12,2017-05-07,4212.0
T12,2017-05-08,5742.0
T12,2017-05-09,4496.0
T12,2017-05-10,5051.0
T12,2017-05-11,5460.0
T12,2017-05-12,3614.0
T12,2017-05-13,4191.0
T12,2017-05-14,8107.0
T12,2017-05-15,4625.0
T12,2017-05-16,3447.0
T12,2017-05-17,4381.0
T12,2017-05-18,3020.0
T12,2017-05-19,4388.0
T12,2017-05-20,4358.0
T12,2017-05-21,8788.0
T12,2017-05-22,6751.0
T12,2017-05-23,4969.0
T12,2017-05-24,4913.0
T12,2017-05-25,4537.0
T12,2017-05-26,3470.0
T12,2017-05-27,4022.0
T12,2017-05-28,4295.0
T12,2017-05-29,4728.0
T12,2017-05-30,4445.0
T12,2017-05-31,4362.0
T12,2017-06-01,4013.0
T12,2017-06-02,4422.0
T12,2017-06-03,6154.0
T12,2017-06-04,7446.0
T12,2017-06-05,5609.0
T12,2017-06-06,2967.0
T12,2017-06-07,3878.0
T12,2017-06-08,3802.0
T12,2017-06-09,4424.0
T12,2017-06-10,3175.0
T12,2017-06-11,4852.0
T12,2017-06-12,5891.0
T12,2017-06-13,4664.0
T12,2017-06-14,3824.0
T12,2017-06-15,4969.0
T12,2017-06-16,5237.0
T12,2017-06-17,5533.0
T12,2017-06-18,8296.0
T12,2017-06-19,7121.0
T12,2017-06-20,4678.0
T12,2017-06-21,4374.0
T12,2017-06-22,3268.0
T12,2017-06-23,4258.0
T12,2017-06-24,6082.0
T12,2017-06-25,5497.0
T12,2017-06-26,6745.0
T12,2017-06-27,4730.0
T12,2017-06-28,4446.0
T12,2017-06-29,4759.0
T12,2017-06-30,5287.0
T12,2017-07-01,5787.0
T12,2017-07-02,6918.0
T12,2017-07-03,5692.0
T12,2017-07-04,5239.0
T12,2017-07-05,5351.0
T12,2017-07-06,3947.0
T12,2017-07-07,4639.0
T12,2017-07-08,2448.0
T12,2017-07-09,1130.0
T12,2017-07-10,3109.0
T12,2017-07-11,4010.0
T12,2017-07-12,4911.0
T12,2017-07-13,5424.0
T12,2017-07-14,3738.0
T12,2017-07-15,7826.0
T12,2017-07-16,7494.0
T12,2017-07-17,10296.0
T12,2017-07-18,5163.0
T12,2017-07-19,6194.0
T12,2017-07-20,6463.0
T12,2017-07-21,6106.0
T12,2017-07-22,7340.0
T12,2017-07-23,7332.0
T12,2017-07-24,7460.0
T12,2017-07-25,5004.0
T12,2017-07-26,4571.0
T12,2017-07-27,6013.0
T12,2017-07-28,5969.0
T12,2017-07-29,6102.0
T12,2017-07-30,5981.0
T12,2017-07-31,5436.0
T12,2017-08-01,6709.0
T12,2017-08-02,6377.0
T12,2017-08-03,6579.0
T12,2017-08-04,6895.0
T12,2017-08-05,7508.0
T12,2017-08-06,8151.0
T12,2017-08-07,29957.0
T12,2017-08-08,9377.0
T12,2017-08-09,7256.0
T12,2017-08-10,6528.0
T12,2017-08-11,6213.0
T12,2017-08-12,5842.0
T12,2017-08-13,4324.0
T12,2017-08-14,6283.0
T12,2017-08-15,5672.0
T12,2017-08-16,5454.0
T12,2017-08-17,5786.0
T12,2017-08-18,4945.0
T12,2017-08-19,5705.0
T12,2017-08-20,3322.0
T12,2017-08-21,7475.0
T12,2017-08-22,5571.0
T12,2017-08-23,6046.0
T12,2017-08-24,5378.0
T12,2017-08-25,3353.0
T12,2017-08-26,4490.0
T12,2017-08-27,7074.0
T12,2017-08-28,7570.0
T12,2017-08-29,6776.0
T12,2017-08-30,5781.0
T12,2017-08-31,5824.0
T12,2017-09-01,5432.0
T12,2017-09-02,9264.0
T12,2017-09-03,6030.0
T12,2017-09-04,3350.0
T12,2017-09-05,2250.0
T12,2017-09-06,5999.0
T12,2017-09-07,4107.0
T12,2017-09-08,4322.0
T12,2017-09-09,5399.0
T12,2017-09-10,6906.0
T12,2017-09-11,6983.0
T12,2017-09-12,4932.0
T12,2017-09-13,5106.0
T12,2017-09-14,4319.0
T12,2017-09-15,5330.0
T12,2017-09-16,5856.0
T12,2017-09-17,6955.0
T12,2017-09-18,6480.0
T12,2017-09-19,5630.0
T12,2017-09-20,5261.0
T12,2017-09-21,5621.0
T12,2017-09-22,5242.0
T12,2017-09-23,7057.0
T12,2017-09-24,6988.0
T12,2017-09-25,6880.0
T12,2017-09-26,5090.0
T12,2017-09-27,5872.0
T12,2017-09-28,6172.0
T12,2017-09-29,5643.0
T12,2017-09-30,5831.0
T12,2017-10-01,5552.0
T12,2017-10-02,5551.0
T12,2017-10-03,5663.0
T12,2017-10-04,5125.0
T12,2017-10-05,4043.0
T12,2017-10-06,4439.0
T12,2017-10-07,5887.0
T12,2017-10-08,5973.0
T12,2017-10-09,6616.0
T12,2017-10-10,4545.0
T12,2017-10-11,5443.0
T12,2017-10-12,5556.0
T12,2017-10-13,5957.0
T12,2017-10-14,11029.0
T12,2017-10-15,13541.0
T12,2017-10-16,12623.0
T12,2017-10-17,11290.0
T12,2017-10-18,4837.0
T12,2017-10-19,5026.0
T12,2017-10-20,5009.0
T12,2017-10-21,5748.0
T12,2017-10-22,14214.0
T12,2017-10-23,5967.0
T12,2017-10-24,5282.0
T12,2017-10-25,4380.0
T12,2017-10-26,6146.0
T12,2017-10-27,6267.0
T12,2017-10-28,8614.0
T12,2017-10-29,6281.0
T12,2017-10-30,5627.0
T12,2017-10-31,4281.0
T12,2017-11-01,5170.0
T12,2017-11-02,4924.0
T12,2017-11-03,4958.0
T12,2017-11-04,8374.0
T12,2017-11-05,8444.0
T12,2017-11-06,9103.0
T12,2017-11-07,6017.0
T12,2017-11-08,5188.0
T12,2017-11-09,5319.0
T12,2017-11-10,5014.0
T12,2017-11-11,5440.0
T12,2017-11-12,7601.0
T12,2017-11-13,10207.0
T12,2017-11-14,5939.0
T12,2017-11-15,5345.0
T12,2017-11-16,6005.0
T12,2017-11-17,4896.0
T12,2017-11-18,5416.0
T12,2017-11-19,4160.0
T12,2017-11-20,4940.0
T12,2017-11-21,3827.0
T12,2017-11-22,4626.0
T12,2017-11-23,5327.0
T12,2017-11-24,5289.0
T12,2017-11-25,5357.0
T12,2017-11-26,7075.0
T12,2017-11-27,8815.0
T12,2017-11-28,5924.0
T12,2017-11-29,4255.0
T12,2017-11-30,5901.0
T12,2017-12-01,4299.0
T12,2017-12-02,6628.0
T12,2017-12-03,6496.0
T12,2017-12-04,6739.0
T12,2017-12-05,4851.0
T12,2017-12-06,4844.0
T12,2017-12-07,4651.0
T12,2017-12-08,3881.0
T12,2017-12-09,4040.0
T12,2017-12-10,6000.0
T12,2017-12-11,7181.0
T12,2017-12-12,4017.0
T12,2017-12-13,4221.0
T12,2017-12-14,4057.0
T12,2017-12-15,2527.0
T12,2017-12-16,1831.0
T12,2017-12-17,4421.0
T12,2017-12-18,6776.0
T12,2017-12-19,4128.0
T12,2017-12-20,3013.0
T12,2017-12-21,3879.0
T12,2017-12-22,3574.0
T12,2017-12-23,3699.0
T12,2017-12-24,6970.0
T12,2017-12-25,3796.0
T12,2017-12-26,3624.0
T12,2017-12-27,3371.0
T12,2017-12-28,4023.0
T12,2017-12-29,4151.0
T12,2017-12-30,6231.0
T12,2017-12-31,5919.0
T12,2018-01-01,7989.0
T12,2018-01-02,4146.0
T12,2018-01-03,4092.0
T12,2018-01-04,3428.0
T12,2018-01-05,3666.0
T12,2018-01-06,4332.0
T12,2018-01-07,5481.0
T12,2018-01-08,5129.0
T12,2018-01-09,3575.0
T12,2018-01-10,4109.0
T12,2018-01-11,4576.0
T12,2018-01-12,3056.0
T12,2018-01-13,3037.0
T12,2018-01-14,6496.0
T12,2018-01-15,6546.0
T12,2018-01-16,4172.0
T12,2018-01-17,3260.0
T12,2018-01-18,2742.0
T12,2018-01-19,2957.0
T12,2018-01-20,3197.0
T12,2018-01-21,3968.0
T12,2018-01-22,1672.0
T12,2018-01-23,3260.0
T12,2018-01-24,3771.0
T12,2018-01-25,3904.0
T12,2018-01-26,3861.0
T12,2018-01-27,4052.0
T12,2018-01-28,4945.0
T12,2018-01-29,4304.0
T12,2018-01-30,3847.0
T12,2018-01-31,3684.0
T12,2018-02-01,3862.0
T12,2018-02-02,5111.0
T12,2018-02-03,19413.0
T12,2018-02-04,24769.0
T12,2018-02-05,22606.0
T12,2018-02-06,4152.0
T12,2018-02-07,3469.0
T12,2018-02-08,3591.0
T12,2018-02-09,4066.0
T12,2018-02-10,4969.0
T12,2018-02-11,5583.0
T12,2018-02-12,5160.0
T12,2018-02-13,4356.0
T12,2018-02-14,4694.0
T12,2018-02-15,3972.0
T12,2018-02-16,4818.0
T12,2018-02-17,7085.0
T12,2018-02-18,6071.0
T12,2018-02-19,5646.0
T12,2018-02-20,3459.0
T12,2018-02-21,3381.0
T12,2018-02-22,3908.0
T12,2018-02-23,3372.0
T12,2018-02-24,4902.0
T12,2018-02-25,6951.0
T12,2018-02-26,6309.0
T12,2018-02-27,2608.0
T12,2018-02-28,2781.0
T12,2018-03-01,3877.0
T12,2018-03-02,4056.0
T12,2018-03-03,7473.0
T12,2018-03-04,9456.0
T12,2018-03-05,3585.0
T12,2018-03-06,3148.0
T12,2018-03-07,3262.0
T12,2018-03-08,4055.0
T12,2018-03-09,3643.0
T12,2018-03-10,2899.0
T12,2018-03-11,5032.0
T12,2018-03-12,5238.0
T12,2018-03-13,3244.0
T12,2018-03-14,3555.0
T12,2018-03-15,3552.0
T12,2018-03-16,3396.0
T12,2018-03-17,5787.0
T12,2018-03-18,4912.0
T12,2018-03-19,6240.0
T12,2018-03-20,3802.0
T12,2018-03-21,3864.0
T12,2018-03-22,3648.0
T12,2018-03-23,4204.0
T12,2018-03-24,4805.0
T12,2018-03-25,3131.0
T12,2018-03-26,3004.0
T12,2018-03-27,3470.0
T12,2018-03-28,3482.0
T12,2018-03-29,4223.0
T12,2018-03-30,4630.0
T12,2018-03-31,4780.0
T12,2018-04-01,6247.0
T12,2018-04-02,5781.0
T12,2018-04-03,3869.0
T12,2018-04-04,3897.0
T12,2018-04-05,4419.0
T12,2018-04-06,2865.0
T12,2018-04-07,3547.0
T12,2018-04-08,2919.0
T12,2018-04-09,4618.0
T12,2018-04-10,3774.0
T12,2018-04-11,4546.0
T12,2018-04-12,4200.0
T12,2018-04-13,3392.0
T12,2018-04-14,4486.0
T12,2018-04-15,5149.0
T12,2018-04-16,4649.0
T12,2018-04-17,4499.0
T12,2018-04-18,5162.0
T12,2018-04-19,4958.0
T12,2018-04-20,4871.0
T12,2018-04-21,4873.0
T12,2018-04-22,2389.0
T12,2018-04-23,4439.0
T12,2018-04-24,4122.0
T12,2018-04-25,3365.0
T12,2018-04-26,4224.0
T12,2018-04-27,4649.0
T12,2018-04-28,5339.0
T12,2018-04-29,5586.0
T12,2018-04-30,4637.0
T12,2018-05-01,4129.0
T12,2018-05-02,3896.0
T12,2018-05-03,5655.0
T12,2018-05-04,4837.0
T12,2018-05-05,3201.0
T12,2018-05-06,4265.0
T12,2018-05-07,6755.0
T12,2018-05-08,5656.0
T12,2018-05-09,5687.0
T12,2018-05-10,4845.0
T12,2018-05-11,4935.0
T12,2018-05-12,5868.0
T12,2018-05-13,7055.0
T12,2018-05-14,7310.0
T12,2018-05-15,4311.0
T12,2018-05-16,2571.0
T12,2018-05-17,4177.0
T12,2018-05-18,5579.0
T12,2018-05-19,6338.0
T12,2018-05-20,7051.0
T12,2018-05-21,7213.0
T12,2018-05-22,4576.0
T12,2018-05-23,3175.0
T12,2018-05-24,4717.0
T12,2018-05-25,5045.0
T12,2018-05-26,5514.0
T12,2018-05-27,6687.0
T12,2018-05-28,7584.0
T12,2018-05-29,5241.0
T12,2018-05-30,4006.0
T12,2018-05-31,4601.0
T12,2018-06-01,5289.0
T12,2018-06-02,9361.0
T12,2018-06-03,5106.0
T12,2018-06-04,6047.0
T12,2018-06-05,5020.0
T12,2018-06-06,4976.0
T12,2018-06-07,5300.0
T12,2018-06-08,5157.0
T12,2018-06-09,4845.0
T12,2018-06-10,5571.0
T12,2018-06-11,7184.0
T12,2018-06-12,5122.0
T12,2018-06-13,3861.0
T12,2018-06-14,4199.0
T12,2018-06-15,4405.0
T12,2018-06-16,5304.0
T12,2018-06-17,9304.0
T12,2018-06-18,7498.0
T12,2018-06-19,5694.0
T12,2018-06-20,4095.0
T12,2018-06-21,4588.0
T12,2018-06-22,5618.0
T12,2018-06-23,7617.0
T12,2018-06-24,8357.0
T12,2018-06-25,9654.0
T12,2018-06-26,5561.0
T12,2018-06-27,4921.0
T12,2018-06-28,4583.0
T12,2018-06-29,3605.0
T12,2018-06-30,1962.0
T12,2018-07-01,5378.0
T12,2018-07-02,6192.0
T12,2018-07-03,5717.0
T12,2018-07-04,5025.0
T12,2018-07-05,4736.0
T12,2018-07-06,5166.0
T12,2018-07-07,6872.0
T12,2018-07-08,7657.0
T12,2018-07-09,6213.0
T12,2018-07-10,4794.0
T12,2018-07-11,5586.0
T12,2018-07-12,6064.0
T12,2018-07-13,5213.0
T12,2018-07-14,5274.0
T12,2018-07-15,7456.0
T12,2018-07-16,9667.0
T12,2018-07-17,5537.0
T12,2018-07-18,6082.0
T12,2018-07-19,6578.0
T12,2018-07-20,4423.0
T12,2018-07-21,6040.0
T12,2018-07-22,6948.0
T12,2018-07-23,6168.0
T12,2018-07-24,5901.0
T12,2018-07-25,6054.0
T12,2018-07-26,5886.0
T12,2018-07-27,5903.0
T12,2018-07-28,3748.0
T12,2018-07-29,5945.0
T12,2018-07-30,6806.0
T12,2018-07-31,4504.0
T12,2018-08-01,6830.0
T12,2018-08-02,6395.0
T12,2018-08-03,5323.0
T12,2018-08-04,6174.0
T12,2018-08-05,8130.0
T12,2018-08-06,6851.0
T12,2018-08-07,28989.0
T12,2018-08-08,7313.0
T12,2018-08-09,7034.0
T12,2018-08-10,5818.0
T12,2018-08-11,3414.0
T12,2018-08-12,6394.0
T12,2018-08-13,7647.0
T12,2018-08-14,7233.0
T12,2018-08-15,6162.0
T12,2018-08-16,6905.0
T12,2018-08-17,6686.0
T12,2018-08-18,6369.0
T12,2018-08-19,7061.0
T12,2018-08-20,9022.0
T12,2018-08-21,5028.0
T12,2018-08-22,6011.0
T12,2018-08-23,6669.0
T12,2018-08-24,6422.0
T12,2018-08-25,6078.0
T12,2018-08-26,10778.0
T12,2018-08-27,8459.0
T12,2018-08-28,6156.0
T12,2018-08-29,6135.0
T12,2018-08-30,6272.0
T12,2018-08-31,3768.0
T12,2018-09-01,4978.0
T12,2018-09-02,19552.0
T12,2018-09-03,8372.0
T12,2018-09-04,5452.0
T12,2018-09-05,4458.0
T12,2018-09-06,4024.0
T12,2018-09-07,5113.0
T12,2018-09-08,6139.0
T12,2018-09-09,7164.0
T12,2018-09-10,5640.0
T12,2018-09-11,6146.0
T12,2018-09-12,6043.0
T12,2018-09-13,4005.0
T12,2018-09-14,5814.0
T12,2018-09-15,6099.0
T12,2018-09-16,8193.0
T12,2018-09-17,8130.0
T12,2018-09-18,5805.0
T12,2018-09-19,4383.0
T12,2018-09-20,5684.0
T12,2018-09-21,6249.0
T12,2018-09-22,7228.0
T12,2018-09-23,9173.0
T12,2018-09-24,10691.0
T12,2018-09-25,5573.0
T12,2018-09-26,5731.0
T12,2018-09-27,6162.0
T12,2018-09-28,5930.0
T12,2018-09-29,7350.0
T12,2018-09-30,11130.0
T12,2018-10-01,7735.0
T12,2018-10-02,5541.0
T12,2018-10-03,5959.0
T12,2018-10-04,5965.0
T12,2018-10-05,4984.0
T12,2018-10-06,4717.0
T12,2018-10-07,6049.0
T12,2018-10-08,5588.0
T12,2018-10-09,5717.0
T12,2018-10-10,5674.0
T12,2018-10-11,4451.0
T12,2018-10-12,5839.0
T12,2018-10-13,5716.0
T12,2018-10-14,8213.0
T12,2018-10-15,7703.0
T12,2018-10-16,6137.0
T12,2018-10-17,4595.0
T12,2018-10-18,5376.0
T12,2018-10-19,5773.0
T12,2018-10-20,6450.0
T12,2018-10-21,9200.0
T12,2018-10-22,7379.0
T12,2018-10-23,6046.0
T12,2018-10-24,5537.0
T12,2018-10-25,5471.0
T12,2018-10-26,5883.0
T12,2018-10-27,6246.0
T12,2018-10-28,8594.0
T12,2018-10-29,7362.0
T12,2018-10-30,4784.0
T12,2018-10-31,5494.0
T12,2018-11-01,5895.0
T12,2018-11-02,5834.0
T12,2018-11-03,4083.0
T12,2018-11-04,5435.0
T12,2018-11-05,5848.0
T12,2018-11-06,4735.0
T12,2018-11-07,5652.0
T12,2018-11-08,4811.0
T12,2018-11-09,5089.0
T12,2018-11-10,5979.0
T12,2018-11-11,11606.0
T12,2018-11-12,17857.0
T12,2018-11-13,4186.0
T12,2018-11-14,4293.0
T12,2018-11-15,4961.0
T12,2018-11-16,5630.0
T12,2018-11-17,6772.0
T12,2018-11-18,7979.0
T12,2018-11-19,10029.0
T12,2018-11-20,6087.0
T12,2018-11-21,6005.0
T12,2018-11-22,5156.0
T12,2018-11-23,4997.0
T12,2018-11-24,10549.0
T12,2018-11-25,10919.0
T12,2018-11-26,9674.0
T12,2018-11-27,5339.0
T12,2018-11-28,4844.0
T12,2018-11-29,5123.0
T12,2018-11-30,5863.0
T12,2018-12-01,3510.0
T12,2018-12-02,5995.0
T12,2018-12-03,4487.0
T12,2018-12-04,4677.0
T12,2018-12-05,4544.0
T12,2018-12-06,4625.0
T12,2018-12-07,4847.0
T12,2018-12-08,6948.0
T12,2018-12-09,6510.0
T12,2018-12-10,7292.0
T12,2018-12-11,4384.0
T12,2018-12-12,3999.0
T12,2018-12-13,4098.0
T12,2018-12-14,3430.0
T12,2018-12-15,2287.0
T12,2018-12-16,6032.0
T12,2018-12-17,7222.0
T12,2018-12-18,4179.0
T12,2018-12-19,4636.0
T12,2018-12-20,4837.0
T12,2018-12-21,4554.0
T12,2018-12-22,5209.0
T12,2018-12-23,7611.0
T12,2018-12-24,6199.0
T12,2018-12-25,4232.0
T12,2018-12-26,4660.0
T12,2018-12-27,5552.0
T12,2018-12-28,4703.0
T12,2018-12-29,4120.0
T12,2018-12-30,5663.0
T12,2018-12-31,5678.0
T12,2019-01-01,3002.0
T12,2019-01-02,3613.0
T12,2019-01-03,2539.0
T12,2019-01-04,3081.0
T12,2019-01-05,3535.0
T12,2019-01-06,4801.0
T12,2019-01-07,3295.0
T12,2019-01-08,2036.0
T12,2019-01-09,3765.0
T12,2019-01-10,3926.0
T12,2019-01-11,3946.0
T12,2019-01-12,4805.0
T12,2019-01-13,7469.0
T12,2019-01-14,5864.0
T12,2019-01-15,4582.0
T12,2019-01-16,3765.0
T12,2019-01-17,2593.0
T12,2019-01-18,3868.0
T12,2019-01-19,5535.0
T12,2019-01-20,7461.0
T12,2019-01-21,4428.0
T12,2019-01-22,4103.0
T12,2019-01-23,3029.0
T12,2019-01-24,3379.0
T12,2019-01-25,2986.0
T12,2019-01-26,3909.0
T12,2019-01-27,5052.0
T12,2019-01-28,6757.0
T12,2019-01-29,4153.0
T12,2019-01-30,4497.0
T12,2019-01-31,4975.0
T12,2019-02-01,6004.0
T12,2019-02-02,23599.0
T12,2019-02-03,16350.0
T12,2019-02-04,29766.0
T12,2019-02-05,4050.0
T12,2019-02-06,4762.0
T12,2019-02-07,4955.0
T12,2019-02-08,5274.0
T12,2019-02-09,6717.0
T12,2019-02-10,9943.0
T12,2019-02-11,4386.0
T12,2019-02-12,5258.0
T12,2019-02-13,5090.0
T12,2019-02-14,3403.0
T12,2019-02-15,3699.0
T12,2019-02-16,3920.0
T12,2019-02-17,6169.0
T12,2019-02-18,4110.0
T12,2019-02-19,3501.0
T12,2019-02-20,3570.0
T12,2019-02-21,3682.0
T12,2019-02-22,3950.0
T12,2019-02-23,4948.0
T12,2019-02-24,6096.0
T12,2019-02-25,6420.0
T12,2019-02-26,3168.0
T12,2019-02-27,2854.0
T12,2019-02-28,4256.0
T12,2019-03-01,4343.0
T12,2019-03-02,2834.0
T12,2019-03-03,10729.0
T12,2019-03-04,7726.0
T12,2019-03-05,3519.0
T12,2019-03-06,4059.0
T12,2019-03-07,4746.0
T12,2019-03-08,4240.0
T12,2019-03-09,6569.0
T12,2019-03-10,6785.0
T12,2019-03-11,7074.0
T12,2019-03-12,4309.0
T12,2019-03-13,3570.0
T12,2019-03-14,3859.0
T12,2019-03-15,3200.0
T12,2019-03-16,2953.0
T12,2019-03-17,5420.0
T12,2019-03-18,3482.0
T12,2019-03-19,4112.0
T12,2019-03-20,4116.0
T12,2019-03-21,4292.0
T12,2019-03-22,3543.0
T12,2019-03-23,3639.0
T12,2019-03-24,7721.0
T12,2019-03-25,4388.0
T12,2019-03-26,3710.0
T12,2019-03-27,3919.0
T12,2019-03-28,4143.0
T12,2019-03-29,6842.0
T12,2019-03-30,5682.0
T12,2019-03-31,7535.0
T12,2019-04-01,5402.0
T12,2019-04-02,4485.0
T12,2019-04-03,4572.0
T12,2019-04-04,2668.0
T12,2019-04-05,4274.0
T12,2019-04-06,5514.0
T12,2019-04-07,5035.0
T12,2019-04-08,4296.0
T12,2019-04-09,4707.0
T12,2019-04-10,4809.0
T12,2019-04-11,4486.0
T12,2019-04-12,5059.0
T12,2019-04-13,3435.0
T12,2019-04-14,3526.0
T12,2019-04-15,2587.0
T12,2019-04-16,2950.0
T12,2019-04-17,4610.0
T12,2019-04-18,5036.0
T12,2019-04-19,3925.0
T12,2019-04-20,4689.0
T12,2019-04-21,5683.0
T12,2019-04-22,2832.0
T12,2019-04-23,1675.0
T12,2019-04-24,1673.0
T12,2019-04-25,2070.0
T12,2019-04-26,2579.0
T12,2019-04-27,3247.0
T12,2019-04-28,2569.0
T12,2019-04-29,2917.0
T12,2019-04-30,3496.0
T12,2019-05-01,3161.0
T12,2019-05-02,3204.0
T12,2019-05-03,4247.0
T12,2019-05-04,2906.0
T12,2019-05-05,3513.0
T12,2019-05-06,4385.0
T12,2019-05-07,3910.0
T12,2019-05-08,4910.0
T12,2019-05-09,6087.0
T12,2019-05-10,4923.0
T12,2019-05-11,3651.0
T12,2019-05-12,7027.0
T12,2019-05-13,7233.0
T12,2019-05-14,4857.0
T12,2019-05-15,3071.0
T12,2019-05-16,4210.0
T12,2019-05-17,4674.0
T12,2019-05-18,5451.0
T12,2019-05-19,8773.0
T12,2019-05-20,7034.0
T12,2019-05-21,4980.0
T12,2019-05-22,4865.0
T12,2019-05-23,3613.0
T12,2019-05-24,3564.0
T12,2019-05-25,5212.0
T12,2019-05-26,4395.0
T12,2019-05-27,5184.0
T12,2019-05-28,5174.0
T12,2019-05-29,6075.0
T12,2019-05-30,6225.0
T12,2019-05-31,5120.0
T12,2019-06-01,4782.0
T12,2019-06-02,3794.0
T12,2019-06-03,4894.0
T12,2019-06-04,5773.0
T12,2019-06-05,5525.0
T12,2019-06-06,5651.0
T12,2019-06-07,4683.0
T12,2019-06-08,4498.0
T12,2019-06-09,4891.0
T12,2019-06-10,4304.0
T12,2019-06-11,3026.0
T12,2019-06-12,5708.0
T12,2019-06-13,4905.0
T12,2019-06-14,2488.0
T12,2019-06-15,2877.0
T12,2019-06-16,4613.0
T12,2019-06-17,5469.0
T12,2019-06-18,5533.0
T12,2019-06-19,3699.0
T12,2019-06-20,4662.0
T12,2019-06-21,6010.0
T12,2019-06-22,8279.0
T12,2019-06-23,5550.0
T12,2019-06-24,5778.0
T12,2019-06-25,5884.0
T12,2019-06-26,5800.0
T12,2019-06-27,5892.0
T12,2019-06-28,5025.0
T12,2019-06-29,7945.0
T12,2019-06-30,8441.0
T12,2019-07-01,10480.0
T12,2019-07-02,5768.0
T12,2019-07-03,3868.0
T12,2019-07-04,6223.0
T12,2019-07-05,6173.0
T12,2019-07-06,5055.0
T12,2019-07-07,8995.0
T12,2019-07-08,4931.0
T12,2019-07-09,4105.0
T12,2019-07-10,5358.0
T12,2019-07-11,5572.0
T12,2019-07-12,6438.0
T12,2019-07-13,6196.0
T12,2019-07-14,8937.0
T12,2019-07-15,10112.0
T12,2019-07-16,4510.0
T12,2019-07-17,5219.0
T12,2019-07-18,5635.0
T12,2019-07-19,5474.0
T12,2019-07-20,6592.0
T12,2019-07-21,6443.0
T12,2019-07-22,6806.0
T12,2019-07-23,5839.0
T12,2019-07-24,6392.0
T12,2019-07-25,6708.0
T12,2019-07-26,6538.0
T12,2019-07-27,3387.0
T12,2019-07-28,4863.0
T12,2019-07-29,5789.0
T12,2019-07-30,5383.0
T12,2019-07-31,5068.0
T12,2019-08-01,5981.0
T12,2019-08-02,5751.0
T12,2019-08-03,7029.0
T12,2019-08-04,6743.0
T12,2019-08-05,7901.0
T12,2019-08-06,3654.0
T12,2019-08-07,30221.0
T12,2019-08-08,7420.0
T12,2019-08-09,7182.0
T12,2019-08-10,5164.0
T12,2019-08-11,4186.0
T12,2019-08-12,3610.0
T12,2019-08-13,3567.0
T12,2019-08-14,5529.0
T12,2019-08-15,6219.0
T12,2019-08-16,5340.0
T12,2019-08-17,3497.0
T12,2019-08-18,5309.0
T12,2019-08-19,6560.0
T12,2019-08-20,5094.0
T12,2019-08-21,4100.0
T12,2019-08-22,2372.0
T12,2019-08-23,1767.0
T12,2019-08-24,1329.0
T12,2019-08-25,4232.0
T12,2019-08-26,3863.0
T12,2019-08-27,2497.0
T12,2019-08-28,6055.0
T12,2019-08-29,3626.0
T12,2019-08-30,5161.0
T12,2019-08-31,6235.0
T12,2019-09-01,6034.0
T12,2019-09-02,12010.0
T12,2019-09-03,7043.0
T12,2019-09-04,5523.0
T12,2019-09-05,5044.0
T12,2019-09-06,3541.0
T12,2019-09-07,3436.0
T12,2019-09-08,2377.0
T12,2019-09-09,6098.0
T12,2019-09-10,4389.0
T12,2019-09-11,4837.0
T12,2019-09-12,5067.0
T12,2019-09-13,4636.0
T12,2019-09-14,4683.0
T12,2019-09-15,6158.0
T12,2019-09-16,5472.0
T12,2019-09-17,5252.0
T12,2019-09-18,4738.0
T12,2019-09-19,5318.0
T12,2019-09-20,4713.0
T12,2019-09-21,3818.0
T12,2019-09-22,3549.0
T12,2019-09-23,6524.0
T12,2019-09-24,5244.0
T12,2019-09-25,2641.0
T12,2019-09-26,3595.0
T12,2019-09-27,5082.0
T12,2019-09-28,4896.0
T12,2019-09-29,7034.0
T12,2019-09-30,5831.0
T12,2019-10-01,3974.0
T12,2019-10-02,4205.0
T12,2019-10-03,4852.0
T12,2019-10-04,5192.0
T12,2019-10-05,7605.0
T12,2019-10-06,7443.0
T12,2019-10-07,5517.0
T12,2019-10-08,4474.0
T12,2019-10-09,4917.0
T12,2019-10-10,3811.0
T12,2019-10-11,2616.0
T12,2019-10-12,4059.0
T12,2019-10-13,6269.0
T12,2019-10-14,6096.0
T12,2019-10-15,5192.0
T12,2019-10-16,5224.0
T12,2019-10-17,5427.0
T12,2019-10-18,5207.0
T12,2019-10-19,3242.0
T12,2019-10-20,4862.0
T12,2019-10-21,5529.0
T12,2019-10-22,5197.0
T12,2019-10-23,4549.0
T12,2019-10-24,4716.0
T12,2019-10-25,3788.0
T12,2019-10-26,3269.0
T12,2019-10-27,3715.0
T12,2019-10-28,2847.0
T12,2019-10-29,2628.0
T12,2019-10-30,2562.0
T12,2019-10-31,2369.0
T12,2019-11-01,2676.0
T12,2019-11-02,2805.0
T12,2019-11-03,3137.0
T12,2019-11-04,2404.0
T12,2019-11-05,2913.0
T12,2019-11-06,3116.0
T12,2019-11-07,2719.0
T12,2019-11-08,1281.0
T12,2019-11-09,2288.0
T12,2019-11-10,1490.0
T12,2019-11-11,1566.0
T12,2019-11-12,2494.0
T12,2019-11-13,2242.0
T12,2019-11-14,2695.0
T12,2019-11-15,2958.0
T12,2019-11-16,3396.0
T12,2019-11-17,1615.0
T12,2019-11-18,2886.0
T12,2019-11-19,4024.0
T12,2019-11-20,3261.0
T12,2019-11-21,3005.0
T12,2019-11-22,2754.0
T12,2019-11-23,2700.0
T12,2019-11-24,3190.0
T12,2019-11-25,3912.0
T12,2019-11-26,2964.0
T12,2019-11-27,3199.0
T12,2019-11-28,3049.0
T12,2019-11-29,2677.0
T12,2019-11-30,3617.0
T12,2019-12-01,3534.0
T12,2019-12-02,3049.0
T12,2019-12-03,3531.0
T12,2019-12-04,2598.0
T12,2019-12-05,1106.0
T12,2019-12-06,1407.0
T18,2009-05-01,12437.0
T18,2009-05-02,2580.0
T18,2009-05-03,1732.0
T18,2009-05-04,11656.0
T18,2009-05-05,12171.0
T18,2009-05-06,12351.0
T18,2009-05-07,12008.0
T18,2009-05-08,11688.0
T18,2009-05-09,2677.0
T18,2009-05-10,1703.0
T18,2009-05-11,11638.0
T18,2009-05-12,12234.0
T18,2009-05-13,11898.0
T18,2009-05-14,11987.0
T18,2009-05-15,11847.0
T18,2009-05-16,2306.0
T18,2009-05-17,2453.0
T18,2009-05-18,11812.0
T18,2009-05-19,12348.0
T18,2009-05-20,12470.0
T18,2009-05-21,12341.0
T18,2009-05-22,12042.0
T18,2009-05-23,2529.0
T18,2009-05-24,1739.0
T18,2009-05-25,11744.0
T18,2009-05-26,12359.0
T18,2009-05-27,12176.0
T18,2009-05-28,12066.0
T18,2009-05-29,12138.0
T18,2009-05-30,2258.0
T18,2009-05-31,1843.0
T18,2009-06-01,11500.0
T18,2009-06-02,11987.0
T18,2009-06-03,12911.0
T18,2009-06-04,11792.0
T18,2009-06-05,11542.0
T18,2009-06-06,5221.0
T18,2009-06-07,4985.0
T18,2009-06-08,3505.0
T18,2009-06-09,12839.0
T18,2009-06-10,11975.0
T18,2009-06-11,11525.0
T18,2009-06-12,11384.0
T18,2009-06-13,2196.0
T18,2009-06-14,1523.0
T18,2009-06-15,11712.0
T18,2009-06-16,11912.0
T18,2009-06-17,12215.0
T18,2009-06-18,12011.0
T18,2009-06-19,11794.0
T18,2009-06-20,2624.0
T18,2009-06-21,1959.0
T18,2009-06-22,11746.0
T18,2009-06-23,12167.0
T18,2009-06-24,12161.0
T18,2009-06-25,12307.0
T18,2009-06-26,12267.0
T18,2009-06-27,2530.0
T18,2009-06-28,1803.0
T18,2009-06-29,11646.0
T18,2009-06-30,11926.0
T18,2009-07-01,11494.0
T18,2009-07-02,11562.0
T18,2009-07-03,11597.0
T18,2009-07-04,2513.0
T18,2009-07-05,1586.0
T18,2009-07-06,10812.0
T18,2009-07-07,11525.0
T18,2009-07-08,11479.0
T18,2009-07-09,11670.0
T18,2009-07-10,11077.0
T18,2009-07-11,2084.0
T18,2009-07-12,1569.0
T18,2009-07-13,11458.0
T18,2009-07-14,11831.0
T18,2009-07-15,12124.0
T18,2009-07-16,12526.0
T18,2009-07-17,11705.0
T18,2009-07-18,2386.0
T18,2009-07-19,2338.0
T18,2009-07-20,11314.0
T18,2009-07-21,12115.0
T18,2009-07-22,12408.0
T18,2009-07-23,12409.0
T18,2009-07-24,12229.0
T18,2009-07-25,3003.0
T18,2009-07-26,1935.0
T18,2009-07-27,11303.0
T18,2009-07-28,12170.0
T18,2009-07-29,11904.0
T18,2009-07-30,12709.0
T18,2009-07-31,11873.0
T18,2009-08-01,3198.0
T18,2009-08-02,1953.0
T18,2009-08-03,11436.0
T18,2009-08-04,12078.0
T18,2009-08-05,12271.0
T18,2009-08-06,11662.0
T18,2009-08-07,11892.0
T18,2009-08-08,2867.0
T18,2009-08-09,1720.0
T18,2009-08-10,11685.0
T18,2009-08-11,12239.0
T18,2009-08-12,11983.0
T18,2009-08-13,12306.0
T18,2009-08-14,12208.0
T18,2009-08-15,2545.0
T18,2009-08-16,1429.0
T18,2009-08-17,11648.0
T18,2009-08-18,11943.0
T18,2009-08-19,11910.0
T18,2009-08-20,12715.0
T18,2009-08-21,11559.0
T18,2009-08-22,2513.0
T18,2009-08-23,1773.0
T18,2009-08-24,11788.0
T18,2009-08-25,11914.0
T18,2009-08-26,11635.0
T18,2009-08-27,11905.0
T18,2009-08-28,11876.0
T18,2009-08-29,2483.0
T18,2009-08-30,1775.0
T18,2009-08-31,11214.0
T18,2009-09-01,12213.0
T18,2009-09-02,11907.0
T18,2009-09-03,12011.0
T18,2009-09-04,11704.0
T18,2009-09-05,2371.0
T18,2009-09-06,1471.0
T18,2009-09-07,11372.0
T18,2009-09-08,11866.0
T18,2009-09-09,11758.0
T18,2009-09-10,12089.0
T18,2009-09-11,11400.0
T18,2009-09-12,2709.0
T18,2009-09-13,1700.0
T18,2009-09-14,11522.0
T18,2009-09-15,12145.0
T18,2009-09-16,11915.0
T18,2009-09-17,12643.0
T18,2009-09-18,11725.0
T18,2009-09-19,2306.0
T18,2009-09-20,1619.0
T18,2009-09-21,10832.0
T18,2009-09-22,11641.0
T18,2009-09-23,11323.0
T18,2009-09-24,11683.0
T18,2009-09-25,17754.0
T18,2009-09-26,2472.0
T18,2009-09-27,1456.0
T18,2009-09-28,10996.0
T18,2009-09-29,11705.0
T18,2009-09-30,11455.0
T18,2009-10-01,11386.0
T18,2009-10-02,10945.0
T18,2009-10-03,2352.0
T18,2009-10-04,1752.0
T18,2009-10-05,11355.0
T18,2009-10-06,11920.0
T18,2009-10-07,11885.0
T18,2009-10-08,12618.0
T18,2009-10-09,11918.0
T18,2009-10-10,2865.0
T18,2009-10-11,1773.0
T18,2009-10-12,11477.0
T18,2009-10-13,11775.0
T18,2009-10-14,11566.0
T18,2009-10-15,12074.0
T18,2009-10-16,11285.0
T18,2009-10-17,2376.0
T18,2009-10-18,1683.0
T18,2009-10-19,11583.0
T18,2009-10-20,12324.0
T18,2009-10-21,12146.0
T18,2009-10-22,12123.0
T18,2009-10-23,11970.0
T18,2009-10-24,2754.0
T18,2009-10-25,1510.0
T18,2009-10-26,11562.0
T18,2009-10-27,12083.0
T18,2009-10-28,12507.0
T18,2009-10-29,12587.0
T18,2009-10-30,12207.0
T18,2009-10-31,2194.0
T18,2009-11-01,1608.0
T18,2009-11-02,8663.0
T18,2009-11-03,1510.0
T18,2009-11-04,12001.0
T18,2009-11-05,12174.0
T18,2009-11-06,12000.0
T18,2009-11-07,2313.0
T18,2009-11-08,1577.0
T18,2009-11-09,11704.0
T18,2009-11-10,12247.0
T18,2009-11-11,12381.0
T18,2009-11-12,12320.0
T18,2009-11-13,12133.0
T18,2009-11-14,2685.0
T18,2009-11-15,1666.0
T18,2009-11-16,11713.0
T18,2009-11-17,12345.0
T18,2009-11-18,12246.0
T18,2009-11-19,12081.0
T18,2009-11-20,11340.0
T18,2009-11-21,2549.0
T18,2009-11-22,1920.0
T18,2009-11-23,11583.0
T18,2009-11-24,12667.0
T18,2009-11-25,12550.0
T18,2009-11-26,12860.0
T18,2009-11-27,12184.0
T18,2009-11-28,2764.0
T18,2009-11-29,1793.0
T18,2009-11-30,12382.0
T18,2009-12-01,12336.0
T18,2009-12-02,12957.0
T18,2009-12-03,12751.0
T18,2009-12-04,12084.0
T18,2009-12-05,2755.0
T18,2009-12-06,2160.0
T18,2009-12-07,11659.0
T18,2009-12-08,16265.0
T18,2009-12-09,12767.0
T18,2009-12-10,12983.0
T18,2009-12-11,12421.0
T18,2009-12-12,2993.0
T18,2009-12-13,1858.0
T18,2009-12-14,12344.0
T18,2009-12-15,13076.0
T18,2009-12-16,12195.0
T18,2009-12-17,13528.0
T18,2009-12-18,12405.0
T18,2009-12-19,2689.0
T18,2009-12-20,1992.0
T18,2009-12-21,11453.0
T18,2009-12-22,11933.0
T18,2009-12-23,10448.0
T18,2009-12-24,7427.0
T18,2009-12-25,729.0
T18,2009-12-26,1498.0
T18,2009-12-27,1770.0
T18,2009-12-28,1532.0
T18,2009-12-29,5363.0
T18,2009-12-30,5133.0
T18,2009-12-31,4593.0
T18,2010-01-01,1245.0
T18,2010-01-02,1500.0
T18,2010-01-03,1366.0
T18,2010-01-04,7804.0
T18,2010-01-05,8128.0
T18,2010-01-06,8408.0
T18,2010-01-07,8526.0
T18,2010-01-08,7871.0
T18,2010-01-09,1692.0
T18,2010-01-10,1332.0
T18,2010-01-11,8576.0
T18,2010-01-12,9215.0
T18,2010-01-13,11052.0
T18,2010-01-14,10839.0
T18,2010-01-15,10286.0
T18,2010-01-16,2087.0
T18,2010-01-17,1667.0
T18,2010-01-18,11628.0
T18,2010-01-19,11529.0
T18,2010-01-20,11726.0
T18,2010-01-21,11746.0
T18,2010-01-22,11099.0
T18,2010-01-23,2296.0
T18,2010-01-24,1757.0
T18,2010-01-25,8880.0
T18,2010-01-26,2124.0
T18,2010-01-27,11488.0
T18,2010-01-28,12076.0
T18,2010-01-29,11415.0
T18,2010-01-30,2194.0
T18,2010-01-31,1473.0
T18,2010-02-01,11691.0
T18,2010-02-02,11919.0
T18,2010-02-03,12116.0
T18,2010-02-04,12125.0
T18,2010-02-05,13283.0
T18,2010-02-06,2362.0
T18,2010-02-07,1654.0
T18,2010-02-08,11565.0
T18,2010-02-09,12182.0
T18,2010-02-10,11837.0
T18,2010-02-11,12897.0
T18,2010-02-12,12058.0
T18,2010-02-13,2413.0
T18,2010-02-14,1908.0
T18,2010-02-15,11707.0
T18,2010-02-16,12616.0
T18,2010-02-17,12055.0
T18,2010-02-18,12655.0
T18,2010-02-19,11933.0
T18,2010-02-20,2423.0
T18,2010-02-21,1802.0
T18,2010-02-22,11946.0
T18,2010-02-23,12935.0
T18,2010-02-24,12410.0
T18,2010-02-25,12764.0
T18,2010-02-26,12376.0
T18,2010-02-27,2417.0
T18,2010-02-28,1758.0
T18,2010-03-01,11729.0
T18,2010-03-02,12443.0
T18,2010-03-03,12110.0
T18,2010-03-04,12447.0
T18,2010-03-05,11939.0
T18,2010-03-06,2519.0
T18,2010-03-07,1802.0
T18,2010-03-08,1617.0
T18,2010-03-09,12316.0
T18,2010-03-10,12313.0
T18,2010-03-11,12676.0
T18,2010-03-12,12505.0
T18,2010-03-13,2816.0
T18,2010-03-14,2097.0
T18,2010-03-15,11922.0
T18,2010-03-16,12354.0
T18,2010-03-17,12405.0
T18,2010-03-18,12370.0
T18,2010-03-19,12190.0
T18,2010-03-20,3771.0
T18,2010-03-21,2398.0
T18,2010-03-22,12177.0
T18,2010-03-23,12622.0
T18,2010-03-24,12907.0
T18,2010-03-25,13123.0
T18,2010-03-26,13058.0
T18,2010-03-27,3087.0
T18,2010-03-28,2128.0
T18,2010-03-29,12426.0
T18,2010-03-30,13138.0
T18,2010-03-31,13559.0
T18,2010-04-01,13128.0
T18,2010-04-02,1632.0
T18,2010-04-03,2478.0
T18,2010-04-04,1931.0
T18,2010-04-05,1456.0
T18,2010-04-06,11130.0
T18,2010-04-07,12130.0
T18,2010-04-08,12409.0
T18,2010-04-09,12019.0
T18,2010-04-10,3034.0
T18,2010-04-11,1907.0
T18,2010-04-12,11707.0
T18,2010-04-13,12587.0
T18,2010-04-14,12361.0
T18,2010-04-15,12782.0
T18,2010-04-16,12405.0
T18,2010-04-17,2911.0
T18,2010-04-18,2054.0
T18,2010-04-19,12050.0
T18,2010-04-20,12287.0
T18,2010-04-21,12556.0
T18,2010-04-22,12578.0
T18,2010-04-23,12355.0
T18,2010-04-24,2742.0
T18,2010-04-25,3145.0
T18,2010-04-26,1604.0
T18,2010-04-27,12336.0
T18,2010-04-28,12948.0
T18,2010-04-29,13180.0
T18,2010-04-30,12910.0
T18,2010-05-01,2808.0
T18,2010-05-02,2058.0
T18,2010-05-03,12042.0
T18,2010-05-04,12662.0
T18,2010-05-05,12686.0
T18,2010-05-06,13341.0
T18,2010-05-07,12384.0
T18,2010-05-08,2591.0
T18,2010-05-09,1688.0
T18,2010-05-10,11862.0
T18,2010-05-11,12220.0
T18,2010-05-12,12518.0
T18,2010-05-13,12540.0
T18,2010-05-14,12448.0
T18,2010-05-15,2564.0
T18,2010-05-16,1765.0
T18,2010-05-17,11903.0
T18,2010-05-18,12665.0
T18,2010-05-19,12287.0
T18,2010-05-20,12809.0
T18,2010-05-21,12854.0
T18,2010-05-22,2558.0
T18,2010-05-23,1721.0
T18,2010-05-24,11973.0
T18,2010-05-25,12403.0
T18,2010-05-26,12360.0
T18,2010-05-27,12522.0
T18,2010-05-28,12017.0
T18,2010-05-29,2545.0
T18,2010-05-30,1632.0
T18,2010-05-31,11747.0
T18,2010-06-01,12439.0
T18,2010-06-02,12054.0
T18,2010-06-03,12923.0
T18,2010-06-04,12081.0
T18,2010-06-05,2275.0
T18,2010-06-06,1584.0
T18,2010-06-07,12019.0
T18,2010-06-08,12509.0
T18,2010-06-09,13308.0
T18,2010-06-10,12416.0
T18,2010-06-11,11565.0
T18,2010-06-12,2174.0
T18,2010-06-13,1998.0
T18,2010-06-14,1516.0
T18,2010-06-15,11767.0
T18,2010-06-16,11929.0
T18,2010-06-17,12306.0
T18,2010-06-18,12009.0
T18,2010-06-19,2594.0
T18,2010-06-20,1673.0
T18,2010-06-21,11539.0
T18,2010-06-22,12675.0
T18,2010-06-23,12463.0
T18,2010-06-24,12465.0
T18,2010-06-25,13297.0
T18,2010-06-26,1978.0
T18,2010-06-27,1405.0
T18,2010-06-28,11114.0
T18,2010-06-29,11702.0
T18,2010-06-30,11589.0
T18,2010-07-01,11945.0
T18,2010-07-02,11868.0
T18,2010-07-03,2320.0
T18,2010-07-04,1629.0
T18,2010-07-05,11280.0
T18,2010-07-06,12296.0
T18,2010-07-07,11908.0
T18,2010-07-08,12247.0
T18,2010-07-09,11845.0
T18,2010-07-10,2391.0
T18,2010-07-11,1709.0
T18,2010-07-12,11373.0
T18,2010-07-13,12422.0
T18,2010-07-14,12099.0
T18,2010-07-15,12436.0
T18,2010-07-16,12700.0
T18,2010-07-17,2624.0
T18,2010-07-18,1739.0
T18,2010-07-19,11736.0
T18,2010-07-20,12068.0
T18,2010-07-21,12163.0
T18,2010-07-22,12391.0
T18,2010-07-23,12132.0
T18,2010-07-24,3041.0
T18,2010-07-25,2416.0
T18,2010-07-26,11764.0
T18,2010-07-27,11122.0
T18,2010-07-28,12640.0
T18,2010-07-29,12268.0
T18,2010-07-30,12463.0
T18,2010-07-31,3058.0
T18,2010-08-01,1805.0
T18,2010-08-02,11376.0
T18,2010-08-03,12238.0
T18,2010-08-04,12461.0
T18,2010-08-05,12317.0
T18,2010-08-06,12142.0
T18,2010-08-07,2627.0
T18,2010-08-08,1963.0
T18,2010-08-09,11633.0
T18,2010-08-10,13372.0
T18,2010-08-11,12594.0
T18,2010-08-12,12067.0
T18,2010-08-13,12206.0
T18,2010-08-14,2759.0
T18,2010-08-15,1553.0
T18,2010-08-16,11464.0
T18,2010-08-17,11846.0
T18,2010-08-18,11519.0
T18,2010-08-19,12254.0
T18,2010-08-20,11549.0
T18,2010-08-21,2458.0
T18,2010-08-22,1540.0
T18,2010-08-23,11132.0
T18,2010-08-24,12362.0
T18,2010-08-25,11421.0
T18,2010-08-26,11953.0
T18,2010-08-27,11511.0
T18,2010-08-28,2708.0
T18,2010-08-29,1754.0
T18,2010-08-30,11439.0
T18,2010-08-31,11601.0
T18,2010-09-01,13880.0
T18,2010-09-02,12020.0
T18,2010-09-03,11687.0
T18,2010-09-04,2221.0
T18,2010-09-05,1290.0
T18,2010-09-06,11253.0
T18,2010-09-07,12047.0
T18,2010-09-08,11718.0
T18,2010-09-09,11544.0
T18,2010-09-10,12069.0
T18,2010-09-11,2636.0
T18,2010-09-12,1766.0
T18,2010-09-13,10883.0
T18,2010-09-14,11875.0
T18,2010-09-15,11986.0
T18,2010-09-16,11946.0
T18,2010-09-17,11659.0
T18,2010-09-18,2521.0
T18,2010-09-19,2317.0
T18,2010-09-20,11807.0
T18,2010-09-21,11630.0
T18,2010-09-22,11247.0
T18,2010-09-23,11482.0
T18,2010-09-24,17797.0
T18,2010-09-25,2738.0
T18,2010-09-26,1841.0
T18,2010-09-27,10716.0
T18,2010-09-28,11572.0
T18,2010-09-29,11710.0
T18,2010-09-30,11684.0
T18,2010-10-01,11536.0
T18,2010-10-02,2964.0
T18,2010-10-03,2054.0
T18,2010-10-04,11397.0
T18,2010-10-05,12137.0
T18,2010-10-06,12122.0
T18,2010-10-07,12198.0
T18,2010-10-08,11759.0
T18,2010-10-09,2563.0
T18,2010-10-10,2077.0
T18,2010-10-11,11710.0
T18,2010-10-12,12449.0
T18,2010-10-13,12155.0
T18,2010-10-14,12163.0
T18,2010-10-15,16401.0
T18,2010-10-16,2181.0
T18,2010-10-17,1760.0
T18,2010-10-18,11641.0
T18,2010-10-19,12001.0
T18,2010-10-20,12227.0
T18,2010-10-21,12310.0
T18,2010-10-22,12802.0
T18,2010-10-23,2396.0
T18,2010-10-24,1551.0
T18,2010-10-25,11544.0
T18,2010-10-26,12311.0
T18,2010-10-27,11783.0
T18,2010-10-28,12719.0
T18,2010-10-29,12117.0
T18,2010-10-30,1966.0
T18,2010-10-31,1573.0
T18,2010-11-01,9042.0
T18,2010-11-02,1597.0
T18,2010-11-03,11974.0
T18,2010-11-04,12454.0
T18,2010-11-05,12205.0
T18,2010-11-06,2305.0
T18,2010-11-07,1643.0
T18,2010-11-08,12200.0
T18,2010-11-09,12933.0
T18,2010-11-10,12813.0
T18,2010-11-11,12779.0
T18,2010-11-12,11710.0
T18,2010-11-13,2616.0
T18,2010-11-14,1804.0
T18,2010-11-15,12072.0
T18,2010-11-16,12804.0
T18,2010-11-17,12742.0
T18,2010-11-18,12498.0
T18,2010-11-19,12422.0
T18,2010-11-20,2907.0
T18,2010-11-21,1911.0
T18,2010-11-22,12026.0
T18,2010-11-23,12840.0
T18,2010-11-24,12213.0
T18,2010-11-25,13821.0
T18,2010-11-26,12082.0
T18,2010-11-27,2291.0
T18,2010-11-28,1700.0
T18,2010-11-29,12672.0
T18,2010-11-30,12841.0
T18,2010-12-01,13491.0
T18,2010-12-02,13899.0
T18,2010-12-03,12298.0
T18,2010-12-04,2826.0
T18,2010-12-05,2131.0
T18,2010-12-06,12341.0
T18,2010-12-07,12726.0
T18,2010-12-08,13344.0
T18,2010-12-09,13094.0
T18,2010-12-10,12742.0
T18,2010-12-11,2860.0
T18,2010-12-12,1947.0
T18,2010-12-13,12265.0
T18,2010-12-14,13012.0
T18,2010-12-15,12769.0
T18,2010-12-16,13367.0
T18,2010-12-17,12384.0
T18,2010-12-18,2693.0
T18,2010-12-19,1678.0
T18,2010-12-20,12031.0
T18,2010-12-21,12609.0
T18,2010-12-22,12460.0
T18,2010-12-23,11286.0
T18,2010-12-24,7828.0
T18,2010-12-25,826.0
T18,2010-12-26,1624.0
T18,2010-12-27,1763.0
T18,2010-12-28,1895.0
T18,2010-12-29,5556.0
T18,2010-12-30,5369.0
T18,2010-12-31,4648.0
T18,2011-01-01,1441.0
T18,2011-01-02,1546.0
T18,2011-01-03,1117.0
T18,2011-01-04,8126.0
T18,2011-01-05,8569.0
T18,2011-01-06,8669.0
T18,2011-01-07,8212.0
T18,2011-01-08,1775.0
T18,2011-01-09,1603.0
T18,2011-01-10,11244.0
T18,2011-01-11,11537.0
T18,2011-01-12,11449.0
T18,2011-01-13,12294.0
T18,2011-01-14,11188.0
T18,2011-01-15,2449.0
T18,2011-01-16,2113.0
T18,2011-01-17,11112.0
T18,2011-01-18,11796.0
T18,2011-01-19,11668.0
T18,2011-01-20,12087.0
T18,2011-01-21,11380.0
T18,2011-01-22,2587.0
T18,2011-01-23,2079.0
T18,2011-01-24,11927.0
T18,2011-01-25,12063.0
T18,2011-01-26,2134.0
T18,2011-01-27,11983.0
T18,2011-01-28,11913.0
T18,2011-01-29,2220.0
T18,2011-01-30,1538.0
T18,2011-01-31,11628.0
T18,2011-02-01,11650.0
T18,2011-02-02,12179.0
T18,2011-02-03,12252.0
T18,2011-02-04,12390.0
T18,2011-02-05,2087.0
T18,2011-02-06,1659.0
T18,2011-02-07,12190.0
T18,2011-02-08,12762.0
T18,2011-02-09,12370.0
T18,2011-02-10,12517.0
T18,2011-02-11,13109.0
T18,2011-02-12,2427.0
T18,2011-02-13,1848.0
T18,2011-02-14,12622.0
T18,2011-02-15,12706.0
T18,2011-02-16,12669.0
T18,2011-02-17,13124.0
T18,2011-02-18,11935.0
T18,2011-02-19,2587.0
T18,2011-02-20,1703.0
T18,2011-02-21,12350.0
T18,2011-02-22,13072.0
T18,2011-02-23,13140.0
T18,2011-02-24,12681.0
T18,2011-02-25,12361.0
T18,2011-02-26,2519.0
T18,2011-02-27,1949.0
T18,2011-02-28,12287.0
T18,2011-03-01,12574.0
T18,2011-03-02,12664.0
T18,2011-03-03,12628.0
T18,2011-03-04,12108.0
T18,2011-03-05,2712.0
T18,2011-03-06,2031.0
T18,2011-03-07,12419.0
T18,2011-03-08,12889.0
T18,2011-03-09,12851.0
T18,2011-03-10,13224.0
T18,2011-03-11,11945.0
T18,2011-03-12,2961.0
T18,2011-03-13,1775.0
T18,2011-03-14,2060.0
T18,2011-03-15,12315.0
T18,2011-03-16,12247.0
T18,2011-03-17,12987.0
T18,2011-03-18,12307.0
T18,2011-03-19,2562.0
T18,2011-03-20,1995.0
T18,2011-03-21,11929.0
T18,2011-03-22,13236.0
T18,2011-03-23,12787.0
T18,2011-03-24,13007.0
T18,2011-03-25,12124.0
T18,2011-03-26,3260.0
T18,2011-03-27,1821.0
T18,2011-03-28,11897.0
T18,2011-03-29,12742.0
T18,2011-03-30,12421.0
T18,2011-03-31,13057.0
T18,2011-04-01,12292.0
T18,2011-04-02,2650.0
T18,2011-04-03,2194.0
T18,2011-04-04,12209.0
T18,2011-04-05,12891.0
T18,2011-04-06,13221.0
T18,2011-04-07,12991.0
T18,2011-04-08,12829.0
T18,2011-04-09,2486.0
T18,2011-04-10,2091.0
T18,2011-04-11,12153.0
T18,2011-04-12,14247.0
T18,2011-04-13,12846.0
T18,2011-04-14,13283.0
T18,2011-04-15,12609.0
T18,2011-04-16,3133.0
T18,2011-04-17,2211.0
T18,2011-04-18,12082.0
T18,2011-04-19,13071.0
T18,2011-04-20,13129.0
T18,2011-04-21,12791.0
T18,2011-04-22,1784.0
T18,2011-04-23,2323.0
T18,2011-04-24,1914.0
T18,2011-04-25,2202.0
T18,2011-04-26,1530.0
T18,2011-04-27,11432.0
T18,2011-04-28,11698.0
T18,2011-04-29,11311.0
T18,2011-04-30,2389.0
T18,2011-05-01,1765.0
T18,2011-05-02,12140.0
T18,2011-05-03,12480.0
T18,2011-05-04,12169.0
T18,2011-05-05,12668.0
T18,2011-05-06,12361.0
T18,2011-05-07,2093.0
T18,2011-05-08,1497.0
T18,2011-05-09,11411.0
T18,2011-05-10,11746.0
T18,2011-05-11,11854.0
T18,2011-05-12,13482.0
T18,2011-05-13,12149.0
T18,2011-05-14,1904.0
T18,2011-05-15,1882.0
T18,2011-05-16,11560.0
T18,2011-05-17,12260.0
T18,2011-05-18,11875.0
T18,2011-05-19,12246.0
T18,2011-05-20,11886.0
T18,2011-05-21,2458.0
T18,2011-05-22,1662.0
T18,2011-05-23,11483.0
T18,2011-05-24,12344.0
T18,2011-05-25,11976.0
T18,2011-05-26,11975.0
T18,2011-05-27,12380.0
T18,2011-05-28,2692.0
T18,2011-05-29,1819.0
T18,2011-05-30,11683.0
T18,2011-05-31,12132.0
T18,2011-06-01,11695.0
T18,2011-06-02,12298.0
T18,2011-06-03,11992.0
T18,2011-06-04,2243.0
T18,2011-06-05,1525.0
T18,2011-06-06,11694.0
T18,2011-06-07,11867.0
T18,2011-06-08,11444.0
T18,2011-06-09,12123.0
T18,2011-06-10,11393.0
T18,2011-06-11,2398.0
T18,2011-06-12,1865.0
T18,2011-06-13,1667.0
T18,2011-06-14,11945.0
T18,2011-06-15,11823.0
T18,2011-06-16,12094.0
T18,2011-06-17,12230.0
T18,2011-06-18,2529.0
T18,2011-06-19,1700.0
T18,2011-06-20,11764.0
T18,2011-06-21,11703.0
T18,2011-06-22,11381.0
T18,2011-06-23,12000.0
T18,2011-06-24,11661.0
T18,2011-06-25,2820.0
T18,2011-06-26,1591.0
T18,2011-06-27,10890.0
T18,2011-06-28,11859.0
T18,2011-06-29,11519.0
T18,2011-06-30,11825.0
T18,2011-07-01,11072.0
T18,2011-07-02,2366.0
T18,2011-07-03,1711.0
T18,2011-07-04,10687.0
T18,2011-07-05,10756.0
T18,2011-07-06,10778.0
T18,2011-07-07,10675.0
T18,2011-07-08,10328.0
T18,2011-07-09,2169.0
T18,2011-07-10,1490.0
T18,2011-07-11,10335.0
T18,2011-07-12,10831.0
T18,2011-07-13,10922.0
T18,2011-07-14,10833.0
T18,2011-07-15,10707.0
T18,2011-07-16,2426.0
T18,2011-07-17,1554.0
T18,2011-07-18,10690.0
T18,2011-07-19,11242.0
T18,2011-07-20,11026.0
T18,2011-07-21,11033.0
T18,2011-07-22,11235.0
T18,2011-07-23,2620.0
T18,2011-07-24,1642.0
T18,2011-07-25,11085.0
T18,2011-07-26,11308.0
T18,2011-07-27,11392.0
T18,2011-07-28,11565.0
T18,2011-07-29,10991.0
T18,2011-07-30,2956.0
T18,2011-07-31,2672.0
T18,2011-08-01,10866.0
T18,2011-08-02,11379.0
T18,2011-08-03,11351.0
T18,2011-08-04,11289.0
T18,2011-08-05,11392.0
T18,2011-08-06,2579.0
T18,2011-08-07,1749.0
T18,2011-08-08,11016.0
T18,2011-08-09,11400.0
T18,2011-08-10,11763.0
T18,2011-08-11,11758.0
T18,2011-08-12,10987.0
T18,2011-08-13,2948.0
T18,2011-08-14,2013.0
T18,2011-08-15,10980.0
T18,2011-08-16,11378.0
T18,2011-08-17,11284.0
T18,2011-08-18,11387.0
T18,2011-08-19,11084.0
T18,2011-08-20,2346.0
T18,2011-08-21,1723.0
T18,2011-08-22,10984.0
T18,2011-08-23,11634.0
T18,2011-08-24,11358.0
T18,2011-08-25,11450.0
T18,2011-08-26,11032.0
T18,2011-08-27,2150.0
T18,2011-08-28,1422.0
T18,2011-08-29,10809.0
T18,2011-08-30,11249.0
T18,2011-08-31,10921.0
T18,2011-09-01,11612.0
T18,2011-09-02,11377.0
T18,2011-09-03,2410.0
T18,2011-09-04,1417.0
T18,2011-09-05,11031.0
T18,2011-09-06,11228.0
T18,2011-09-07,11466.0
T18,2011-09-08,11524.0
T18,2011-09-09,11848.0
T18,2011-09-10,2401.0
T18,2011-09-11,1980.0
T18,2011-09-12,10450.0
T18,2011-09-13,11301.0
T18,2011-09-14,11203.0
T18,2011-09-15,11438.0
T18,2011-09-16,11007.0
T18,2011-09-17,2406.0
T18,2011-09-18,2063.0
T18,2011-09-19,10623.0
T18,2011-09-20,11754.0
T18,2011-09-21,10865.0
T18,2011-09-22,11361.0
T18,2011-09-23,11325.0
T18,2011-09-24,2418.0
T18,2011-09-25,1809.0
T18,2011-09-26,10774.0
T18,2011-09-27,10956.0
T18,2011-09-28,11823.0
T18,2011-09-29,12819.0
T18,2011-09-30,15754.0
T18,2011-10-01,2292.0
T18,2011-10-02,1686.0
T18,2011-10-03,10309.0
T18,2011-10-04,10978.0
T18,2011-10-05,11025.0
T18,2011-10-06,11062.0
T18,2011-10-07,10646.0
T18,2011-10-08,2416.0
T18,2011-10-09,1756.0
T18,2011-10-10,10588.0
T18,2011-10-11,11362.0
T18,2011-10-12,11419.0
T18,2011-10-13,11671.0
T18,2011-10-14,11494.0
T18,2011-10-15,2208.0
T18,2011-10-16,1525.0
T18,2011-10-17,10795.0
T18,2011-10-18,11651.0
T18,2011-10-19,11431.0
T18,2011-10-20,11666.0
T18,2011-10-21,12389.0
T18,2011-10-22,2517.0
T18,2011-10-23,1955.0
T18,2011-10-24,11910.0
T18,2011-10-25,11396.0
T18,2011-10-26,11897.0
T18,2011-10-27,11974.0
T18,2011-10-28,11350.0
T18,2011-10-29,2260.0
T18,2011-10-30,1487.0
T18,2011-10-31,8203.0
T18,2011-11-01,1581.0
T18,2011-11-02,11064.0
T18,2011-11-03,11331.0
T18,2011-11-04,10956.0
T18,2011-11-05,2275.0
T18,2011-11-06,1702.0
T18,2011-11-07,10917.0
T18,2011-11-08,12454.0
T18,2011-11-09,11788.0
T18,2011-11-10,12366.0
T18,2011-11-11,11850.0
T18,2011-11-12,2462.0
T18,2011-11-13,1882.0
T18,2011-11-14,11373.0
T18,2011-11-15,12062.0
T18,2011-11-16,11478.0
T18,2011-11-17,12236.0
T18,2011-11-18,11436.0
T18,2011-11-19,2317.0
T18,2011-11-20,1957.0
T18,2011-11-21,11188.0
T18,2011-11-22,11770.0
T18,2011-11-23,11605.0
T18,2011-11-24,12591.0
T18,2011-11-25,11768.0
T18,2011-11-26,2184.0
T18,2011-11-27,1893.0
T18,2011-11-28,11418.0
T18,2011-11-29,12036.0
T18,2011-11-30,11805.0
T18,2011-12-01,12132.0
T18,2011-12-02,11553.0
T18,2011-12-03,3199.0
T18,2011-12-04,2140.0
T18,2011-12-05,11253.0
T18,2011-12-06,12122.0
T18,2011-12-07,12077.0
T18,2011-12-08,12281.0
T18,2011-12-09,11781.0
T18,2011-12-10,2417.0
T18,2011-12-11,1748.0
T18,2011-12-12,11199.0
T18,2011-12-13,12046.0
T18,2011-12-14,11946.0
T18,2011-12-15,12401.0
T18,2011-12-16,12231.0
T18,2011-12-17,2681.0
T18,2011-12-18,1716.0
T18,2011-12-19,11793.0
T18,2011-12-20,11870.0
T18,2011-12-21,11576.0
T18,2011-12-22,11354.0
T18,2011-12-23,9140.0
T18,2011-12-24,1510.0
T18,2011-12-25,754.0
T18,2011-12-26,1415.0
T18,2011-12-27,1628.0
T18,2011-12-28,4870.0
T18,2011-12-29,4901.0
T18,2011-12-30,4543.0
T18,2011-12-31,2118.0
T18,2012-01-01,1816.0
T18,2012-01-02,1102.0
T18,2012-01-03,6670.0
T18,2012-01-04,7403.0
T18,2012-01-05,7651.0
T18,2012-01-06,7544.0
T18,2012-01-07,1869.0
T18,2012-01-08,1383.0
T18,2012-01-09,9621.0
T18,2012-01-10,9895.0
T18,2012-01-11,9601.0
T18,2012-01-12,10218.0
T18,2012-01-13,9695.0
T18,2012-01-14,1995.0
T18,2012-01-15,1972.0
T18,2012-01-16,10636.0
T18,2012-01-17,10793.0
T18,2012-01-18,10890.0
T18,2012-01-19,11492.0
T18,2012-01-20,10799.0
T18,2012-01-21,2518.0
T18,2012-01-22,1903.0
T18,2012-01-23,11103.0
T18,2012-01-24,11385.0
T18,2012-01-25,11465.0
T18,2012-01-26,2127.0
T18,2012-01-27,8368.0
T18,2012-01-28,2173.0
T18,2012-01-29,1546.0
T18,2012-01-30,10829.0
T18,2012-01-31,11285.0
T18,2012-02-01,11334.0
T18,2012-02-02,11696.0
T18,2012-02-03,11644.0
T18,2012-02-04,2321.0
T18,2012-02-05,1576.0
T18,2012-02-06,11095.0
T18,2012-02-07,11908.0
T18,2012-02-08,11610.0
T18,2012-02-09,12191.0
T18,2012-02-10,11872.0
T18,2012-02-11,2668.0
T18,2012-02-12,1739.0
T18,2012-02-13,11738.0
T18,2012-02-14,12757.0
T18,2012-02-15,11659.0
T18,2012-02-16,12121.0
T18,2012-02-17,11503.0
T18,2012-02-18,2583.0
T18,2012-02-19,1893.0
T18,2012-02-20,11665.0
T18,2012-02-21,12110.0
T18,2012-02-22,12032.0
T18,2012-02-23,11817.0
T18,2012-02-24,11264.0
T18,2012-02-25,2199.0
T18,2012-02-26,1811.0
T18,2012-02-27,12253.0
T18,2012-02-28,12406.0
T18,2012-02-29,11603.0
T18,2012-03-01,12154.0
T18,2012-03-02,11859.0
T18,2012-03-03,2480.0
T18,2012-03-04,2001.0
T18,2012-03-05,11306.0
T18,2012-03-06,12008.0
T18,2012-03-07,11944.0
T18,2012-03-08,11783.0
T18,2012-03-09,11314.0
T18,2012-03-10,2486.0
T18,2012-03-11,2050.0
T18,2012-03-12,2130.0
T18,2012-03-13,11421.0
T18,2012-03-14,11632.0
T18,2012-03-15,12228.0
T18,2012-03-16,11644.0
T18,2012-03-17,2904.0
T18,2012-03-18,2219.0
T18,2012-03-19,11463.0
T18,2012-03-20,11963.0
T18,2012-03-21,10877.0
T18,2012-03-22,11663.0
T18,2012-03-23,11280.0
T18,2012-03-24,2378.0
T18,2012-03-25,1900.0
T18,2012-03-26,11220.0
T18,2012-03-27,11857.0
T18,2012-03-28,11556.0
T18,2012-03-29,12346.0
T18,2012-03-30,12009.0
T18,2012-03-31,3095.0
T18,2012-04-01,2475.0
T18,2012-04-02,11647.0
T18,2012-04-03,12565.0
T18,2012-04-04,12359.0
T18,2012-04-05,12330.0
T18,2012-04-06,1822.0
T18,2012-04-07,2425.0
T18,2012-04-08,1961.0
T18,2012-04-09,1459.0
T18,2012-04-10,10149.0
T18,2012-04-11,11034.0
T18,2012-04-12,11869.0
T18,2012-04-13,11218.0
T18,2012-04-14,3115.0
T18,2012-04-15,2079.0
T18,2012-04-16,10430.0
T18,2012-04-17,12071.0
T18,2012-04-18,11832.0
T18,2012-04-19,11690.0
T18,2012-04-20,11819.0
T18,2012-04-21,3379.0
T18,2012-04-22,2246.0
T18,2012-04-23,10915.0
T18,2012-04-24,12025.0
T18,2012-04-25,1967.0
T18,2012-04-26,11299.0
T18,2012-04-27,11279.0
T18,2012-04-28,2528.0
T18,2012-04-29,1778.0
T18,2012-04-30,10939.0
T18,2012-05-01,11658.0
T18,2012-05-02,11635.0
T18,2012-05-03,11263.0
T18,2012-05-04,10906.0
T18,2012-05-05,2424.0
T18,2012-05-06,1841.0
T18,2012-05-07,10669.0
T18,2012-05-08,11991.0
T18,2012-05-09,11460.0
T18,2012-05-10,11670.0
T18,2012-05-11,11650.0
T18,2012-05-12,2771.0
T18,2012-05-13,1301.0
T18,2012-05-14,10733.0
T18,2012-05-15,11545.0
T18,2012-05-16,11182.0
T18,2012-05-17,11544.0
T18,2012-05-18,11178.0
T18,2012-05-19,2575.0
T18,2012-05-20,2125.0
T18,2012-05-21,11410.0
T18,2012-05-22,11646.0
T18,2012-05-23,11234.0
T18,2012-05-24,11424.0
T18,2012-05-25,12057.0
T18,2012-05-26,2699.0
T18,2012-05-27,1997.0
T18,2012-05-28,10650.0
T18,2012-05-29,11130.0
T18,2012-05-30,11265.0
T18,2012-05-31,11846.0
T18,2012-06-01,11062.0
T18,2012-06-02,2828.0
T18,2012-06-03,1700.0
T18,2012-06-04,11534.0
T18,2012-06-05,11155.0
T18,2012-06-06,11300.0
T18,2012-06-07,11545.0
T18,2012-06-08,10919.0
T18,2012-06-09,2451.0
T18,2012-06-10,2095.0
T18,2012-06-11,1617.0
T18,2012-06-12,11029.0
T18,2012-06-13,10966.0
T18,2012-06-14,11513.0
T18,2012-06-15,11170.0
T18,2012-06-16,2675.0
T18,2012-06-17,1862.0
T18,2012-06-18,10966.0
T18,2012-06-19,11588.0
T18,2012-06-20,10778.0
T18,2012-06-21,12619.0
T18,2012-06-22,10932.0
T18,2012-06-23,2462.0
T18,2012-06-24,1833.0
T18,2012-06-25,10223.0
T18,2012-06-26,11392.0
T18,2012-06-27,10895.0
T18,2012-06-28,11497.0
T18,2012-06-29,11559.0
T18,2012-06-30,2394.0
T18,2012-07-01,1385.0
T18,2012-07-02,10762.0
T18,2012-07-03,10939.0
T18,2012-07-04,10960.0
T18,2012-07-05,11237.0
T18,2012-07-06,10950.0
T18,2012-07-07,2356.0
T18,2012-07-08,1604.0
T18,2012-07-09,10200.0
T18,2012-07-10,10992.0
T18,2012-07-11,10751.0
T18,2012-07-12,11026.0
T18,2012-07-13,10722.0
T18,2012-07-14,2569.0
T18,2012-07-15,1821.0
T18,2012-07-16,10336.0
T18,2012-07-17,10985.0
T18,2012-07-18,10700.0
T18,2012-07-19,11019.0
T18,2012-07-20,10899.0
T18,2012-07-21,2945.0
T18,2012-07-22,1895.0
T18,2012-07-23,10686.0
T18,2012-07-24,10686.0
T18,2012-07-25,10651.0
T18,2012-07-26,10912.0
T18,2012-07-27,11002.0
T18,2012-07-28,3357.0
T18,2012-07-29,2584.0
T18,2012-07-30,10410.0
T18,2012-07-31,10800.0
T18,2012-08-01,10954.0
T18,2012-08-02,11006.0
T18,2012-08-03,11142.0
T18,2012-08-04,2809.0
T18,2012-08-05,1956.0
T18,2012-08-06,10564.0
T18,2012-08-07,11268.0
T18,2012-08-08,10709.0
T18,2012-08-09,10939.0
T18,2012-08-10,10445.0
T18,2012-08-11,3075.0
T18,2012-08-12,1937.0
T18,2012-08-13,10428.0
T18,2012-08-14,11078.0
T18,2012-08-15,10710.0
T18,2012-08-16,11034.0
T18,2012-08-17,10668.0
T18,2012-08-18,2548.0
T18,2012-08-19,1909.0
T18,2012-08-20,10261.0
T18,2012-08-21,10928.0
T18,2012-08-22,10494.0
T18,2012-08-23,10976.0
T18,2012-08-24,10401.0
T18,2012-08-25,2301.0
T18,2012-08-26,1752.0
T18,2012-08-27,10614.0
T18,2012-08-28,11110.0
T18,2012-08-29,10573.0
T18,2012-08-30,10613.0
T18,2012-08-31,10931.0
T18,2012-09-01,2560.0
T18,2012-09-02,1543.0
T18,2012-09-03,10226.0
T18,2012-09-04,11320.0
T18,2012-09-05,10925.0
T18,2012-09-06,10912.0
T18,2012-09-07,10938.0
T18,2012-09-08,2594.0
T18,2012-09-09,1893.0
T18,2012-09-10,10403.0
T18,2012-09-11,10932.0
T18,2012-09-12,10276.0
T18,2012-09-13,10767.0
T18,2012-09-14,10557.0
T18,2012-09-15,2566.0
T18,2012-09-16,2334.0
T18,2012-09-17,10355.0
T18,2012-09-18,10869.0
T18,2012-09-19,10856.0
T18,2012-09-20,11640.0
T18,2012-09-21,10660.0
T18,2012-09-22,2636.0
T18,2012-09-23,1726.0
T18,2012-09-24,10334.0
T18,2012-09-25,10627.0
T18,2012-09-26,10592.0
T18,2012-09-27,11115.0
T18,2012-09-28,14978.0
T18,2012-09-29,2685.0
T18,2012-09-30,1890.0
T18,2012-10-01,10061.0
T18,2012-10-02,10614.0
T18,2012-10-03,11193.0
T18,2012-10-04,11038.0
T18,2012-10-05,10632.0
T18,2012-10-06,2459.0
T18,2012-10-07,2242.0
T18,2012-10-08,10208.0
T18,2012-10-09,10921.0
T18,2012-10-10,11111.0
T18,2012-10-11,10799.0
T18,2012-10-12,10614.0
T18,2012-10-13,2641.0
T18,2012-10-14,2055.0
T18,2012-10-15,10310.0
T18,2012-10-16,11046.0
T18,2012-10-17,10729.0
T18,2012-10-18,11140.0
T18,2012-10-19,10930.0
T18,2012-10-20,2700.0
T18,2012-10-21,1686.0
T18,2012-10-22,10244.0
T18,2012-10-23,10969.0
T18,2012-10-24,11007.0
T18,2012-10-25,11043.0
T18,2012-10-26,10883.0
T18,2012-10-27,2457.0
T18,2012-10-28,1852.0
T18,2012-10-29,10609.0
T18,2012-10-30,11553.0
T18,2012-10-31,11031.0
T18,2012-11-01,11051.0
T18,2012-11-02,10576.0
T18,2012-11-03,2301.0
T18,2012-11-04,2007.0
T18,2012-11-05,7686.0
T18,2012-11-06,1593.0
T18,2012-11-07,10980.0
T18,2012-11-08,11623.0
T18,2012-11-09,10720.0
T18,2012-11-10,2691.0
T18,2012-11-11,2027.0
T18,2012-11-12,10456.0
T18,2012-11-13,11457.0
T18,2012-11-14,11114.0
T18,2012-11-15,11398.0
T18,2012-11-16,10981.0
T18,2012-11-17,2840.0
T18,2012-11-18,2099.0
T18,2012-11-19,10468.0
T18,2012-11-20,11211.0
T18,2012-11-21,10709.0
T18,2012-11-22,11536.0
T18,2012-11-23,10901.0
T18,2012-11-24,2710.0
T18,2012-11-25,1884.0
T18,2012-11-26,10511.0
T18,2012-11-27,10784.0
T18,2012-11-28,10962.0
T18,2012-11-29,10741.0
T18,2012-11-30,10638.0
T18,2012-12-01,2680.0
T18,2012-12-02,2189.0
T18,2012-12-03,10688.0
T18,2012-12-04,11159.0
T18,2012-12-05,10823.0
T18,2012-12-06,11032.0
T18,2012-12-07,10614.0
T18,2012-12-08,2592.0
T18,2012-12-09,1823.0
T18,2012-12-10,10697.0
T18,2012-12-11,11038.0
T18,2012-12-12,11209.0
T18,2012-12-13,11448.0
T18,2012-12-14,12009.0
T18,2012-12-15,2683.0
T18,2012-12-16,1822.0
T18,2012-12-17,10787.0
T18,2012-12-18,11327.0
T18,2012-12-19,10618.0
T18,2012-12-20,11238.0
T18,2012-12-21,10209.0
T18,2012-12-22,2811.0
T18,2012-12-23,1578.0
T18,2012-12-24,4473.0
T18,2012-12-25,878.0
T18,2012-12-26,1714.0
T18,2012-12-27,3746.0
T18,2012-12-28,3407.0
T18,2012-12-29,1703.0
T18,2012-12-30,1489.0
T18,2012-12-31,4590.0
T18,2013-01-01,1705.0
T18,2013-01-02,5268.0
T18,2013-01-03,5812.0
T18,2013-01-04,5195.0
T18,2013-01-05,2010.0
T18,2013-01-06,1456.0
T18,2013-01-07,8087.0
T18,2013-01-08,8371.0
T18,2013-01-09,8393.0
T18,2013-01-10,8552.0
T18,2013-01-11,8147.0
T18,2013-01-12,2017.0
T18,2013-01-13,1777.0
T18,2013-01-14,9575.0
T18,2013-01-15,10397.0
T18,2013-01-16,10272.0
T18,2013-01-17,9584.0
T18,2013-01-18,9647.0
T18,2013-01-19,2631.0
T18,2013-01-20,2058.0
T18,2013-01-21,10056.0
T18,2013-01-22,10691.0
T18,2013-01-23,10458.0
T18,2013-01-24,10505.0
T18,2013-01-25,9526.0
T18,2013-01-26,2423.0
T18,2013-01-27,1937.0
T18,2013-01-28,1564.0
T18,2013-01-29,10417.0
T18,2013-01-30,10682.0
T18,2013-01-31,10458.0
T18,2013-02-01,10142.0
T18,2013-02-02,2438.0
T18,2013-02-03,1723.0
T18,2013-02-04,10509.0
T18,2013-02-05,10850.0
T18,2013-02-06,9950.0
T18,2013-02-07,10954.0
T18,2013-02-08,10568.0
T18,2013-02-09,2483.0
T18,2013-02-10,1685.0
T18,2013-02-11,10219.0
T18,2013-02-12,10992.0
T18,2013-02-13,11193.0
T18,2013-02-14,12201.0
T18,2013-02-15,10601.0
T18,2013-02-16,3137.0
T18,2013-02-17,2318.0
T18,2013-02-18,10350.0
T18,2013-02-19,11040.0
T18,2013-02-20,11353.0
T18,2013-02-21,11164.0
T18,2013-02-22,10656.0
T18,2013-02-23,3936.0
T18,2013-02-24,2873.0
T18,2013-02-25,10541.0
T18,2013-02-26,11780.0
T18,2013-02-27,11295.0
T18,2013-02-28,11372.0
T18,2013-03-01,10867.0
T18,2013-03-02,2727.0
T18,2013-03-03,2219.0
T18,2013-03-04,10712.0
T18,2013-03-05,11293.0
T18,2013-03-06,11250.0
T18,2013-03-07,11252.0
T18,2013-03-08,10372.0
T18,2013-03-09,2835.0
T18,2013-03-10,2335.0
T18,2013-03-11,2091.0
T18,2013-03-12,10508.0
T18,2013-03-13,10545.0
T18,2013-03-14,11299.0
T18,2013-03-15,10933.0
T18,2013-03-16,2527.0
T18,2013-03-17,1812.0
T18,2013-03-18,10706.0
T18,2013-03-19,11525.0
T18,2013-03-20,11280.0
T18,2013-03-21,11178.0
T18,2013-03-22,10865.0
T18,2013-03-23,2630.0
T18,2013-03-24,2476.0
T18,2013-03-25,11014.0
T18,2013-03-26,11669.0
T18,2013-03-27,11563.0
T18,2013-03-28,12114.0
T18,2013-03-29,2310.0
T18,2013-03-30,2344.0
T18,2013-03-31,1965.0
T18,2013-04-01,1674.0
T18,2013-04-02,9700.0
T18,2013-04-03,10345.0
T18,2013-04-04,10659.0
T18,2013-04-05,10656.0
T18,2013-04-06,3368.0
T18,2013-04-07,2543.0
T18,2013-04-08,10640.0
T18,2013-04-09,11346.0
T18,2013-04-10,11015.0
T18,2013-04-11,11286.0
T18,2013-04-12,11112.0
T18,2013-04-13,3309.0
T18,2013-04-14,2339.0
T18,2013-04-15,10590.0
T18,2013-04-16,11455.0
T18,2013-04-17,11423.0
T18,2013-04-18,11774.0
T18,2013-04-19,10831.0
T18,2013-04-20,3659.0
T18,2013-04-21,2178.0
T18,2013-04-22,10653.0
T18,2013-04-23,11399.0
T18,2013-04-24,10784.0
T18,2013-04-25,2390.0
T18,2013-04-26,7740.0
T18,2013-04-27,1850.0
T18,2013-04-28,1552.0
T18,2013-04-29,14969.0
T18,2013-04-30,11122.0
T18,2013-05-01,10644.0
T18,2013-05-02,10953.0
T18,2013-05-03,10729.0
T18,2013-05-04,2460.0
T18,2013-05-05,1679.0
T18,2013-05-06,10500.0
T18,2013-05-07,11110.0
T18,2013-05-08,11143.0
T18,2013-05-09,10947.0
T18,2013-05-10,11095.0
T18,2013-05-11,2778.0
T18,2013-05-12,1680.0
T18,2013-05-13,10441.0
T18,2013-05-14,11055.0
T18,2013-05-15,10882.0
T18,2013-05-16,10692.0
T18,2013-05-17,11139.0
T18,2013-05-18,2833.0
T18,2013-05-19,2158.0
T18,2013-05-20,10580.0
T18,2013-05-21,11189.0
T18,2013-05-22,10482.0
T18,2013-05-23,11139.0
T18,2013-05-24,10909.0
T18,2013-05-25,3233.0
T18,2013-05-26,2022.0
T18,2013-05-27,10334.0
T18,2013-05-28,10793.0
T18,2013-05-29,10456.0
T18,2013-05-30,10708.0
T18,2013-05-31,10307.0
T18,2013-06-01,2328.0
T18,2013-06-02,1691.0
T18,2013-06-03,9981.0
T18,2013-06-04,10777.0
T18,2013-06-05,10372.0
T18,2013-06-06,10224.0
T18,2013-06-07,10470.0
T18,2013-06-08,2476.0
T18,2013-06-09,2039.0
T18,2013-06-10,1543.0
T18,2013-06-11,10308.0
T18,2013-06-12,10881.0
T18,2013-06-13,10970.0
T18,2013-06-14,10572.0
T18,2013-06-15,2838.0
T18,2013-06-16,1723.0
T18,2013-06-17,10461.0
T18,2013-06-18,10929.0
T18,2013-06-19,10362.0
T18,2013-06-20,10610.0
T18,2013-06-21,10327.0
T18,2013-06-22,2892.0
T18,2013-06-23,1646.0
T18,2013-06-24,9935.0
T18,2013-06-25,11011.0
T18,2013-06-26,10504.0
T18,2013-06-27,11138.0
T18,2013-06-28,11111.0
T18,2013-06-29,3039.0
T18,2013-06-30,2085.0
T18,2013-07-01,10235.0
T18,2013-07-02,10402.0
T18,2013-07-03,10300.0
T18,2013-07-04,9971.0
T18,2013-07-05,10348.0
T18,2013-07-06,2876.0
T18,2013-07-07,2002.0
T18,2013-07-08,9689.0
T18,2013-07-09,10351.0
T18,2013-07-10,10302.0
T18,2013-07-11,10483.0
T18,2013-07-12,10430.0
T18,2013-07-13,2382.0
T18,2013-07-14,1598.0
T18,2013-07-15,10127.0
T18,2013-07-16,10730.0
T18,2013-07-17,10625.0
T18,2013-07-18,10913.0
T18,2013-07-19,10175.0
T18,2013-07-20,2399.0
T18,2013-07-21,1893.0
T18,2013-07-22,10108.0
T18,2013-07-23,10758.0
T18,2013-07-24,11178.0
T18,2013-07-25,10931.0
T18,2013-07-26,10631.0
T18,2013-07-27,3705.0
T18,2013-07-28,2751.0
T18,2013-07-29,10227.0
T18,2013-07-30,10696.0
T18,2013-07-31,10247.0
T18,2013-08-01,10525.0
T18,2013-08-02,10156.0
T18,2013-08-03,2622.0
T18,2013-08-04,1941.0
T18,2013-08-05,10223.0
T18,2013-08-06,10780.0
T18,2013-08-07,10656.0
T18,2013-08-08,10552.0
T18,2013-08-09,10255.0
T18,2013-08-10,3060.0
T18,2013-08-11,1962.0
T18,2013-08-12,9949.0
T18,2013-08-13,10764.0
T18,2013-08-14,10463.0
T18,2013-08-15,10939.0
T18,2013-08-16,10508.0
T18,2013-08-17,3063.0
T18,2013-08-18,1983.0
T18,2013-08-19,9744.0
T18,2013-08-20,10106.0
T18,2013-08-21,10402.0
T18,2013-08-22,10834.0
T18,2013-08-23,10453.0
T18,2013-08-24,3234.0
T18,2013-08-25,1960.0
T18,2013-08-26,10056.0
T18,2013-08-27,10891.0
T18,2013-08-28,10399.0
T18,2013-08-29,10769.0
T18,2013-08-30,10246.0
T18,2013-08-31,3231.0
T18,2013-09-01,1831.0
T18,2013-09-02,10239.0
T18,2013-09-03,11117.0
T18,2013-09-04,10479.0
T18,2013-09-05,10540.0
T18,2013-09-06,10503.0
T18,2013-09-07,2571.0
T18,2013-09-08,2075.0
T18,2013-09-09,9767.0
T18,2013-09-10,10189.0
T18,2013-09-11,10310.0
T18,2013-09-12,10460.0
T18,2013-09-13,10209.0
T18,2013-09-14,2528.0
T18,2013-09-15,1822.0
T18,2013-09-16,10810.0
T18,2013-09-17,10968.0
T18,2013-09-18,10393.0
T18,2013-09-19,10720.0
T18,2013-09-20,10911.0
T18,2013-09-21,2456.0
T18,2013-09-22,2165.0
T18,2013-09-23,10243.0
T18,2013-09-24,10721.0
T18,2013-09-25,10681.0
T18,2013-09-26,10306.0
T18,2013-09-27,16040.0
T18,2013-09-28,2749.0
T18,2013-09-29,2018.0
T18,2013-09-30,10324.0
T18,2013-10-01,10669.0
T18,2013-10-02,10165.0
T18,2013-10-03,10274.0
T18,2013-10-04,10561.0
T18,2013-10-05,2727.0
T18,2013-10-06,1879.0
T18,2013-10-07,10295.0
T18,2013-10-08,10838.0
T18,2013-10-09,10638.0
T18,2013-10-10,10435.0
T18,2013-10-11,10752.0
T18,2013-10-12,3086.0
T18,2013-10-13,1818.0
T18,2013-10-14,10103.0
T18,2013-10-15,11055.0
T18,2013-10-16,10865.0
T18,2013-10-17,10781.0
T18,2013-10-18,10750.0
T18,2013-10-19,2822.0
T18,2013-10-20,1638.0
T18,2013-10-21,10668.0
T18,2013-10-22,11596.0
T18,2013-10-23,10927.0
T18,2013-10-24,10955.0
T18,2013-10-25,11203.0
T18,2013-10-26,2764.0
T18,2013-10-27,1902.0
T18,2013-10-28,10691.0
T18,2013-10-29,11257.0
T18,2013-10-30,11195.0
T18,2013-10-31,11100.0
T18,2013-11-01,10585.0
T18,2013-11-02,2093.0
T18,2013-11-03,1692.0
T18,2013-11-04,7370.0
T18,2013-11-05,1678.0
T18,2013-11-06,10962.0
T18,2013-11-07,10992.0
T18,2013-11-08,10731.0
T18,2013-11-09,2412.0
T18,2013-11-10,1735.0
T18,2013-11-11,10893.0
T18,2013-11-12,11252.0
T18,2013-11-13,11793.0
T18,2013-11-14,11279.0
T18,2013-11-15,10908.0
T18,2013-11-16,2588.0
T18,2013-11-17,3189.0
T18,2013-11-18,11231.0
T18,2013-11-19,11888.0
T18,2013-11-20,11362.0
T18,2013-11-21,12030.0
T18,2013-11-22,11498.0
T18,2013-11-23,2709.0
T18,2013-11-24,2068.0
T18,2013-11-25,11206.0
T18,2013-11-26,13134.0
T18,2013-11-27,11356.0
T18,2013-11-28,11908.0
T18,2013-11-29,11416.0
T18,2013-11-30,2509.0
T18,2013-12-01,1814.0
T18,2013-12-02,10988.0
T18,2013-12-03,11635.0
T18,2013-12-04,11534.0
T18,2013-12-05,11336.0
T18,2013-12-06,11603.0
T18,2013-12-07,3485.0
T18,2013-12-08,2220.0
T18,2013-12-09,11193.0
T18,2013-12-10,11630.0
T18,2013-12-11,11230.0
T18,2013-12-12,12033.0
T18,2013-12-13,11422.0
T18,2013-12-14,2876.0
T18,2013-12-15,2014.0
T18,2013-12-16,11225.0
T18,2013-12-17,12145.0
T18,2013-12-18,11507.0
T18,2013-12-19,10679.0
T18,2013-12-20,11250.0
T18,2013-12-21,2746.0
T18,2013-12-22,1956.0
T18,2013-12-23,7655.0
T18,2013-12-24,5992.0
T18,2013-12-25,1096.0
T18,2013-12-26,1911.0
T18,2013-12-27,3729.0
T18,2013-12-28,2003.0
T18,2013-12-29,2026.0
T18,2013-12-30,4314.0
T18,2013-12-31,5137.0
T18,2014-01-01,1518.0
T18,2014-01-02,4826.0
T18,2014-01-03,5018.0
T18,2014-01-04,2089.0
T18,2014-01-05,1483.0
T18,2014-01-06,7979.0
T18,2014-01-07,8060.0
T18,2014-01-08,8568.0
T18,2014-01-09,8570.0
T18,2014-01-10,8061.0
T18,2014-01-11,2586.0
T18,2014-01-12,2044.0
T18,2014-01-13,9670.0
T18,2014-01-14,8739.0
T18,2014-01-15,8498.0
T18,2014-01-16,8239.0
T18,2014-01-17,7969.0
T18,2014-01-18,2591.0
T18,2014-01-19,2070.0
T18,2014-01-20,10363.0
T18,2014-01-21,10711.0
T18,2014-01-22,11333.0
T18,2014-01-23,10103.0
T18,2014-01-24,9554.0
T18,2014-01-25,2287.0
T18,2014-01-26,2666.0
T18,2014-01-27,1389.0
T18,2014-01-28,9441.0
T18,2014-01-29,10506.0
T18,2014-01-30,10601.0
T18,2014-01-31,10161.0
T18,2014-02-01,2610.0
T18,2014-02-02,1745.0
T18,2014-02-03,9977.0
T18,2014-02-04,11198.0
T18,2014-02-05,11059.0
T18,2014-02-06,11215.0
T18,2014-02-07,10247.0
T18,2014-02-08,2391.0
T18,2014-02-09,1661.0
T18,2014-02-10,10856.0
T18,2014-02-11,11202.0
T18,2014-02-12,10812.0
T18,2014-02-13,11463.0
T18,2014-02-14,11747.0
T18,2014-02-15,2894.0
T18,2014-02-16,2229.0
T18,2014-02-17,10867.0
T18,2014-02-18,11511.0
T18,2014-02-19,11198.0
T18,2014-02-20,11245.0
T18,2014-02-21,10552.0
T18,2014-02-22,5951.0
T18,2014-02-23,2571.0
T18,2014-02-24,10808.0
T18,2014-02-25,11445.0
T18,2014-02-26,10997.0
T18,2014-02-27,11346.0
T18,2014-02-28,11444.0
T18,2014-03-01,2436.0
T18,2014-03-02,1808.0
T18,2014-03-03,10699.0
T18,2014-03-04,11015.0
T18,2014-03-05,15895.0
T18,2014-03-06,11205.0
T18,2014-03-07,10576.0
T18,2014-03-08,2568.0
T18,2014-03-09,2200.0
T18,2014-03-10,1794.0
T18,2014-03-11,10687.0
T18,2014-03-12,11139.0
T18,2014-03-13,11327.0
T18,2014-03-14,11130.0
T18,2014-03-15,2343.0
T18,2014-03-16,3044.0
T18,2014-03-17,10634.0
T18,2014-03-18,11169.0
T18,2014-03-19,10823.0
T18,2014-03-20,11227.0
T18,2014-03-21,10865.0
T18,2014-03-22,3029.0
T18,2014-03-23,2273.0
T18,2014-03-24,10364.0
T18,2014-03-25,11100.0
T18,2014-03-26,11580.0
T18,2014-03-27,11673.0
T18,2014-03-28,11364.0
T18,2014-03-29,2980.0
T18,2014-03-30,2206.0
T18,2014-03-31,10716.0
T18,2014-04-01,11134.0
T18,2014-04-02,11016.0
T18,2014-04-03,10934.0
T18,2014-04-04,10970.0
T18,2014-04-05,2680.0
T18,2014-04-06,1797.0
T18,2014-04-07,10930.0
T18,2014-04-08,11607.0
T18,2014-04-09,11704.0
T18,2014-04-10,12509.0
T18,2014-04-11,11166.0
T18,2014-04-12,3428.0
T18,2014-04-13,2343.0
T18,2014-04-14,10887.0
T18,2014-04-15,11744.0
T18,2014-04-16,11654.0
T18,2014-04-17,11595.0
T18,2014-04-18,1968.0
T18,2014-04-19,2689.0
T18,2014-04-20,1994.0
T18,2014-04-21,1573.0
T18,2014-04-22,9485.0
T18,2014-04-23,9169.0
T18,2014-04-24,9561.0
T18,2014-04-25,2620.0
T18,2014-04-26,2222.0
T18,2014-04-27,1572.0
T18,2014-04-28,10258.0
T18,2014-04-29,11499.0
T18,2014-04-30,9674.0
T18,2014-05-01,10658.0
T18,2014-05-02,10599.0
T18,2014-05-03,2437.0
T18,2014-05-04,1663.0
T18,2014-05-05,10603.0
T18,2014-05-06,11167.0
T18,2014-05-07,10812.0
T18,2014-05-08,11206.0
T18,2014-05-09,11394.0
T18,2014-05-10,2286.0
T18,2014-05-11,1762.0
T18,2014-05-12,10514.0
T18,2014-05-13,11134.0
T18,2014-05-14,10876.0
T18,2014-05-15,11318.0
T18,2014-05-16,11246.0
T18,2014-05-17,2909.0
T18,2014-05-18,2135.0
T18,2014-05-19,10968.0
T18,2014-05-20,11217.0
T18,2014-05-21,11238.0
T18,2014-05-22,11180.0
T18,2014-05-23,11488.0
T18,2014-05-24,2904.0
T18,2014-05-25,2146.0
T18,2014-05-26,10635.0
T18,2014-05-27,11055.0
T18,2014-05-28,11077.0
T18,2014-05-29,11268.0
T18,2014-05-30,11021.0
T18,2014-05-31,3067.0
T18,2014-06-01,1586.0
T18,2014-06-02,10575.0
T18,2014-06-03,10790.0
T18,2014-06-04,10836.0
T18,2014-06-05,10600.0
T18,2014-06-06,10452.0
T18,2014-06-07,2282.0
T18,2014-06-08,1922.0
T18,2014-06-09,1575.0
T18,2014-06-10,11111.0
T18,2014-06-11,10791.0
T18,2014-06-12,10940.0
T18,2014-06-13,11021.0
T18,2014-06-14,2808.0
T18,2014-06-15,1758.0
T18,2014-06-16,10455.0
T18,2014-06-17,10691.0
T18,2014-06-18,10921.0
T18,2014-06-19,10650.0
T18,2014-06-20,10639.0
T18,2014-06-21,2732.0
T18,2014-06-22,1817.0
T18,2014-06-23,10145.0
T18,2014-06-24,10744.0
T18,2014-06-25,10746.0
T18,2014-06-26,10740.0
T18,2014-06-27,10764.0
T18,2014-06-28,2470.0
T18,2014-06-29,1390.0
T18,2014-06-30,10028.0
T18,2014-07-01,10369.0
T18,2014-07-02,10558.0
T18,2014-07-03,10345.0
T18,2014-07-04,9727.0
T18,2014-07-05,2896.0
T18,2014-07-06,2212.0
T18,2014-07-07,9769.0
T18,2014-07-08,10521.0
T18,2014-07-09,10509.0
T18,2014-07-10,10271.0
T18,2014-07-11,10243.0
T18,2014-07-12,2521.0
T18,2014-07-13,1820.0
T18,2014-07-14,10470.0
T18,2014-07-15,10370.0
T18,2014-07-16,10707.0
T18,2014-07-17,10595.0
T18,2014-07-18,10500.0
T18,2014-07-19,2582.0
T18,2014-07-20,1686.0
T18,2014-07-21,10170.0
T18,2014-07-22,10574.0
T18,2014-07-23,10739.0
T18,2014-07-24,10887.0
T18,2014-07-25,11063.0
T18,2014-07-26,4697.0
T18,2014-07-27,3486.0
T18,2014-07-28,10582.0
T18,2014-07-29,10729.0
T18,2014-07-30,10932.0
T18,2014-07-31,10935.0
T18,2014-08-01,10529.0
T18,2014-08-02,3000.0
T18,2014-08-03,2004.0
T18,2014-08-04,10872.0
T18,2014-08-05,11275.0
T18,2014-08-06,11115.0
T18,2014-08-07,11231.0
T18,2014-08-08,10807.0
T18,2014-08-09,2753.0
T18,2014-08-10,2127.0
T18,2014-08-11,10440.0
T18,2014-08-12,10790.0
T18,2014-08-13,11046.0
T18,2014-08-14,11227.0
T18,2014-08-15,10970.0
T18,2014-08-16,3074.0
T18,2014-08-17,2040.0
T18,2014-08-18,10488.0
T18,2014-08-19,10942.0
T18,2014-08-20,10813.0
T18,2014-08-21,10856.0
T18,2014-08-22,11014.0
T18,2014-08-23,3512.0
T18,2014-08-24,1940.0
T18,2014-08-25,10591.0
T18,2014-08-26,10860.0
T18,2014-08-27,10854.0
T18,2014-08-28,11082.0
T18,2014-08-29,10988.0
T18,2014-08-30,2819.0
T18,2014-08-31,2011.0
T18,2014-09-01,10282.0
T18,2014-09-02,10976.0
T18,2014-09-03,10665.0
T18,2014-09-04,10813.0
T18,2014-09-05,11139.0
T18,2014-09-06,2559.0
T18,2014-09-07,1431.0
T18,2014-09-08,10424.0
T18,2014-09-09,10476.0
T18,2014-09-10,10402.0
T18,2014-09-11,10792.0
T18,2014-09-12,10771.0
T18,2014-09-13,2337.0
T18,2014-09-14,1683.0
T18,2014-09-15,9970.0
T18,2014-09-16,10756.0
T18,2014-09-17,10377.0
T18,2014-09-18,10724.0
T18,2014-09-19,10499.0
T18,2014-09-20,2421.0
T18,2014-09-21,1865.0
T18,2014-09-22,10145.0
T18,2014-09-23,11053.0
T18,2014-09-24,10723.0
T18,2014-09-25,11102.0
T18,2014-09-26,15695.0
T18,2014-09-27,2908.0
T18,2014-09-28,1825.0
T18,2014-09-29,10460.0
T18,2014-09-30,10699.0
T18,2014-10-01,10561.0
T18,2014-10-02,10573.0
T18,2014-10-03,10399.0
T18,2014-10-04,3001.0
T18,2014-10-05,1715.0
T18,2014-10-06,10545.0
T18,2014-10-07,11090.0
T18,2014-10-08,10753.0
T18,2014-10-09,11154.0
T18,2014-10-10,10678.0
T18,2014-10-11,3996.0
T18,2014-10-12,1933.0
T18,2014-10-13,10129.0
T18,2014-10-14,10508.0
T18,2014-10-15,10549.0
T18,2014-10-16,10624.0
T18,2014-10-17,10381.0
T18,2014-10-18,2317.0
T18,2014-10-19,1512.0
T18,2014-10-20,10759.0
T18,2014-10-21,10896.0
T18,2014-10-22,11153.0
T18,2014-10-23,10582.0
T18,2014-10-24,10552.0
T18,2014-10-25,2981.0
T18,2014-10-26,1827.0
T18,2014-10-27,9438.0
T18,2014-10-28,10870.0
T18,2014-10-29,10797.0
T18,2014-10-30,11061.0
T18,2014-10-31,10659.0
T18,2014-11-01,2008.0
T18,2014-11-02,1592.0
T18,2014-11-03,7522.0
T18,2014-11-04,1450.0
T18,2014-11-05,10754.0
T18,2014-11-06,11254.0
T18,2014-11-07,10721.0
T18,2014-11-08,2224.0
T18,2014-11-09,1598.0
T18,2014-11-10,10517.0
T18,2014-11-11,11184.0
T18,2014-11-12,11155.0
T18,2014-11-13,11391.0
T18,2014-11-14,10896.0
T18,2014-11-15,3024.0
T18,2014-11-16,1699.0
T18,2014-11-17,11195.0
T18,2014-11-18,11250.0
T18,2014-11-19,11314.0
T18,2014-11-20,11183.0
T18,2014-11-21,11061.0
T18,2014-11-22,2687.0
T18,2014-11-23,1906.0
T18,2014-11-24,10592.0
T18,2014-11-25,11434.0
T18,2014-11-26,11042.0
T18,2014-11-27,11293.0
T18,2014-11-28,11097.0
T18,2014-11-29,2658.0
T18,2014-11-30,1794.0
T18,2014-12-01,11078.0
T18,2014-12-02,11604.0
T18,2014-12-03,10864.0
T18,2014-12-04,11261.0
T18,2014-12-05,11139.0
T18,2014-12-06,2710.0
T18,2014-12-07,1753.0
T18,2014-12-08,11144.0
T18,2014-12-09,11812.0
T18,2014-12-10,11584.0
T18,2014-12-11,11376.0
T18,2014-12-12,11217.0
T18,2014-12-13,2618.0
T18,2014-12-14,1758.0
T18,2014-12-15,11004.0
T18,2014-12-16,11234.0
T18,2014-12-17,11475.0
T18,2014-12-18,11634.0
T18,2014-12-19,11170.0
T18,2014-12-20,2610.0
T18,2014-12-21,1859.0
T18,2014-12-22,9351.0
T18,2014-12-23,8630.0
T18,2014-12-24,5835.0
T18,2014-12-25,917.0
T18,2014-12-26,1667.0
T18,2014-12-27,2042.0
T18,2014-12-28,1773.0
T18,2014-12-29,3805.0
T18,2014-12-30,4001.0
T18,2014-12-31,4795.0
T18,2015-01-01,1158.0
T18,2015-01-02,2942.0
T18,2015-01-03,1305.0
T18,2015-01-04,1534.0
T18,2015-01-05,7790.0
T18,2015-01-06,7888.0
T18,2015-01-07,7393.0
T18,2015-01-08,7870.0
T18,2015-01-09,8105.0
T18,2015-01-10,2072.0
T18,2015-01-11,1579.0
T18,2015-01-12,9709.0
T18,2015-01-13,9860.0
T18,2015-01-14,9576.0
T18,2015-01-15,9749.0
T18,2015-01-16,9807.0
T18,2015-01-17,2195.0
T18,2015-01-18,1497.0
T18,2015-01-19,9853.0
T18,2015-01-20,10539.0
T18,2015-01-21,10496.0
T18,2015-01-22,10671.0
T18,2015-01-23,9815.0
T18,2015-01-24,2243.0
T18,2015-01-25,1669.0
T18,2015-01-26,1769.0
T18,2015-01-27,10514.0
T18,2015-01-28,10755.0
T18,2015-01-29,10505.0
T18,2015-01-30,10384.0
T18,2015-01-31,2124.0
T18,2015-02-01,1362.0
T18,2015-02-02,10580.0
T18,2015-02-03,11066.0
T18,2015-02-04,10707.0
T18,2015-02-05,11293.0
T18,2015-02-06,10792.0
T18,2015-02-07,2313.0
T18,2015-02-08,1564.0
T18,2015-02-09,11086.0
T18,2015-02-10,11503.0
T18,2015-02-11,10920.0
T18,2015-02-12,11615.0
T18,2015-02-13,11419.0
T18,2015-02-14,2995.0
T18,2015-02-15,1764.0
T18,2015-02-16,10924.0
T18,2015-02-17,11571.0
T18,2015-02-18,11377.0
T18,2015-02-19,12031.0
T18,2015-02-20,11154.0
T18,2015-02-21,4704.0
T18,2015-02-22,2392.0
T18,2015-02-23,10516.0
T18,2015-02-24,11503.0
T18,2015-02-25,11336.0
T18,2015-02-26,11533.0
T18,2015-02-27,11170.0
T18,2015-02-28,2493.0
T18,2015-03-01,2012.0
T18,2015-03-02,11000.0
T18,2015-03-03,11608.0
T18,2015-03-04,11364.0
T18,2015-03-05,11335.0
T18,2015-03-06,10807.0
T18,2015-03-07,2626.0
T18,2015-03-08,2230.0
T18,2015-03-09,1960.0
T18,2015-03-10,11204.0
T18,2015-03-11,11220.0
T18,2015-03-12,11362.0
T18,2015-03-13,11095.0
T18,2015-03-14,2595.0
T18,2015-03-15,1727.0
T18,2015-03-16,11008.0
T18,2015-03-17,11312.0
T18,2015-03-18,11135.0
T18,2015-03-19,11629.0
T18,2015-03-20,11284.0
T18,2015-03-21,2651.0
T18,2015-03-22,1842.0
T18,2015-03-23,10734.0
T18,2015-03-24,11043.0
T18,2015-03-25,11352.0
T18,2015-03-26,11589.0
T18,2015-03-27,11459.0
T18,2015-03-28,3258.0
T18,2015-03-29,2292.0
T18,2015-03-30,11203.0
T18,2015-03-31,10370.0
T18,2015-04-01,11462.0
T18,2015-04-02,11879.0
T18,2015-04-03,2070.0
T18,2015-04-04,2972.0
T18,2015-04-05,2083.0
T18,2015-04-06,1577.0
T18,2015-04-07,9630.0
T18,2015-04-08,10431.0
T18,2015-04-09,10936.0
T18,2015-04-10,10968.0
T18,2015-04-11,2741.0
T18,2015-04-12,1919.0
T18,2015-04-13,10758.0
T18,2015-04-14,11315.0
T18,2015-04-15,11416.0
T18,2015-04-16,11354.0
T18,2015-04-17,11135.0
T18,2015-04-18,2920.0
T18,2015-04-19,1742.0
T18,2015-04-20,10331.0
T18,2015-04-21,11118.0
T18,2015-04-22,10881.0
T18,2015-04-23,11041.0
T18,2015-04-24,10912.0
T18,2015-04-25,2694.0
T18,2015-04-26,1560.0
T18,2015-04-27,10189.0
T18,2015-04-28,10849.0
T18,2015-04-29,10920.0
T18,2015-04-30,10974.0
T18,2015-05-01,11630.0
T18,2015-05-02,2329.0
T18,2015-05-03,1497.0
T18,2015-05-04,10691.0
T18,2015-05-05,10715.0
T18,2015-05-06,10574.0
T18,2015-05-07,10708.0
T18,2015-05-08,10863.0
T18,2015-05-09,2199.0
T18,2015-05-10,1161.0
T18,2015-05-11,10574.0
T18,2015-05-12,10925.0
T18,2015-05-13,10615.0
T18,2015-05-14,10963.0
T18,2015-05-15,10515.0
T18,2015-05-16,2532.0
T18,2015-05-17,1765.0
T18,2015-05-18,10414.0
T18,2015-05-19,10710.0
T18,2015-05-20,10812.0
T18,2015-05-21,10806.0
T18,2015-05-22,10412.0
T18,2015-05-23,2390.0
T18,2015-05-24,1344.0
T18,2015-05-25,10347.0
T18,2015-05-26,10905.0
T18,2015-05-27,10577.0
T18,2015-05-28,11166.0
T18,2015-05-29,10686.0
T18,2015-05-30,2889.0
T18,2015-05-31,1471.0
T18,2015-06-01,9941.0
T18,2015-06-02,10706.0
T18,2015-06-03,10611.0
T18,2015-06-04,10385.0
T18,2015-06-05,10011.0
T18,2015-06-06,2705.0
T18,2015-06-07,2055.0
T18,2015-06-08,1389.0
T18,2015-06-09,10289.0
T18,2015-06-10,10701.0
T18,2015-06-11,10928.0
T18,2015-06-12,10344.0
T18,2015-06-13,2266.0
T18,2015-06-14,1402.0
T18,2015-06-15,10581.0
T18,2015-06-16,10883.0
T18,2015-06-17,10862.0
T18,2015-06-18,10762.0
T18,2015-06-19,10492.0
T18,2015-06-20,2319.0
T18,2015-06-21,1861.0
T18,2015-06-22,9903.0
T18,2015-06-23,10728.0
T18,2015-06-24,10879.0
T18,2015-06-25,11143.0
T18,2015-06-26,10966.0
T18,2015-06-27,3071.0
T18,2015-06-28,1356.0
T18,2015-06-29,10349.0
T18,2015-06-30,10640.0
T18,2015-07-01,10664.0
T18,2015-07-02,10618.0
T18,2015-07-03,10420.0
T18,2015-07-04,2386.0
T18,2015-07-05,1924.0
T18,2015-07-06,10154.0
T18,2015-07-07,10757.0
T18,2015-07-08,10024.0
T18,2015-07-09,10588.0
T18,2015-07-10,10324.0
T18,2015-07-11,2204.0
T18,2015-07-12,1075.0
T18,2015-07-13,10457.0
T18,2015-07-14,10681.0
T18,2015-07-15,10631.0
T18,2015-07-16,11001.0
T18,2015-07-17,10704.0
T18,2015-07-18,3831.0
T18,2015-07-19,1831.0
T18,2015-07-20,10286.0
T18,2015-07-21,11333.0
T18,2015-07-22,10658.0
T18,2015-07-23,11552.0
T18,2015-07-24,11787.0
T18,2015-07-25,2961.0
T18,2015-07-26,3316.0
T18,2015-07-27,11325.0
T18,2015-07-28,11741.0
T18,2015-07-29,10763.0
T18,2015-07-30,10731.0
T18,2015-07-31,11061.0
T18,2015-08-01,2320.0
T18,2015-08-02,1377.0
T18,2015-08-03,10181.0
T18,2015-08-04,10901.0
T18,2015-08-05,10708.0
T18,2015-08-06,11527.0
T18,2015-08-07,10687.0
T18,2015-08-08,2392.0
T18,2015-08-09,1600.0
T18,2015-08-10,10704.0
T18,2015-08-11,10859.0
T18,2015-08-12,10961.0
T18,2015-08-13,11097.0
T18,2015-08-14,10894.0
T18,2015-08-15,3494.0
T18,2015-08-16,1666.0
T18,2015-08-17,10414.0
T18,2015-08-18,10570.0
T18,2015-08-19,10663.0
T18,2015-08-20,10769.0
T18,2015-08-21,10828.0
T18,2015-08-22,2471.0
T18,2015-08-23,1403.0
T18,2015-08-24,10552.0
T18,2015-08-25,10818.0
T18,2015-08-26,10731.0
T18,2015-08-27,11730.0
T18,2015-08-28,10862.0
T18,2015-08-29,2003.0
T18,2015-08-30,1373.0
T18,2015-08-31,10376.0
T18,2015-09-01,10910.0
T18,2015-09-02,10468.0
T18,2015-09-03,10508.0
T18,2015-09-04,8942.0
T18,2015-09-05,2427.0
T18,2015-09-06,1366.0
T18,2015-09-07,10710.0
T18,2015-09-08,10423.0
T18,2015-09-09,10485.0
T18,2015-09-10,11330.0
T18,2015-09-11,10284.0
T18,2015-09-12,2580.0
T18,2015-09-13,1741.0
T18,2015-09-14,10099.0
T18,2015-09-15,10475.0
T18,2015-09-16,10714.0
T18,2015-09-17,10805.0
T18,2015-09-18,10364.0
T18,2015-09-19,2421.0
T18,2015-09-20,1794.0
T18,2015-09-21,9948.0
T18,2015-09-22,10148.0
T18,2015-09-23,10249.0
T18,2015-09-24,10399.0
T18,2015-09-25,10031.0
T18,2015-09-26,2466.0
T18,2015-09-27,1821.0
T18,2015-09-28,10602.0
T18,2015-09-29,10806.0
T18,2015-09-30,10943.0
T18,2015-10-01,11236.0
T18,2015-10-02,6926.0
T18,2015-10-03,2628.0
T18,2015-10-04,1488.0
T18,2015-10-05,10299.0
T18,2015-10-06,11055.0
T18,2015-10-07,10879.0
T18,2015-10-08,11259.0
T18,2015-10-09,11400.0
T18,2015-10-10,2828.0
T18,2015-10-11,1760.0
T18,2015-10-12,10577.0
T18,2015-10-13,11583.0
T18,2015-10-14,11248.0
T18,2015-10-15,11673.0
T18,2015-10-16,11516.0
T18,2015-10-17,3525.0
T18,2015-10-18,1694.0
T18,2015-10-19,9638.0
T18,2015-10-20,10940.0
T18,2015-10-21,10716.0
T18,2015-10-22,10984.0
T18,2015-10-23,10454.0
T18,2015-10-24,3236.0
T18,2015-10-25,1827.0
T18,2015-10-26,10500.0
T18,2015-10-27,11546.0
T18,2015-10-28,11394.0
T18,2015-10-29,11921.0
T18,2015-10-30,10690.0
T18,2015-10-31,2266.0
T18,2015-11-01,1631.0
T18,2015-11-02,7573.0
T18,2015-11-03,1586.0
T18,2015-11-04,10920.0
T18,2015-11-05,9567.0
T18,2015-11-06,9391.0
T18,2015-11-07,2013.0
T18,2015-11-08,1783.0
T18,2015-11-09,9491.0
T18,2015-11-10,9907.0
T18,2015-11-11,10086.0
T18,2015-11-12,10399.0
T18,2015-11-13,11068.0
T18,2015-11-14,2588.0
T18,2015-11-15,1547.0
T18,2015-11-16,10953.0
T18,2015-11-17,11641.0
T18,2015-11-18,11659.0
T18,2015-11-19,11584.0
T18,2015-11-20,11096.0
T18,2015-11-21,2281.0
T18,2015-11-22,1439.0
T18,2015-11-23,11347.0
T18,2015-11-24,11388.0
T18,2015-11-25,11366.0
T18,2015-11-26,11019.0
T18,2015-11-27,11397.0
T18,2015-11-28,3476.0
T18,2015-11-29,1359.0
T18,2015-11-30,11066.0
T18,2015-12-01,11510.0
T18,2015-12-02,10884.0
T18,2015-12-03,11338.0
T18,2015-12-04,11451.0
T18,2015-12-05,3050.0
T18,2015-12-06,2225.0
T18,2015-12-07,10824.0
T18,2015-12-08,11923.0
T18,2015-12-09,12393.0
T18,2015-12-10,12764.0
T18,2015-12-11,11673.0
T18,2015-12-12,2634.0
T18,2015-12-13,1869.0
T18,2015-12-14,12291.0
T18,2015-12-15,12544.0
T18,2015-12-16,12412.0
T18,2015-12-17,12409.0
T18,2015-12-18,12039.0
T18,2015-12-19,2124.0
T18,2015-12-20,1490.0
T18,2015-12-21,10713.0
T18,2015-12-22,10596.0
T18,2015-12-23,9377.0
T18,2015-12-24,6010.0
T18,2015-12-25,1014.0
T18,2015-12-26,1612.0
T18,2015-12-27,1827.0
T18,2015-12-28,1900.0
T18,2015-12-29,4177.0
T18,2015-12-30,4169.0
T18,2015-12-31,4527.0
T18,2016-01-01,1292.0
T18,2016-01-02,2169.0
T18,2016-01-03,1691.0
T18,2016-01-04,7200.0
T18,2016-01-05,7294.0
T18,2016-01-06,7823.0
T18,2016-01-07,7908.0
T18,2016-01-08,7597.0
T18,2016-01-09,2242.0
T18,2016-01-10,1589.0
T18,2016-01-11,9762.0
T18,2016-01-12,10252.0
T18,2016-01-13,9459.0
T18,2016-01-14,10211.0
T18,2016-01-15,9655.0
T18,2016-01-16,2584.0
T18,2016-01-17,2187.0
T18,2016-01-18,10527.0
T18,2016-01-19,10775.0
T18,2016-01-20,11125.0
T18,2016-01-21,11205.0
T18,2016-01-22,10213.0
T18,2016-01-23,2617.0
T18,2016-01-24,1936.0
T18,2016-01-25,8264.0
T18,2016-01-26,2128.0
T18,2016-01-27,11059.0
T18,2016-01-28,11182.0
T18,2016-01-29,11208.0
T18,2016-01-30,2543.0
T18,2016-01-31,1580.0
T18,2016-02-01,11320.0
T18,2016-02-02,11804.0
T18,2016-02-03,11354.0
T18,2016-02-04,11432.0
T18,2016-02-05,11187.0
T18,2016-02-06,2989.0
T18,2016-02-07,1818.0
T18,2016-02-08,10783.0
T18,2016-02-09,11526.0
T18,2016-02-10,11260.0
T18,2016-02-11,11755.0
T18,2016-02-12,11571.0
T18,2016-02-13,2830.0
T18,2016-02-14,1724.0
T18,2016-02-15,11091.0
T18,2016-02-16,11374.0
T18,2016-02-17,11056.0
T18,2016-02-18,11941.0
T18,2016-02-19,10865.0
T18,2016-02-20,5482.0
T18,2016-02-21,2140.0
T18,2016-02-22,10875.0
T18,2016-02-23,11528.0
T18,2016-02-24,11999.0
T18,2016-02-25,11873.0
T18,2016-02-26,11262.0
T18,2016-02-27,3231.0
T18,2016-02-28,2371.0
T18,2016-02-29,11336.0
T18,2016-03-01,11721.0
T18,2016-03-02,11732.0
T18,2016-03-03,11895.0
T18,2016-03-04,11037.0
T18,2016-03-05,2611.0
T18,2016-03-06,1604.0
T18,2016-03-07,11086.0
T18,2016-03-08,11478.0
T18,2016-03-09,11147.0
T18,2016-03-10,11568.0
T18,2016-03-11,11300.0
T18,2016-03-12,2626.0
T18,2016-03-13,2121.0
T18,2016-03-14,2212.0
T18,2016-03-15,11402.0
T18,2016-03-16,11560.0
T18,2016-03-17,12418.0
T18,2016-03-18,11396.0
T18,2016-03-19,2953.0
T18,2016-03-20,2115.0
T18,2016-03-21,11603.0
T18,2016-03-22,12325.0
T18,2016-03-23,12602.0
T18,2016-03-24,12166.0
T18,2016-03-25,2145.0
T18,2016-03-26,2560.0
T18,2016-03-27,1951.0
T18,2016-03-28,1850.0
T18,2016-03-29,10060.0
T18,2016-03-30,10835.0
T18,2016-03-31,11223.0
T18,2016-04-01,11212.0
T18,2016-04-02,3015.0
T18,2016-04-03,2159.0
T18,2016-04-04,11152.0
T18,2016-04-05,11761.0
T18,2016-04-06,11962.0
T18,2016-04-07,11564.0
T18,2016-04-08,10820.0
T18,2016-04-09,3252.0
T18,2016-04-10,1915.0
T18,2016-04-11,11017.0
T18,2016-04-12,11557.0
T18,2016-04-13,11533.0
T18,2016-04-14,12203.0
T18,2016-04-15,11558.0
T18,2016-04-16,2945.0
T18,2016-04-17,2121.0
T18,2016-04-18,11188.0
T18,2016-04-19,11689.0
T18,2016-04-20,11722.0
T18,2016-04-21,12267.0
T18,2016-04-22,11226.0
T18,2016-04-23,2808.0
T18,2016-04-24,2143.0
T18,2016-04-25,2242.0
T18,2016-04-26,11786.0
T18,2016-04-27,12239.0
T18,2016-04-28,12087.0
T18,2016-04-29,11259.0
T18,2016-04-30,2887.0
T18,2016-05-01,1780.0
T18,2016-05-02,11354.0
T18,2016-05-03,11651.0
T18,2016-05-04,11881.0
T18,2016-05-05,12114.0
T18,2016-05-06,11890.0
T18,2016-05-07,2943.0
T18,2016-05-08,1581.0
T18,2016-05-09,11049.0
T18,2016-05-10,12067.0
T18,2016-05-11,11631.0
T18,2016-05-12,12280.0
T18,2016-05-13,11836.0
T18,2016-05-14,2980.0
T18,2016-05-15,1871.0
T18,2016-05-16,11242.0
T18,2016-05-17,11919.0
T18,2016-05-18,11829.0
T18,2016-05-19,11998.0
T18,2016-05-20,11918.0
T18,2016-05-21,3244.0
T18,2016-05-22,2004.0
T18,2016-05-23,11175.0
T18,2016-05-24,11780.0
T18,2016-05-25,11547.0
T18,2016-05-26,11821.0
T18,2016-05-27,11313.0
T18,2016-05-28,3088.0
T18,2016-05-29,1857.0
T18,2016-05-30,11346.0
T18,2016-05-31,11494.0
T18,2016-06-01,11348.0
T18,2016-06-02,11529.0
T18,2016-06-03,10926.0
T18,2016-06-04,2369.0
T18,2016-06-05,1892.0
T18,2016-06-06,11232.0
T18,2016-06-07,11698.0
T18,2016-06-08,11385.0
T18,2016-06-09,11535.0
T18,2016-06-10,10581.0
T18,2016-06-11,2704.0
T18,2016-06-12,2158.0
T18,2016-06-13,1784.0
T18,2016-06-14,11221.0
T18,2016-06-15,11507.0
T18,2016-06-16,11362.0
T18,2016-06-17,10985.0
T18,2016-06-18,3594.0
T18,2016-06-19,1758.0
T18,2016-06-20,11003.0
T18,2016-06-21,11429.0
T18,2016-06-22,10979.0
T18,2016-06-23,11730.0
T18,2016-06-24,10587.0
T18,2016-06-25,2572.0
T18,2016-06-26,1899.0
T18,2016-06-27,10666.0
T18,2016-06-28,10944.0
T18,2016-06-29,11103.0
T18,2016-06-30,10984.0
T18,2016-07-01,10382.0
T18,2016-07-02,2722.0
T18,2016-07-03,1926.0
T18,2016-07-04,10401.0
T18,2016-07-05,10457.0
T18,2016-07-06,10735.0
T18,2016-07-07,11189.0
T18,2016-07-08,10564.0
T18,2016-07-09,2643.0
T18,2016-07-10,1890.0
T18,2016-07-11,10809.0
T18,2016-07-12,11304.0
T18,2016-07-13,10923.0
T18,2016-07-14,11753.0
T18,2016-07-15,11329.0
T18,2016-07-16,3144.0
T18,2016-07-17,2120.0
T18,2016-07-18,11024.0
T18,2016-07-19,11259.0
T18,2016-07-20,11549.0
T18,2016-07-21,12147.0
T18,2016-07-22,10987.0
T18,2016-07-23,2564.0
T18,2016-07-24,2083.0
T18,2016-07-25,11047.0
T18,2016-07-26,11219.0
T18,2016-07-27,11534.0
T18,2016-07-28,11568.0
T18,2016-07-29,11653.0
T18,2016-07-30,3989.0
T18,2016-07-31,3132.0
T18,2016-08-01,11779.0
T18,2016-08-02,11593.0
T18,2016-08-03,11221.0
T18,2016-08-04,11679.0
T18,2016-08-05,11521.0
T18,2016-08-06,3310.0
T18,2016-08-07,2309.0
T18,2016-08-08,11021.0
T18,2016-08-09,11248.0
T18,2016-08-10,11320.0
T18,2016-08-11,11389.0
T18,2016-08-12,10663.0
T18,2016-08-13,2976.0
T18,2016-08-14,1978.0
T18,2016-08-15,10936.0
T18,2016-08-16,11889.0
T18,2016-08-17,11440.0
T18,2016-08-18,11838.0
T18,2016-08-19,10969.0
T18,2016-08-20,2947.0
T18,2016-08-21,1973.0
T18,2016-08-22,10666.0
T18,2016-08-23,11333.0
T18,2016-08-24,11155.0
T18,2016-08-25,11454.0
T18,2016-08-26,11272.0
T18,2016-08-27,3084.0
T18,2016-08-28,2236.0
T18,2016-08-29,11101.0
T18,2016-08-30,11157.0
T18,2016-08-31,11196.0
T18,2016-09-01,11725.0
T18,2016-09-02,11180.0
T18,2016-09-03,2689.0
T18,2016-09-04,1697.0
T18,2016-09-05,11031.0
T18,2016-09-06,11682.0
T18,2016-09-07,11384.0
T18,2016-09-08,11866.0
T18,2016-09-09,11504.0
T18,2016-09-10,2778.0
T18,2016-09-11,1943.0
T18,2016-09-12,11166.0
T18,2016-09-13,11891.0
T18,2016-09-14,11380.0
T18,2016-09-15,11039.0
T18,2016-09-16,11083.0
T18,2016-09-17,2789.0
T18,2016-09-18,1693.0
T18,2016-09-19,11008.0
T18,2016-09-20,11243.0
T18,2016-09-21,11637.0
T18,2016-09-22,11433.0
T18,2016-09-23,11724.0
T18,2016-09-24,2843.0
T18,2016-09-25,2088.0
T18,2016-09-26,11109.0
T18,2016-09-27,11017.0
T18,2016-09-28,11898.0
T18,2016-09-29,11604.0
T18,2016-09-30,7047.0
T18,2016-10-01,2917.0
T18,2016-10-02,2444.0
T18,2016-10-03,10782.0
T18,2016-10-04,11329.0
T18,2016-10-05,11630.0
T18,2016-10-06,12229.0
T18,2016-10-07,10714.0
T18,2016-10-08,2995.0
T18,2016-10-09,2363.0
T18,2016-10-10,11315.0
T18,2016-10-11,11679.0
T18,2016-10-12,11513.0
T18,2016-10-13,11591.0
T18,2016-10-14,10909.0
T18,2016-10-15,2860.0
T18,2016-10-16,2566.0
T18,2016-10-17,11455.0
T18,2016-10-18,12019.0
T18,2016-10-19,11515.0
T18,2016-10-20,11880.0
T18,2016-10-21,10513.0
T18,2016-10-22,2295.0
T18,2016-10-23,2742.0
T18,2016-10-24,11646.0
T18,2016-10-25,12087.0
T18,2016-10-26,11728.0
T18,2016-10-27,11853.0
T18,2016-10-28,10514.0
T18,2016-10-29,2408.0
T18,2016-10-30,2139.0
T18,2016-10-31,7428.0
T18,2016-11-01,2419.0
T18,2016-11-02,11654.0
T18,2016-11-03,11822.0
T18,2016-11-04,10604.0
T18,2016-11-05,2529.0
T18,2016-11-06,2504.0
T18,2016-11-07,11672.0
T18,2016-11-08,11874.0
T18,2016-11-09,11957.0
T18,2016-11-10,12015.0
T18,2016-11-11,11092.0
T18,2016-11-12,2806.0
T18,2016-11-13,2420.0
T18,2016-11-14,11353.0
T18,2016-11-15,11749.0
T18,2016-11-16,12121.0
T18,2016-11-17,12251.0
T18,2016-11-18,10748.0
T18,2016-11-19,2720.0
T18,2016-11-20,2806.0
T18,2016-11-21,11295.0
T18,2016-11-22,11778.0
T18,2016-11-23,11263.0
T18,2016-11-24,11982.0
T18,2016-11-25,10462.0
T18,2016-11-26,2974.0
T18,2016-11-27,2704.0
T18,2016-11-28,12004.0
T18,2016-11-29,12087.0
T18,2016-11-30,11770.0
T18,2016-12-01,12038.0
T18,2016-12-02,10738.0
T18,2016-12-03,2716.0
T18,2016-12-04,2450.0
T18,2016-12-05,11787.0
T18,2016-12-06,11912.0
T18,2016-12-07,12650.0
T18,2016-12-08,11932.0
T18,2016-12-09,10678.0
T18,2016-12-10,2686.0
T18,2016-12-11,2662.0
T18,2016-12-12,12031.0
T18,2016-12-13,11779.0
T18,2016-12-14,11561.0
T18,2016-12-15,12004.0
T18,2016-12-16,10678.0
T18,2016-12-17,2768.0
T18,2016-12-18,2711.0
T18,2016-12-19,11291.0
T18,2016-12-20,11816.0
T18,2016-12-21,11200.0
T18,2016-12-22,10699.0
T18,2016-12-23,7730.0
T18,2016-12-24,1862.0
T18,2016-12-25,958.0
T18,2016-12-26,1654.0
T18,2016-12-27,1891.0
T18,2016-12-28,4293.0
T18,2016-12-29,3796.0
T18,2016-12-30,3645.0
T18,2016-12-31,3679.0
T18,2017-01-01,1231.0
T18,2017-01-02,1903.0
T18,2017-01-03,6410.0
T18,2017-01-04,6909.0
T18,2017-01-05,7143.0
T18,2017-01-06,6448.0
T18,2017-01-07,1812.0
T18,2017-01-08,2160.0
T18,2017-01-09,9985.0
T18,2017-01-10,10327.0
T18,2017-01-11,10347.0
T18,2017-01-12,9986.0
T18,2017-01-13,8995.0
T18,2017-01-14,2475.0
T18,2017-01-15,2507.0
T18,2017-01-16,10677.0
T18,2017-01-17,10408.0
T18,2017-01-18,10741.0
T18,2017-01-19,11364.0
T18,2017-01-20,11141.0
T18,2017-01-21,2531.0
T18,2017-01-22,2590.0
T18,2017-01-23,10866.0
T18,2017-01-24,11281.0
T18,2017-01-25,10502.0
T18,2017-01-26,2747.0
T18,2017-01-27,7685.0
T18,2017-01-28,2295.0
T18,2017-01-29,2627.0
T18,2017-01-30,10623.0
T18,2017-01-31,11367.0
T18,2017-02-01,11754.0
T18,2017-02-02,11759.0
T18,2017-02-03,10844.0
T18,2017-02-04,2361.0
T18,2017-02-05,2410.0
T18,2017-02-06,11058.0
T18,2017-02-07,12081.0
T18,2017-02-08,11878.0
T18,2017-02-09,11360.0
T18,2017-02-10,10766.0
T18,2017-02-11,2890.0
T18,2017-02-12,2610.0
T18,2017-02-13,11665.0
T18,2017-02-14,12319.0
T18,2017-02-15,11668.0
T18,2017-02-16,11735.0
T18,2017-02-17,10785.0
T18,2017-02-18,4735.0
T18,2017-02-19,2223.0
T18,2017-02-20,11517.0
T18,2017-02-21,12363.0
T18,2017-02-22,11986.0
T18,2017-02-23,12111.0
T18,2017-02-24,10626.0
T18,2017-02-25,2829.0
T18,2017-02-26,3127.0
T18,2017-02-27,12016.0
T18,2017-02-28,12315.0
T18,2017-03-01,11966.0
T18,2017-03-02,12040.0
T18,2017-03-03,10437.0
T18,2017-03-04,2840.0
T18,2017-03-05,2824.0
T18,2017-03-06,12024.0
T18,2017-03-07,12044.0
T18,2017-03-08,12054.0
T18,2017-03-09,12354.0
T18,2017-03-10,10256.0
T18,2017-03-11,2670.0
T18,2017-03-12,2043.0
T18,2017-03-13,2797.0
T18,2017-03-14,11671.0
T18,2017-03-15,12278.0
T18,2017-03-16,12339.0
T18,2017-03-17,10839.0
T18,2017-03-18,2983.0
T18,2017-03-19,2914.0
T18,2017-03-20,11489.0
T18,2017-03-21,11669.0
T18,2017-03-22,11698.0
T18,2017-03-23,12063.0
T18,2017-03-24,10740.0
T18,2017-03-25,3044.0
T18,2017-03-26,2725.0
T18,2017-03-27,11800.0
T18,2017-03-28,12269.0
T18,2017-03-29,12060.0
T18,2017-03-30,11953.0
T18,2017-03-31,10847.0
T18,2017-04-01,3286.0
T18,2017-04-02,3139.0
T18,2017-04-03,11634.0
T18,2017-04-04,12350.0
T18,2017-04-05,12415.0
T18,2017-04-06,12285.0
T18,2017-04-07,11109.0
T18,2017-04-08,3045.0
T18,2017-04-09,2499.0
T18,2017-04-10,10764.0
T18,2017-04-11,12193.0
T18,2017-04-12,12406.0
T18,2017-04-13,11158.0
T18,2017-04-14,2141.0
T18,2017-04-15,2676.0
T18,2017-04-16,1933.0
T18,2017-04-17,2461.0
T18,2017-04-18,11397.0
T18,2017-04-19,11798.0
T18,2017-04-20,12437.0
T18,2017-04-21,10927.0
T18,2017-04-22,3135.0
T18,2017-04-23,2745.0
T18,2017-04-24,8919.0
T18,2017-04-25,3226.0
T18,2017-04-26,11896.0
T18,2017-04-27,12573.0
T18,2017-04-28,10735.0
T18,2017-04-29,2889.0
T18,2017-04-30,2661.0
T18,2017-05-01,11734.0
T18,2017-05-02,11536.0
T18,2017-05-03,11833.0
T18,2017-05-04,11714.0
T18,2017-05-05,10204.0
T18,2017-05-06,2586.0
T18,2017-05-07,2630.0
T18,2017-05-08,10991.0
T18,2017-05-09,11860.0
T18,2017-05-10,11754.0
T18,2017-05-11,11427.0
T18,2017-05-12,10726.0
T18,2017-05-13,2813.0
T18,2017-05-14,2459.0
T18,2017-05-15,11243.0
T18,2017-05-16,11871.0
T18,2017-05-17,11665.0
T18,2017-05-18,12139.0
T18,2017-05-19,10862.0
T18,2017-05-20,3265.0
T18,2017-05-21,2783.0
T18,2017-05-22,11786.0
T18,2017-05-23,12180.0
T18,2017-05-24,12430.0
T18,2017-05-25,12498.0
T18,2017-05-26,11290.0
T18,2017-05-27,3173.0
T18,2017-05-28,2419.0
T18,2017-05-29,12101.0
T18,2017-05-30,12408.0
T18,2017-05-31,12275.0
T18,2017-06-01,12376.0
T18,2017-06-02,11096.0
T18,2017-06-03,3013.0
T18,2017-06-04,2943.0
T18,2017-06-05,11257.0
T18,2017-06-06,11345.0
T18,2017-06-07,11601.0
T18,2017-06-08,11600.0
T18,2017-06-09,10644.0
T18,2017-06-10,3436.0
T18,2017-06-11,2378.0
T18,2017-06-12,2783.0
T18,2017-06-13,11728.0
T18,2017-06-14,11843.0
T18,2017-06-15,11851.0
T18,2017-06-16,10584.0
T18,2017-06-17,2932.0
T18,2017-06-18,2965.0
T18,2017-06-19,11980.0
T18,2017-06-20,12226.0
T18,2017-06-21,12041.0
T18,2017-06-22,12182.0
T18,2017-06-23,11085.0
T18,2017-06-24,2934.0
T18,2017-06-25,2753.0
T18,2017-06-26,11299.0
T18,2017-06-27,12397.0
T18,2017-06-28,12236.0
T18,2017-06-29,12437.0
T18,2017-06-30,11133.0
T18,2017-07-01,2831.0
T18,2017-07-02,2670.0
T18,2017-07-03,10723.0
T18,2017-07-04,11755.0
T18,2017-07-05,11302.0
T18,2017-07-06,11231.0
T18,2017-07-07,10706.0
T18,2017-07-08,2883.0
T18,2017-07-09,2732.0
T18,2017-07-10,10755.0
T18,2017-07-11,10934.0
T18,2017-07-12,11023.0
T18,2017-07-13,10294.0
T18,2017-07-14,10461.0
T18,2017-07-15,2788.0
T18,2017-07-16,2376.0
T18,2017-07-17,10936.0
T18,2017-07-18,11439.0
T18,2017-07-19,11205.0
T18,2017-07-20,11308.0
T18,2017-07-21,10600.0
T18,2017-07-22,2448.0
T18,2017-07-23,2410.0
T18,2017-07-24,10923.0
T18,2017-07-25,11535.0
T18,2017-07-26,11385.0
T18,2017-07-27,11584.0
T18,2017-07-28,11024.0
T18,2017-07-29,2856.0
T18,2017-07-30,3020.0
T18,2017-07-31,11434.0
T18,2017-08-01,11617.0
T18,2017-08-02,11263.0
T18,2017-08-03,11537.0
T18,2017-08-04,10682.0
T18,2017-08-05,2887.0
T18,2017-08-06,2575.0
T18,2017-08-07,11127.0
T18,2017-08-08,11831.0
T18,2017-08-09,11669.0
T18,2017-08-10,11974.0
T18,2017-08-11,10635.0
T18,2017-08-12,2400.0
T18,2017-08-13,2639.0
T18,2017-08-14,11379.0
T18,2017-08-15,11363.0
T18,2017-08-16,11712.0
T18,2017-08-17,11486.0
T18,2017-08-18,10035.0
T18,2017-08-19,2589.0
T18,2017-08-20,2574.0
T18,2017-08-21,11076.0
T18,2017-08-22,11955.0
T18,2017-08-23,11980.0
T18,2017-08-24,11431.0
T18,2017-08-25,10259.0
T18,2017-08-26,2436.0
T18,2017-08-27,2347.0
T18,2017-08-28,11079.0
T18,2017-08-29,11011.0
T18,2017-08-30,11084.0
T18,2017-08-31,11557.0
T18,2017-09-01,10082.0
T18,2017-09-02,2439.0
T18,2017-09-03,2114.0
T18,2017-09-04,10498.0
T18,2017-09-05,11071.0
T18,2017-09-06,10963.0
T18,2017-09-07,11195.0
T18,2017-09-08,10385.0
T18,2017-09-09,2595.0
T18,2017-09-10,2248.0
T18,2017-09-11,10794.0
T18,2017-09-12,11315.0
T18,2017-09-13,10962.0
T18,2017-09-14,11075.0
T18,2017-09-15,10226.0
T18,2017-09-16,2577.0
T18,2017-09-17,2556.0
T18,2017-09-18,11039.0
T18,2017-09-19,11634.0
T18,2017-09-20,11431.0
T18,2017-09-21,11400.0
T18,2017-09-22,10470.0
T18,2017-09-23,3072.0
T18,2017-09-24,2495.0
T18,2017-09-25,10659.0
T18,2017-09-26,11167.0
T18,2017-09-27,11399.0
T18,2017-09-28,10384.0
T18,2017-09-29,5873.0
T18,2017-09-30,2819.0
T18,2017-10-01,4192.0
T18,2017-10-02,10775.0
T18,2017-10-03,11347.0
T18,2017-10-04,11357.0
T18,2017-10-05,11231.0
T18,2017-10-06,8406.0
T18,2017-10-07,3021.0
T18,2017-10-08,3950.0
T18,2017-10-09,11168.0
T18,2017-10-10,11726.0
T18,2017-10-11,11150.0
T18,2017-10-12,11338.0
T18,2017-10-13,9073.0
T18,2017-10-14,2628.0
T18,2017-10-15,4452.0
T18,2017-10-16,11715.0
T18,2017-10-17,11421.0
T18,2017-10-18,11495.0
T18,2017-10-19,11269.0
T18,2017-10-20,8662.0
T18,2017-10-21,2730.0
T18,2017-10-22,4298.0
T18,2017-10-23,11517.0
T18,2017-10-24,11534.0
T18,2017-10-25,11494.0
T18,2017-10-26,11686.0
T18,2017-10-27,9272.0
T18,2017-10-28,2713.0
T18,2017-10-29,4183.0
T18,2017-10-30,11214.0
T18,2017-10-31,11915.0
T18,2017-11-01,11624.0
T18,2017-11-02,11370.0
T18,2017-11-03,8744.0
T18,2017-11-04,2393.0
T18,2017-11-05,3281.0
T18,2017-11-06,6160.0
T18,2017-11-07,3955.0
T18,2017-11-08,11779.0
T18,2017-11-09,11629.0
T18,2017-11-10,9220.0
T18,2017-11-11,2757.0
T18,2017-11-12,4320.0
T18,2017-11-13,11748.0
T18,2017-11-14,12093.0
T18,2017-11-15,11679.0
T18,2017-11-16,11716.0
T18,2017-11-17,10209.0
T18,2017-11-18,3071.0
T18,2017-11-19,4462.0
T18,2017-11-20,11876.0
T18,2017-11-21,12371.0
T18,2017-11-22,11936.0
T18,2017-11-23,11817.0
T18,2017-11-24,8824.0
T18,2017-11-25,2648.0
T18,2017-11-26,4252.0
T18,2017-11-27,11719.0
T18,2017-11-28,12564.0
T18,2017-11-29,12033.0
T18,2017-11-30,11196.0
T18,2017-12-01,7459.0
T18,2017-12-02,2481.0
T18,2017-12-03,3888.0
T18,2017-12-04,10715.0
T18,2017-12-05,11827.0
T18,2017-12-06,12710.0
T18,2017-12-07,12193.0
T18,2017-12-08,9590.0
T18,2017-12-09,2876.0
T18,2017-12-10,4207.0
T18,2017-12-11,11939.0
T18,2017-12-12,12131.0
T18,2017-12-13,11445.0
T18,2017-12-14,12071.0
T18,2017-12-15,8962.0
T18,2017-12-16,2603.0
T18,2017-12-17,4255.0
T18,2017-12-18,11302.0
T18,2017-12-19,11566.0
T18,2017-12-20,11274.0
T18,2017-12-21,11898.0
T18,2017-12-22,7400.0
T18,2017-12-23,2031.0
T18,2017-12-24,1535.0
T18,2017-12-25,1164.0
T18,2017-12-26,2458.0
T18,2017-12-27,4015.0
T18,2017-12-28,4191.0
T18,2017-12-29,3406.0
T18,2017-12-30,2160.0
T18,2017-12-31,3085.0
T18,2018-01-01,2196.0
T18,2018-01-02,5398.0
T18,2018-01-03,5908.0
T18,2018-01-04,6135.0
T18,2018-01-05,5160.0
T18,2018-01-06,1691.0
T18,2018-01-07,3286.0
T18,2018-01-08,8335.0
T18,2018-01-09,9266.0
T18,2018-01-10,9959.0
T18,2018-01-11,9730.0
T18,2018-01-12,7461.0
T18,2018-01-13,2097.0
T18,2018-01-14,4327.0
T18,2018-01-15,10587.0
T18,2018-01-16,11114.0
T18,2018-01-17,11166.0
T18,2018-01-18,11024.0
T18,2018-01-19,7596.0
T18,2018-01-20,2261.0
T18,2018-01-21,4111.0
T18,2018-01-22,11003.0
T18,2018-01-23,11556.0
T18,2018-01-24,11060.0
T18,2018-01-25,8677.0
T18,2018-01-26,2772.0
T18,2018-01-27,2406.0
T18,2018-01-28,4019.0
T18,2018-01-29,10578.0
T18,2018-01-30,11067.0
T18,2018-01-31,11330.0
T18,2018-02-01,11557.0
T18,2018-02-02,8697.0
T18,2018-02-03,2443.0
T18,2018-02-04,4387.0
T18,2018-02-05,11714.0
T18,2018-02-06,11643.0
T18,2018-02-07,11341.0
T18,2018-02-08,11338.0
T18,2018-02-09,8650.0
T18,2018-02-10,2599.0
T18,2018-02-11,4255.0
T18,2018-02-12,12305.0
T18,2018-02-13,13026.0
T18,2018-02-14,13132.0
T18,2018-02-15,11716.0
T18,2018-02-16,8863.0
T18,2018-02-17,5122.0
T18,2018-02-18,4308.0
T18,2018-02-19,11895.0
T18,2018-02-20,12534.0
T18,2018-02-21,11757.0
T18,2018-02-22,12009.0
T18,2018-02-23,8698.0
T18,2018-02-24,2387.0
T18,2018-02-25,4138.0
T18,2018-02-26,11951.0
T18,2018-02-27,12090.0
T18,2018-02-28,11715.0
T18,2018-03-01,11835.0
T18,2018-03-02,9175.0
T18,2018-03-03,2279.0
T18,2018-03-04,3826.0
T18,2018-03-05,10263.0
T18,2018-03-06,10512.0
T18,2018-03-07,11518.0
T18,2018-03-08,12260.0
T18,2018-03-09,9064.0
T18,2018-03-10,2529.0
T18,2018-03-11,2013.0
T18,2018-03-12,4208.0
T18,2018-03-13,11552.0
T18,2018-03-14,11678.0
T18,2018-03-15,11994.0
T18,2018-03-16,9439.0
T18,2018-03-17,2515.0
T18,2018-03-18,4357.0
T18,2018-03-19,11670.0
T18,2018-03-20,11811.0
T18,2018-03-21,11949.0
T18,2018-03-22,12402.0
T18,2018-03-23,9056.0
T18,2018-03-24,2693.0
T18,2018-03-25,4286.0
T18,2018-03-26,11130.0
T18,2018-03-27,11701.0
T18,2018-03-28,11876.0
T18,2018-03-29,9297.0
T18,2018-03-30,2077.0
T18,2018-03-31,2564.0
T18,2018-04-01,1891.0
T18,2018-04-02,4097.0
T18,2018-04-03,10582.0
T18,2018-04-04,10927.0
T18,2018-04-05,10680.0
T18,2018-04-06,8521.0
T18,2018-04-07,2942.0
T18,2018-04-08,4485.0
T18,2018-04-09,11160.0
T18,2018-04-10,11350.0
T18,2018-04-11,11565.0
T18,2018-04-12,11312.0
T18,2018-04-13,8561.0
T18,2018-04-14,2292.0
T18,2018-04-15,4312.0
T18,2018-04-16,10796.0
T18,2018-04-17,11904.0
T18,2018-04-18,11984.0
T18,2018-04-19,11748.0
T18,2018-04-20,9003.0
T18,2018-04-21,3438.0
T18,2018-04-22,4711.0
T18,2018-04-23,11656.0
T18,2018-04-24,8981.0
T18,2018-04-25,4639.0
T18,2018-04-26,11472.0
T18,2018-04-27,8551.0
T18,2018-04-28,2337.0
T18,2018-04-29,4016.0
T18,2018-04-30,11180.0
T18,2018-05-01,12050.0
T18,2018-05-02,11175.0
T18,2018-05-03,11284.0
T18,2018-05-04,8438.0
T18,2018-05-05,2811.0
T18,2018-05-06,4355.0
T18,2018-05-07,11046.0
T18,2018-05-08,12090.0
T18,2018-05-09,11393.0
T18,2018-05-10,11143.0
T18,2018-05-11,7815.0
T18,2018-05-12,1976.0
T18,2018-05-13,3588.0
T18,2018-05-14,10736.0
T18,2018-05-15,10657.0
T18,2018-05-16,10860.0
T18,2018-05-17,10942.0
T18,2018-05-18,8303.0
T18,2018-05-19,2403.0
T18,2018-05-20,3926.0
T18,2018-05-21,10663.0
T18,2018-05-22,10741.0
T18,2018-05-23,10714.0
T18,2018-05-24,10541.0
T18,2018-05-25,8312.0
T18,2018-05-26,2543.0
T18,2018-05-27,3918.0
T18,2018-05-28,10932.0
T18,2018-05-29,11073.0
T18,2018-05-30,10002.0
T18,2018-05-31,10713.0
T18,2018-06-01,8109.0
T18,2018-06-02,2182.0
T18,2018-06-03,3545.0
T18,2018-06-04,10569.0
T18,2018-06-05,10020.0
T18,2018-06-06,9917.0
T18,2018-06-07,9273.0
T18,2018-06-08,7030.0
T18,2018-06-09,2153.0
T18,2018-06-10,1577.0
T18,2018-06-11,3410.0
T18,2018-06-12,9947.0
T18,2018-06-13,9685.0
T18,2018-06-14,9544.0
T18,2018-06-15,7437.0
T18,2018-06-16,2654.0
T18,2018-06-17,3276.0
T18,2018-06-18,9396.0
T18,2018-06-19,9863.0
T18,2018-06-20,9443.0
T18,2018-06-21,9983.0
T18,2018-06-22,7545.0
T18,2018-06-23,2297.0
T18,2018-06-24,3651.0
T18,2018-06-25,9295.0
T18,2018-06-26,9658.0
T18,2018-06-27,9391.0
T18,2018-06-28,9496.0
T18,2018-06-29,7181.0
T18,2018-06-30,2055.0
T18,2018-07-01,3464.0
T18,2018-07-02,9575.0
T18,2018-07-03,9738.0
T18,2018-07-04,9589.0
T18,2018-07-05,10155.0
T18,2018-07-06,7791.0
T18,2018-07-07,2144.0
T18,2018-07-08,3638.0
T18,2018-07-09,9605.0
T18,2018-07-10,9879.0
T18,2018-07-11,9616.0
T18,2018-07-12,9818.0
T18,2018-07-13,7842.0
T18,2018-07-14,2764.0
T18,2018-07-15,3464.0
T18,2018-07-16,10455.0
T18,2018-07-17,10592.0
T18,2018-07-18,10928.0
T18,2018-07-19,10891.0
T18,2018-07-20,7851.0
T18,2018-07-21,2762.0
T18,2018-07-22,4392.0
T18,2018-07-23,10691.0
T18,2018-07-24,11162.0
T18,2018-07-25,11187.0
T18,2018-07-26,10830.0
T18,2018-07-27,8747.0
T18,2018-07-28,3342.0
T18,2018-07-29,4707.0
T18,2018-07-30,11073.0
T18,2018-07-31,10934.0
T18,2018-08-01,11331.0
T18,2018-08-02,11181.0
T18,2018-08-03,8744.0
T18,2018-08-04,3432.0
T18,2018-08-05,4382.0
T18,2018-08-06,10924.0
T18,2018-08-07,10949.0
T18,2018-08-08,11077.0
T18,2018-08-09,11014.0
T18,2018-08-10,8376.0
T18,2018-08-11,2762.0
T18,2018-08-12,4494.0
T18,2018-08-13,10887.0
T18,2018-08-14,11429.0
T18,2018-08-15,11287.0
T18,2018-08-16,11320.0
T18,2018-08-17,8714.0
T18,2018-08-18,2536.0
T18,2018-08-19,3964.0
T18,2018-08-20,10374.0
T18,2018-08-21,11215.0
T18,2018-08-22,12689.0
T18,2018-08-23,13022.0
T18,2018-08-24,7427.0
T18,2018-08-25,2334.0
T18,2018-08-26,3561.0
T18,2018-08-27,9139.0
T18,2018-08-28,10125.0
T18,2018-08-29,10457.0
T18,2018-08-30,10368.0
T18,2018-08-31,8106.0
T18,2018-09-01,2000.0
T18,2018-09-02,3482.0
T18,2018-09-03,10665.0
T18,2018-09-04,11396.0
T18,2018-09-05,11160.0
T18,2018-09-06,11161.0
T18,2018-09-07,9191.0
T18,2018-09-08,2725.0
T18,2018-09-09,4226.0
T18,2018-09-10,10838.0
T18,2018-09-11,12003.0
T18,2018-09-12,11366.0
T18,2018-09-13,11618.0
T18,2018-09-14,8920.0
T18,2018-09-15,2276.0
T18,2018-09-16,4317.0
T18,2018-09-17,11042.0
T18,2018-09-18,11132.0
T18,2018-09-19,11215.0
T18,2018-09-20,11201.0
T18,2018-09-21,8727.0
T18,2018-09-22,2559.0
T18,2018-09-23,4134.0
T18,2018-09-24,10971.0
T18,2018-09-25,11042.0
T18,2018-09-26,11400.0
T18,2018-09-27,9049.0
T18,2018-09-28,6654.0
T18,2018-09-29,2506.0
T18,2018-09-30,4150.0
T18,2018-10-01,10988.0
T18,2018-10-02,11639.0
T18,2018-10-03,10954.0
T18,2018-10-04,10877.0
T18,2018-10-05,8688.0
T18,2018-10-06,3038.0
T18,2018-10-07,4036.0
T18,2018-10-08,11550.0
T18,2018-10-09,11001.0
T18,2018-10-10,11253.0
T18,2018-10-11,11510.0
T18,2018-10-12,8847.0
T18,2018-10-13,2767.0
T18,2018-10-14,3950.0
T18,2018-10-15,11731.0
T18,2018-10-16,11519.0
T18,2018-10-17,11120.0
T18,2018-10-18,11494.0
T18,2018-10-19,8640.0
T18,2018-10-20,2056.0
T18,2018-10-21,4138.0
T18,2018-10-22,11348.0
T18,2018-10-23,11855.0
T18,2018-10-24,11180.0
T18,2018-10-25,11560.0
T18,2018-10-26,8598.0
T18,2018-10-27,2058.0
T18,2018-10-28,4048.0
T18,2018-10-29,11151.0
T18,2018-10-30,11852.0
T18,2018-10-31,11651.0
T18,2018-11-01,11378.0
T18,2018-11-02,8345.0
T18,2018-11-03,2151.0
T18,2018-11-04,3088.0
T18,2018-11-05,6444.0
T18,2018-11-06,3958.0
T18,2018-11-07,11374.0
T18,2018-11-08,11353.0
T18,2018-11-09,9045.0
T18,2018-11-10,2388.0
T18,2018-11-11,4201.0
T18,2018-11-12,11434.0
T18,2018-11-13,11917.0
T18,2018-11-14,11461.0
T18,2018-11-15,11732.0
T18,2018-11-16,8945.0
T18,2018-11-17,2524.0
T18,2018-11-18,4580.0
T18,2018-11-19,12034.0
T18,2018-11-20,12661.0
T18,2018-11-21,11843.0
T18,2018-11-22,11997.0
T18,2018-11-23,8278.0
T18,2018-11-24,2287.0
T18,2018-11-25,4049.0
T18,2018-11-26,11759.0
T18,2018-11-27,12209.0
T18,2018-11-28,11572.0
T18,2018-11-29,11506.0
T18,2018-11-30,9850.0
T18,2018-12-01,2972.0
T18,2018-12-02,4368.0
T18,2018-12-03,12109.0
T18,2018-12-04,12312.0
T18,2018-12-05,12219.0
T18,2018-12-06,11887.0
T18,2018-12-07,8087.0
T18,2018-12-08,2450.0
T18,2018-12-09,4464.0
T18,2018-12-10,12140.0
T18,2018-12-11,12747.0
T18,2018-12-12,13301.0
T18,2018-12-13,12056.0
T18,2018-12-14,9796.0
T18,2018-12-15,2590.0
T18,2018-12-16,4215.0
T18,2018-12-17,11906.0
T18,2018-12-18,11994.0
T18,2018-12-19,11679.0
T18,2018-12-20,10641.0
T18,2018-12-21,7802.0
T18,2018-12-22,1976.0
T18,2018-12-23,2400.0
T18,2018-12-24,3556.0
T18,2018-12-25,1131.0
T18,2018-12-26,2679.0
T18,2018-12-27,4196.0
T18,2018-12-28,3630.0
T18,2018-12-29,2016.0
T18,2018-12-30,2082.0
T18,2018-12-31,5019.0
T18,2019-01-01,2286.0
T18,2019-01-02,5732.0
T18,2019-01-03,6000.0
T18,2019-01-04,3913.0
T18,2019-01-05,1868.0
T18,2019-01-06,3288.0
T18,2019-01-07,8576.0
T18,2019-01-08,8547.0
T18,2019-01-09,8568.0
T18,2019-01-10,8412.0
T18,2019-01-11,6776.0
T18,2019-01-12,2180.0
T18,2019-01-13,4003.0
T18,2019-01-14,10751.0
T18,2019-01-15,10576.0
T18,2019-01-16,10885.0
T18,2019-01-17,11058.0
T18,2019-01-18,8055.0
T18,2019-01-19,2609.0
T18,2019-01-20,4532.0
T18,2019-01-21,11176.0
T18,2019-01-22,11469.0
T18,2019-01-23,11641.0
T18,2019-01-24,11035.0
T18,2019-01-25,6781.0
T18,2019-01-26,3082.0
T18,2019-01-27,2094.0
T18,2019-01-28,4105.0
T18,2019-01-29,11527.0
T18,2019-01-30,11285.0
T18,2019-01-31,11519.0
T18,2019-02-01,8927.0
T18,2019-02-02,2238.0
T18,2019-02-03,4069.0
T18,2019-02-04,11609.0
T18,2019-02-05,11932.0
T18,2019-02-06,11903.0
T18,2019-02-07,12028.0
T18,2019-02-08,8933.0
T18,2019-02-09,2282.0
T18,2019-02-10,4624.0
T18,2019-02-11,11929.0
T18,2019-02-12,11549.0
T18,2019-02-13,12200.0
T18,2019-02-14,12954.0
T18,2019-02-15,9189.0
T18,2019-02-16,2833.0
T18,2019-02-17,4773.0
T18,2019-02-18,12000.0
T18,2019-02-19,12217.0
T18,2019-02-20,12249.0
T18,2019-02-21,12053.0
T18,2019-02-22,9392.0
T18,2019-02-23,2475.0
T18,2019-02-24,4831.0
T18,2019-02-25,12168.0
T18,2019-02-26,12168.0
T18,2019-02-27,12622.0
T18,2019-02-28,12243.0
T18,2019-03-01,8687.0
T18,2019-03-02,2363.0
T18,2019-03-03,4467.0
T18,2019-03-04,12258.0
T18,2019-03-05,11396.0
T18,2019-03-06,12020.0
T18,2019-03-07,11870.0
T18,2019-03-08,8555.0
T18,2019-03-09,2458.0
T18,2019-03-10,2308.0
T18,2019-03-11,4619.0
T18,2019-03-12,11900.0
T18,2019-03-13,12278.0
T18,2019-03-14,12563.0
T18,2019-03-15,14228.0
T18,2019-03-16,3101.0
T18,2019-03-17,4823.0
T18,2019-03-18,12392.0
T18,2019-03-19,12056.0
T18,2019-03-20,11543.0
T18,2019-03-21,12263.0
T18,2019-03-22,9730.0
T18,2019-03-23,2482.0
T18,2019-03-24,4360.0
T18,2019-03-25,11862.0
T18,2019-03-26,12366.0
T18,2019-03-27,11899.0
T18,2019-03-28,12667.0
T18,2019-03-29,9291.0
T18,2019-03-30,2506.0
T18,2019-03-31,4696.0
T18,2019-04-01,11845.0
T18,2019-04-02,12507.0
T18,2019-04-03,12162.0
T18,2019-04-04,11991.0
T18,2019-04-05,9028.0
T18,2019-04-06,2899.0
T18,2019-04-07,4479.0
T18,2019-04-08,10593.0
T18,2019-04-09,10655.0
T18,2019-04-10,12620.0
T18,2019-04-11,10938.0
T18,2019-04-12,8450.0
T18,2019-04-13,3143.0
T18,2019-04-14,4187.0
T18,2019-04-15,10568.0
T18,2019-04-16,10986.0
T18,2019-04-17,10656.0
T18,2019-04-18,8302.0
T18,2019-04-19,2093.0
T18,2019-04-20,2412.0
T18,2019-04-21,1756.0
T18,2019-04-22,3376.0
T18,2019-04-23,9100.0
T18,2019-04-24,8287.0
T18,2019-04-25,4155.0
T18,2019-04-26,6706.0
T18,2019-04-27,2208.0
T18,2019-04-28,4337.0
T18,2019-04-29,11521.0
T18,2019-04-30,11748.0
T18,2019-05-01,11638.0
T18,2019-05-02,11947.0
T18,2019-05-03,9317.0
T18,2019-05-04,2516.0
T18,2019-05-05,4423.0
T18,2019-05-06,11840.0
T18,2019-05-07,12079.0
T18,2019-05-08,11344.0
T18,2019-05-09,11319.0
T18,2019-05-10,8143.0
T18,2019-05-11,2729.0
T18,2019-05-12,4250.0
T18,2019-05-13,11516.0
T18,2019-05-14,12449.0
T18,2019-05-15,11929.0
T18,2019-05-16,11516.0
T18,2019-05-17,9089.0
T18,2019-05-18,2656.0
T18,2019-05-19,4269.0
T18,2019-05-20,11206.0
T18,2019-05-21,11549.0
T18,2019-05-22,11857.0
T18,2019-05-23,11687.0
T18,2019-05-24,9003.0
T18,2019-05-25,2451.0
T18,2019-05-26,4137.0
T18,2019-05-27,11629.0
T18,2019-05-28,11632.0
T18,2019-05-29,11211.0
T18,2019-05-30,11326.0
T18,2019-05-31,8187.0
T18,2019-06-01,2465.0
T18,2019-06-02,3842.0
T18,2019-06-03,10719.0
T18,2019-06-04,11221.0
T18,2019-06-05,11322.0
T18,2019-06-06,11545.0
T18,2019-06-07,8494.0
T18,2019-06-08,2446.0
T18,2019-06-09,2089.0
T18,2019-06-10,4211.0
T18,2019-06-11,11514.0
T18,2019-06-12,10814.0
T18,2019-06-13,11340.0
T18,2019-06-14,8459.0
T18,2019-06-15,2071.0
T18,2019-06-16,3851.0
T18,2019-06-17,11484.0
T18,2019-06-18,11126.0
T18,2019-06-19,11251.0
T18,2019-06-20,11368.0
T18,2019-06-21,8799.0
T18,2019-06-22,2496.0
T18,2019-06-23,4126.0
T18,2019-06-24,11235.0
T18,2019-06-25,11891.0
T18,2019-06-26,11663.0
T18,2019-06-27,11666.0
T18,2019-06-28,8437.0
T18,2019-06-29,1933.0
T18,2019-06-30,4023.0
T18,2019-07-01,10875.0
T18,2019-07-02,11386.0
T18,2019-07-03,11559.0
T18,2019-07-04,10947.0
T18,2019-07-05,8626.0
T18,2019-07-06,2678.0
T18,2019-07-07,3561.0
T18,2019-07-08,9692.0
T18,2019-07-09,10171.0
T18,2019-07-10,9628.0
T18,2019-07-11,9790.0
T18,2019-07-12,7665.0
T18,2019-07-13,2516.0
T18,2019-07-14,4012.0
T18,2019-07-15,11046.0
T18,2019-07-16,11577.0
T18,2019-07-17,11475.0
T18,2019-07-18,11431.0
T18,2019-07-19,8702.0
T18,2019-07-20,2643.0
T18,2019-07-21,4518.0
T18,2019-07-22,11184.0
T18,2019-07-23,11493.0
T18,2019-07-24,11474.0
T18,2019-07-25,11032.0
T18,2019-07-26,9043.0
T18,2019-07-27,3244.0
T18,2019-07-28,4278.0
T18,2019-07-29,10918.0
T18,2019-07-30,11410.0
T18,2019-07-31,11400.0
T18,2019-08-01,10947.0
T18,2019-08-02,8749.0
T18,2019-08-03,2547.0
T18,2019-08-04,4492.0
T18,2019-08-05,11584.0
T18,2019-08-06,11318.0
T18,2019-08-07,11379.0
T18,2019-08-08,11116.0
T18,2019-08-09,8030.0
T18,2019-08-10,2419.0
T18,2019-08-11,4032.0
T18,2019-08-12,10951.0
T18,2019-08-13,11108.0
T18,2019-08-14,11754.0
T18,2019-08-15,11407.0
T18,2019-08-16,8376.0
T18,2019-08-17,2985.0
T18,2019-08-18,4420.0
T18,2019-08-19,10878.0
T18,2019-08-20,11308.0
T18,2019-08-21,10895.0
T18,2019-08-22,11630.0
T18,2019-08-23,10841.0
T18,2019-08-24,5147.0
T18,2019-08-25,4300.0
T18,2019-08-26,11407.0
T18,2019-08-27,11652.0
T18,2019-08-28,11043.0
T18,2019-08-29,11320.0
T18,2019-08-30,8857.0
T18,2019-08-31,2210.0
T18,2019-09-01,4058.0
T18,2019-09-02,11466.0
T18,2019-09-03,11774.0
T18,2019-09-04,11858.0
T18,2019-09-05,12120.0
T18,2019-09-06,8677.0
T18,2019-09-07,2400.0
T18,2019-09-08,3978.0
T18,2019-09-09,10831.0
T18,2019-09-10,11864.0
T18,2019-09-11,11576.0
T18,2019-09-12,11505.0
T18,2019-09-13,8670.0
T18,2019-09-14,2436.0
T18,2019-09-15,4081.0
T18,2019-09-16,11237.0
T18,2019-09-17,11142.0
T18,2019-09-18,11933.0
T18,2019-09-19,12185.0
T18,2019-09-20,15966.0
T18,2019-09-21,2765.0
T18,2019-09-22,4426.0
T18,2019-09-23,10734.0
T18,2019-09-24,11405.0
T18,2019-09-25,11276.0
T18,2019-09-26,9781.0
T18,2019-09-27,5276.0
T18,2019-09-28,2783.0
T18,2019-09-29,3472.0
T18,2019-09-30,10328.0
T18,2019-10-01,11469.0
T18,2019-10-02,11716.0
T18,2019-10-03,11451.0
T18,2019-10-04,8010.0
T18,2019-10-05,3519.0
T18,2019-10-06,4179.0
T18,2019-10-07,11945.0
T18,2019-10-08,12259.0
T18,2019-10-09,10680.0
T18,2019-10-10,10734.0
T18,2019-10-11,8376.0
T18,2019-10-12,2989.0
T18,2019-10-13,4205.0
T18,2019-10-14,11100.0
T18,2019-10-15,11292.0
T18,2019-10-16,10906.0
T18,2019-10-17,10787.0
T18,2019-10-18,8095.0
T18,2019-10-19,2812.0
T18,2019-10-20,4120.0
T18,2019-10-21,11120.0
T18,2019-10-22,11639.0
T18,2019-10-23,11757.0
T18,2019-10-24,11023.0
T18,2019-10-25,8601.0
T18,2019-10-26,1904.0
T18,2019-10-27,3604.0
T18,2019-10-28,11393.0
T18,2019-10-29,11660.0
T18,2019-10-30,11246.0
T18,2019-10-31,11020.0
T18,2019-11-01,8470.0
T18,2019-11-02,1806.0
T18,2019-11-03,3287.0
T18,2019-11-04,6083.0
T18,2019-11-05,4130.0
T18,2019-11-06,11695.0
T18,2019-11-07,11432.0
T18,2019-11-08,8460.0
T18,2019-11-09,2599.0
T18,2019-11-10,4376.0
T18,2019-11-11,12046.0
T18,2019-11-12,11712.0
T18,2019-11-13,11311.0
T18,2019-11-14,12053.0
T18,2019-11-15,8721.0
T18,2019-11-16,2854.0
T18,2019-11-17,4595.0
T18,2019-11-18,12209.0
T18,2019-11-19,11886.0
T18,2019-11-20,12084.0
T18,2019-11-21,11742.0
T18,2019-11-22,8653.0
T18,2019-11-23,3142.0
T18,2019-11-24,4503.0
T18,2019-11-25,12592.0
T18,2019-11-26,12412.0
T18,2019-11-27,12283.0
T18,2019-11-28,13155.0
T18,2019-11-29,9070.0
T18,2019-11-30,3311.0
T18,2019-12-01,4394.0
T18,2019-12-02,11739.0
T18,2019-12-03,12411.0
T18,2019-12-04,12352.0
T18,2019-12-05,12498.0
T18,2019-12-06,9244.0
T18,2019-12-07,2647.0
T18,2019-12-08,4489.0
T18,2019-12-09,11814.0
T18,2019-12-10,11820.0
T18,2019-12-11,12219.0
T18,2019-12-12,11871.0
T18,2019-12-13,9140.0
T18,2019-12-14,2537.0
T18,2019-12-15,4616.0
T18,2019-12-16,11849.0
T18,2019-12-17,11954.0
T18,2019-12-18,11544.0
T18,2019-12-19,12256.0
T18,2019-12-20,7346.0
T18,2019-12-21,2315.0
T18,2019-12-22,3137.0
T18,2019-12-23,7329.0
T18,2019-12-24,4532.0
T18,2019-12-25,1116.0
T18,2019-12-26,2505.0
T18,2019-12-27,3779.0
T18,2019-12-28,2416.0
T18,2019-12-29,2511.0
T18,2019-12-30,4077.0
T18,2019-12-31,5175.0
T18,2020-01-01,2247.0
T18,2020-01-02,5213.0
T18,2020-01-03,4239.0
T18,2020-01-04,1886.0
T18,2020-01-05,2830.0
T18,2020-01-06,7852.0
T18,2020-01-07,8092.0
T18,2020-01-08,8841.0
T18,2020-01-09,8681.0
T18,2020-01-10,6425.0
T18,2020-01-11,2137.0
T18,2020-01-12,3490.0
T18,2020-01-13,9455.0
T18,2020-01-14,9411.0
T18,2020-01-15,9702.0
T18,2020-01-16,9629.0
T18,2020-01-17,7540.0
T18,2020-01-18,2496.0
T18,2020-01-19,3837.0
T18,2020-01-20,9801.0
T18,2020-01-21,10534.0
T18,2020-01-22,10032.0
T18,2020-01-23,9775.0
T18,2020-01-24,7465.0
T18,2020-01-25,2709.0
T18,2020-01-26,2703.0
T18,2020-01-27,4102.0
T18,2020-01-28,11327.0
T18,2020-01-29,11399.0
T18,2020-01-30,11661.0
T18,2020-01-31,7796.0
T18,2020-02-01,1902.0
T18,2020-02-02,4359.0
T18,2020-02-03,11179.0
T18,2020-02-04,11691.0
T18,2020-02-05,11839.0
T18,2020-02-06,11902.0
T18,2020-02-07,8757.0
T18,2020-02-08,2586.0
T18,2020-02-09,3836.0
T18,2020-02-10,10955.0
T18,2020-02-11,11322.0
T18,2020-02-12,10963.0
T18,2020-02-13,11803.0
T18,2020-02-14,9125.0
T18,2020-02-15,2259.0
T18,2020-02-16,4395.0
T18,2020-02-17,12327.0
T18,2020-02-18,11038.0
T18,2020-02-19,11414.0
T18,2020-02-20,12327.0
T18,2020-02-21,8660.0
T18,2020-02-22,3448.0
T18,2020-02-23,4742.0
T18,2020-02-24,10841.0
T18,2020-02-25,11639.0
T18,2020-02-26,11878.0
T18,2020-02-27,11954.0
T18,2020-02-28,8827.0
T18,2020-02-29,2765.0
T18,2020-03-01,4428.0
T18,2020-03-02,11292.0
T18,2020-03-03,11502.0
T18,2020-03-04,11742.0
T18,2020-03-05,11026.0
T18,2020-03-06,8165.0
T18,2020-03-07,2674.0
T18,2020-03-08,2324.0
T18,2020-03-09,4296.0
T18,2020-03-10,11542.0
T18,2020-03-11,11020.0
T18,2020-03-12,11312.0
T18,2020-03-13,7853.0
T18,2020-03-14,2493.0
T18,2020-03-15,3470.0
T18,2020-03-16,8716.0
T18,2020-03-17,7907.0
T18,2020-03-18,6228.0
T18,2020-03-19,5601.0
T18,2020-03-20,4237.0
T18,2020-03-21,1233.0
T18,2020-03-22,1580.0
T18,2020-03-23,3856.0
T18,2020-03-24,2639.0
T18,2020-03-25,2335.0
T18,2020-03-26,2008.0
T18,2020-03-27,1542.0
T18,2020-03-28,688.0
T18,2020-03-29,685.0
T18,2020-03-30,1562.0
T18,2020-03-31,1371.0
T18,2020-04-01,1248.0
T18,2020-04-02,1038.0
T18,2020-04-03,1061.0
T18,2020-04-04,399.0
T18,2020-04-05,460.0
T18,2020-04-06,1210.0
T18,2020-04-07,1048.0
T18,2020-04-08,1293.0
T18,2020-04-09,1177.0
T18,2020-04-10,341.0
T18,2020-04-11,304.0
T18,2020-04-12,254.0
T18,2020-04-13,558.0
T18,2020-04-14,1160.0
T18,2020-04-15,1166.0
T18,2020-04-16,1201.0
T18,2020-04-17,1005.0
T18,2020-04-18,587.0
T18,2020-04-19,700.0
T18,2020-04-20,1197.0
T18,2020-04-21,1183.0
T18,2020-04-22,1260.0
T18,2020-04-23,1325.0
T18,2020-04-24,1137.0
T18,2020-04-25,455.0
T18,2020-04-26,716.0
T18,2020-04-27,1325.0
T18,2020-04-28,1381.0
T18,2020-04-29,1150.0
T18,2020-04-30,1089.0
T2,2009-05-01,27587.0
T2,2009-05-02,22090.0
T2,2009-05-03,16333.0
T2,2009-05-04,19452.0
T2,2009-05-05,19797.0
T2,2009-05-06,20198.0
T2,2009-05-07,21889.0
T2,2009-05-08,28386.0
T2,2009-05-09,20884.0
T2,2009-05-10,14262.0
T2,2009-05-11,17943.0
T2,2009-05-12,18309.0
T2,2009-05-13,19194.0
T2,2009-05-14,20963.0
T2,2009-05-15,27164.0
T2,2009-05-16,20521.0
T2,2009-05-17,15403.0
T2,2009-05-18,19112.0
T2,2009-05-19,18756.0
T2,2009-05-20,19924.0
T2,2009-05-21,20874.0
T2,2009-05-22,27514.0
T2,2009-05-23,21698.0
T2,2009-05-24,15331.0
T2,2009-05-25,17322.0
T2,2009-05-26,18911.0
T2,2009-05-27,18766.0
T2,2009-05-28,19307.0
T2,2009-05-29,25974.0
T2,2009-05-30,19416.0
T2,2009-05-31,15192.0
T2,2009-06-01,17525.0
T2,2009-06-02,19607.0
T2,2009-06-03,22245.0
T2,2009-06-04,23957.0
T2,2009-06-05,28172.0
T2,2009-06-06,21552.0
T2,2009-06-07,17638.0
T2,2009-06-08,13577.0
T2,2009-06-09,15466.0
T2,2009-06-10,16690.0
T2,2009-06-11,19220.0
T2,2009-06-12,25884.0
T2,2009-06-13,19052.0
T2,2009-06-14,14098.0
T2,2009-06-15,17503.0
T2,2009-06-16,17943.0
T2,2009-06-17,18424.0
T2,2009-06-18,21531.0
T2,2009-06-19,26962.0
T2,2009-06-20,19596.0
T2,2009-06-21,15157.0
T2,2009-06-22,18843.0
T2,2009-06-23,17423.0
T2,2009-06-24,20140.0
T2,2009-06-25,21821.0
T2,2009-06-26,26291.0
T2,2009-06-27,20320.0
T2,2009-06-28,15576.0
T2,2009-06-29,21028.0
T2,2009-06-30,19795.0
T2,2009-07-01,28358.0
T2,2009-07-02,28183.0
T2,2009-07-03,35808.0
T2,2009-07-04,27318.0
T2,2009-07-05,21625.0
T2,2009-07-06,27738.0
T2,2009-07-07,28119.0
T2,2009-07-08,29507.0
T2,2009-07-09,32322.0
T2,2009-07-10,37603.0
T2,2009-07-11,26002.0
T2,2009-07-12,20907.0
T2,2009-07-13,25115.0
T2,2009-07-14,25168.0
T2,2009-07-15,27093.0
T2,2009-07-16,28601.0
T2,2009-07-17,35388.0
T2,2009-07-18,27593.0
T2,2009-07-19,23428.0
T2,2009-07-20,29016.0
T2,2009-07-21,28454.0
T2,2009-07-22,25855.0
T2,2009-07-23,28354.0
T2,2009-07-24,35728.0
T2,2009-07-25,28950.0
T2,2009-07-26,21770.0
T2,2009-07-27,24284.0
T2,2009-07-28,25436.0
T2,2009-07-29,27029.0
T2,2009-07-30,29488.0
T2,2009-07-31,37450.0
T2,2009-08-01,29815.0
T2,2009-08-02,22753.0
T2,2009-08-03,26701.0
T2,2009-08-04,25375.0
T2,2009-08-05,28196.0
T2,2009-08-06,28694.0
T2,2009-08-07,36005.0
T2,2009-08-08,30787.0
T2,2009-08-09,23278.0
T2,2009-08-10,24724.0
T2,2009-08-11,24925.0
T2,2009-08-12,27065.0
T2,2009-08-13,29874.0
T2,2009-08-14,39959.0
T2,2009-08-15,29231.0
T2,2009-08-16,19851.0
T2,2009-08-17,25272.0
T2,2009-08-18,24825.0
T2,2009-08-19,27276.0
T2,2009-08-20,28348.0
T2,2009-08-21,33760.0
T2,2009-08-22,28467.0
T2,2009-08-23,21582.0
T2,2009-08-24,24590.0
T2,2009-08-25,23390.0
T2,2009-08-26,25647.0
T2,2009-08-27,29065.0
T2,2009-08-28,35622.0
T2,2009-08-29,27828.0
T2,2009-08-30,20990.0
T2,2009-08-31,23958.0
T2,2009-09-01,24542.0
T2,2009-09-02,26571.0
T2,2009-09-03,27476.0
T2,2009-09-04,33903.0
T2,2009-09-05,28817.0
T2,2009-09-06,18861.0
T2,2009-09-07,24676.0
T2,2009-09-08,24853.0
T2,2009-09-09,26436.0
T2,2009-09-10,28593.0
T2,2009-09-11,35144.0
T2,2009-09-12,28725.0
T2,2009-09-13,19284.0
T2,2009-09-14,25802.0
T2,2009-09-15,26874.0
T2,2009-09-16,27612.0
T2,2009-09-17,27455.0
T2,2009-09-18,37146.0
T2,2009-09-19,27684.0
T2,2009-09-20,20647.0
T2,2009-09-21,29833.0
T2,2009-09-22,28755.0
T2,2009-09-23,31032.0
T2,2009-09-24,32503.0
T2,2009-09-25,40261.0
T2,2009-09-26,22789.0
T2,2009-09-27,19477.0
T2,2009-09-28,28500.0
T2,2009-09-29,31310.0
T2,2009-09-30,31215.0
T2,2009-10-01,32957.0
T2,2009-10-02,37834.0
T2,2009-10-03,28284.0
T2,2009-10-04,21309.0
T2,2009-10-05,26315.0
T2,2009-10-06,25842.0
T2,2009-10-07,27271.0
T2,2009-10-08,28732.0
T2,2009-10-09,35975.0
T2,2009-10-10,29641.0
T2,2009-10-11,20707.0
T2,2009-10-12,25052.0
T2,2009-10-13,25036.0
T2,2009-10-14,27108.0
T2,2009-10-15,29195.0
T2,2009-10-16,36372.0
T2,2009-10-17,27279.0
T2,2009-10-18,21075.0
T2,2009-10-19,26547.0
T2,2009-10-20,25971.0
T2,2009-10-21,26544.0
T2,2009-10-22,29579.0
T2,2009-10-23,37873.0
T2,2009-10-24,28404.0
T2,2009-10-25,19945.0
T2,2009-10-26,25419.0
T2,2009-10-27,27388.0
T2,2009-10-28,26739.0
T2,2009-10-29,28190.0
T2,2009-10-30,34935.0
T2,2009-10-31,23393.0
T2,2009-11-01,21185.0
T2,2009-11-02,38038.0
T2,2009-11-03,13772.0
T2,2009-11-04,28770.0
T2,2009-11-05,27393.0
T2,2009-11-06,34671.0
T2,2009-11-07,28253.0
T2,2009-11-08,16879.0
T2,2009-11-09,23654.0
T2,2009-11-10,23790.0
T2,2009-11-11,27283.0
T2,2009-11-12,29430.0
T2,2009-11-13,36253.0
T2,2009-11-14,33749.0
T2,2009-11-15,21818.0
T2,2009-11-16,26512.0
T2,2009-11-17,26584.0
T2,2009-11-18,27314.0
T2,2009-11-19,27513.0
T2,2009-11-20,33996.0
T2,2009-11-21,27496.0
T2,2009-11-22,19360.0
T2,2009-11-23,26506.0
T2,2009-11-24,27289.0
T2,2009-11-25,27643.0
T2,2009-11-26,27561.0
T2,2009-11-27,37063.0
T2,2009-11-28,29100.0
T2,2009-11-29,23643.0
T2,2009-11-30,27363.0
T2,2009-12-01,28393.0
T2,2009-12-02,30954.0
T2,2009-12-03,32025.0
T2,2009-12-04,37730.0
T2,2009-12-05,30418.0
T2,2009-12-06,26533.0
T2,2009-12-07,28995.0
T2,2009-12-08,25865.0
T2,2009-12-09,33029.0
T2,2009-12-10,33712.0
T2,2009-12-11,39296.0
T2,2009-12-12,31909.0
T2,2009-12-13,27941.0
T2,2009-12-14,33906.0
T2,2009-12-15,33901.0
T2,2009-12-16,29874.0
T2,2009-12-17,36087.0
T2,2009-12-18,42449.0
T2,2009-12-19,33165.0
T2,2009-12-20,30141.0
T2,2009-12-21,41657.0
T2,2009-12-22,42772.0
T2,2009-12-23,40892.0
T2,2009-12-24,35615.0
T2,2009-12-25,7041.0
T2,2009-12-26,58315.0
T2,2009-12-27,29402.0
T2,2009-12-28,29459.0
T2,2009-12-29,32517.0
T2,2009-12-30,29064.0
T2,2009-12-31,29241.0
T2,2010-01-01,15560.0
T2,2010-01-02,25606.0
T2,2010-01-03,19833.0
T2,2010-01-04,27893.0
T2,2010-01-05,26154.0
T2,2010-01-06,29629.0
T2,2010-01-07,27722.0
T2,2010-01-08,28421.0
T2,2010-01-09,19487.0
T2,2010-01-10,16336.0
T2,2010-01-11,18477.0
T2,2010-01-12,21793.0
T2,2010-01-13,27812.0
T2,2010-01-14,28978.0
T2,2010-01-15,33086.0
T2,2010-01-16,22031.0
T2,2010-01-17,19931.0
T2,2010-01-18,25188.0
T2,2010-01-19,27354.0
T2,2010-01-20,29781.0
T2,2010-01-21,30069.0
T2,2010-01-22,32004.0
T2,2010-01-23,25473.0
T2,2010-01-24,21695.0
T2,2010-01-25,31897.0
T2,2010-01-26,18810.0
T2,2010-01-27,29012.0
T2,2010-01-28,28998.0
T2,2010-01-29,33049.0
T2,2010-01-30,22131.0
T2,2010-01-31,15814.0
T2,2010-02-01,24637.0
T2,2010-02-02,21862.0
T2,2010-02-03,22990.0
T2,2010-02-04,25220.0
T2,2010-02-05,31290.0
T2,2010-02-06,23642.0
T2,2010-02-07,16762.0
T2,2010-02-08,21952.0
T2,2010-02-09,22006.0
T2,2010-02-10,23729.0
T2,2010-02-11,26685.0
T2,2010-02-12,33963.0
T2,2010-02-13,28325.0
T2,2010-02-14,23677.0
T2,2010-02-15,26551.0
T2,2010-02-16,26336.0
T2,2010-02-17,26524.0
T2,2010-02-18,27399.0
T2,2010-02-19,31556.0
T2,2010-02-20,23902.0
T2,2010-02-21,18528.0
T2,2010-02-22,25552.0
T2,2010-02-23,26138.0
T2,2010-02-24,27768.0
T2,2010-02-25,29993.0
T2,2010-02-26,31126.0
T2,2010-02-27,25565.0
T2,2010-02-28,19196.0
T2,2010-03-01,25669.0
T2,2010-03-02,26147.0
T2,2010-03-03,26841.0
T2,2010-03-04,26643.0
T2,2010-03-05,32719.0
T2,2010-03-06,23689.0
T2,2010-03-07,20415.0
T2,2010-03-08,19450.0
T2,2010-03-09,25364.0
T2,2010-03-10,26440.0
T2,2010-03-11,27124.0
T2,2010-03-12,33447.0
T2,2010-03-13,27061.0
T2,2010-03-14,20457.0
T2,2010-03-15,24069.0
T2,2010-03-16,23919.0
T2,2010-03-17,25388.0
T2,2010-03-18,26603.0
T2,2010-03-19,33839.0
T2,2010-03-20,27052.0
T2,2010-03-21,21694.0
T2,2010-03-22,25495.0
T2,2010-03-23,25296.0
T2,2010-03-24,27259.0
T2,2010-03-25,28707.0
T2,2010-03-26,33964.0
T2,2010-03-27,27319.0
T2,2010-03-28,19707.0
T2,2010-03-29,28064.0
T2,2010-03-30,28756.0
T2,2010-03-31,30534.0
T2,2010-04-01,33340.0
T2,2010-04-02,10638.0
T2,2010-04-03,29389.0
T2,2010-04-04,13837.0
T2,2010-04-05,20454.0
T2,2010-04-06,27521.0
T2,2010-04-07,28096.0
T2,2010-04-08,32441.0
T2,2010-04-09,36509.0
T2,2010-04-10,26537.0
T2,2010-04-11,19220.0
T2,2010-04-12,25385.0
T2,2010-04-13,25533.0
T2,2010-04-14,28010.0
T2,2010-04-15,29298.0
T2,2010-04-16,37299.0
T2,2010-04-17,25989.0
T2,2010-04-18,19285.0
T2,2010-04-19,22689.0
T2,2010-04-20,23509.0
T2,2010-04-21,24696.0
T2,2010-04-22,26099.0
T2,2010-04-23,31346.0
T2,2010-04-24,28234.0
T2,2010-04-25,23529.0
T2,2010-04-26,19983.0
T2,2010-04-27,24115.0
T2,2010-04-28,25514.0
T2,2010-04-29,26717.0
T2,2010-04-30,33935.0
T2,2010-05-01,27271.0
T2,2010-05-02,20582.0
T2,2010-05-03,24892.0
T2,2010-05-04,22675.0
T2,2010-05-05,26102.0
T2,2010-05-06,29746.0
T2,2010-05-07,34961.0
T2,2010-05-08,26905.0
T2,2010-05-09,18475.0
T2,2010-05-10,22433.0
T2,2010-05-11,23023.0
T2,2010-05-12,24310.0
T2,2010-05-13,25844.0
T2,2010-05-14,33655.0
T2,2010-05-15,26130.0
T2,2010-05-16,20687.0
T2,2010-05-17,23399.0
T2,2010-05-18,24190.0
T2,2010-05-19,25406.0
T2,2010-05-20,27192.0
T2,2010-05-21,34478.0
T2,2010-05-22,29324.0
T2,2010-05-23,20589.0
T2,2010-05-24,25507.0
T2,2010-05-25,24529.0
T2,2010-05-26,25186.0
T2,2010-05-27,25691.0
T2,2010-05-28,33451.0
T2,2010-05-29,26075.0
T2,2010-05-30,19238.0
T2,2010-05-31,22313.0
T2,2010-06-01,24438.0
T2,2010-06-02,25118.0
T2,2010-06-03,26820.0
T2,2010-06-04,34841.0
T2,2010-06-05,27097.0
T2,2010-06-06,21986.0
T2,2010-06-07,26373.0
T2,2010-06-08,24085.0
T2,2010-06-09,23519.0
T2,2010-06-10,26135.0
T2,2010-06-11,35136.0
T2,2010-06-12,28139.0
T2,2010-06-13,23837.0
T2,2010-06-14,18790.0
T2,2010-06-15,21643.0
T2,2010-06-16,22425.0
T2,2010-06-17,24451.0
T2,2010-06-18,32532.0
T2,2010-06-19,26648.0
T2,2010-06-20,18616.0
T2,2010-06-21,22882.0
T2,2010-06-22,22691.0
T2,2010-06-23,23842.0
T2,2010-06-24,26039.0
T2,2010-06-25,30925.0
T2,2010-06-26,26415.0
T2,2010-06-27,20880.0
T2,2010-06-28,26075.0
T2,2010-06-29,25089.0
T2,2010-06-30,27806.0
T2,2010-07-01,29684.0
T2,2010-07-02,34107.0
T2,2010-07-03,26607.0
T2,2010-07-04,20673.0
T2,2010-07-05,27009.0
T2,2010-07-06,27835.0
T2,2010-07-07,27212.0
T2,2010-07-08,27908.0
T2,2010-07-09,32799.0
T2,2010-07-10,22786.0
T2,2010-07-11,19434.0
T2,2010-07-12,21834.0
T2,2010-07-13,22407.0
T2,2010-07-14,24773.0
T2,2010-07-15,25653.0
T2,2010-07-16,32104.0
T2,2010-07-17,25952.0
T2,2010-07-18,19109.0
T2,2010-07-19,23752.0
T2,2010-07-20,22641.0
T2,2010-07-21,24757.0
T2,2010-07-22,25658.0
T2,2010-07-23,32142.0
T2,2010-07-24,26933.0
T2,2010-07-25,20668.0
T2,2010-07-26,22799.0
T2,2010-07-27,22720.0
T2,2010-07-28,24454.0
T2,2010-07-29,26019.0
T2,2010-07-30,37059.0
T2,2010-07-31,29524.0
T2,2010-08-01,19520.0
T2,2010-08-02,23269.0
T2,2010-08-03,21746.0
T2,2010-08-04,23838.0
T2,2010-08-05,25710.0
T2,2010-08-06,32624.0
T2,2010-08-07,25396.0
T2,2010-08-08,21157.0
T2,2010-08-09,23496.0
T2,2010-08-10,21072.0
T2,2010-08-11,22250.0
T2,2010-08-12,25877.0
T2,2010-08-13,29166.0
T2,2010-08-14,25165.0
T2,2010-08-15,21120.0
T2,2010-08-16,22814.0
T2,2010-08-17,22317.0
T2,2010-08-18,22944.0
T2,2010-08-19,26194.0
T2,2010-08-20,33734.0
T2,2010-08-21,27052.0
T2,2010-08-22,20212.0
T2,2010-08-23,22317.0
T2,2010-08-24,21913.0
T2,2010-08-25,22748.0
T2,2010-08-26,25249.0
T2,2010-08-27,31752.0
T2,2010-08-28,25819.0
T2,2010-08-29,20004.0
T2,2010-08-30,22993.0
T2,2010-08-31,20602.0
T2,2010-09-01,22033.0
T2,2010-09-02,24773.0
T2,2010-09-03,31546.0
T2,2010-09-04,24151.0
T2,2010-09-05,18655.0
T2,2010-09-06,22378.0
T2,2010-09-07,22287.0
T2,2010-09-08,24683.0
T2,2010-09-09,25653.0
T2,2010-09-10,32612.0
T2,2010-09-11,26302.0
T2,2010-09-12,19852.0
T2,2010-09-13,22875.0
T2,2010-09-14,25070.0
T2,2010-09-15,25073.0
T2,2010-09-16,27021.0
T2,2010-09-17,32493.0
T2,2010-09-18,26176.0
T2,2010-09-19,20236.0
T2,2010-09-20,25656.0
T2,2010-09-21,25661.0
T2,2010-09-22,28263.0
T2,2010-09-23,29558.0
T2,2010-09-24,40536.0
T2,2010-09-25,22450.0
T2,2010-09-26,21850.0
T2,2010-09-27,25522.0
T2,2010-09-28,28091.0
T2,2010-09-29,30641.0
T2,2010-09-30,32326.0
T2,2010-10-01,38873.0
T2,2010-10-02,26361.0
T2,2010-10-03,22509.0
T2,2010-10-04,24900.0
T2,2010-10-05,24425.0
T2,2010-10-06,23755.0
T2,2010-10-07,28941.0
T2,2010-10-08,34542.0
T2,2010-10-09,28476.0
T2,2010-10-10,20864.0
T2,2010-10-11,24719.0
T2,2010-10-12,22544.0
T2,2010-10-13,22544.0
T2,2010-10-14,28010.0
T2,2010-10-15,28202.0
T2,2010-10-16,26077.0
T2,2010-10-17,20584.0
T2,2010-10-18,24716.0
T2,2010-10-19,24590.0
T2,2010-10-20,25704.0
T2,2010-10-21,29794.0
T2,2010-10-22,36206.0
T2,2010-10-23,25272.0
T2,2010-10-24,21711.0
T2,2010-10-25,25042.0
T2,2010-10-26,24160.0
T2,2010-10-27,26131.0
T2,2010-10-28,29528.0
T2,2010-10-29,38123.0
T2,2010-10-30,20075.0
T2,2010-10-31,22468.0
T2,2010-11-01,39381.0
T2,2010-11-02,14924.0
T2,2010-11-03,28386.0
T2,2010-11-04,27509.0
T2,2010-11-05,35060.0
T2,2010-11-06,30786.0
T2,2010-11-07,20063.0
T2,2010-11-08,24453.0
T2,2010-11-09,25950.0
T2,2010-11-10,26423.0
T2,2010-11-11,30201.0
T2,2010-11-12,34197.0
T2,2010-11-13,30449.0
T2,2010-11-14,23233.0
T2,2010-11-15,25299.0
T2,2010-11-16,26814.0
T2,2010-11-17,29835.0
T2,2010-11-18,28488.0
T2,2010-11-19,41571.0
T2,2010-11-20,33450.0
T2,2010-11-21,27807.0
T2,2010-11-22,29758.0
T2,2010-11-23,29930.0
T2,2010-11-24,29477.0
T2,2010-11-25,31886.0
T2,2010-11-26,38525.0
T2,2010-11-27,29670.0
T2,2010-11-28,25701.0
T2,2010-11-29,29580.0
T2,2010-11-30,30932.0
T2,2010-12-01,34166.0
T2,2010-12-02,37535.0
T2,2010-12-03,44100.0
T2,2010-12-04,38266.0
T2,2010-12-05,31613.0
T2,2010-12-06,33050.0
T2,2010-12-07,31408.0
T2,2010-12-08,29840.0
T2,2010-12-09,38484.0
T2,2010-12-10,44802.0
T2,2010-12-11,39372.0
T2,2010-12-12,31413.0
T2,2010-12-13,35764.0
T2,2010-12-14,38561.0
T2,2010-12-15,37805.0
T2,2010-12-16,43820.0
T2,2010-12-17,44983.0
T2,2010-12-18,37309.0
T2,2010-12-19,29773.0
T2,2010-12-20,42014.0
T2,2010-12-21,45687.0
T2,2010-12-22,51454.0
T2,2010-12-23,52746.0
T2,2010-12-24,44895.0
T2,2010-12-25,8582.0
T2,2010-12-26,61769.0
T2,2010-12-27,37222.0
T2,2010-12-28,37768.0
T2,2010-12-29,38605.0
T2,2010-12-30,37519.0
T2,2010-12-31,32102.0
T2,2011-01-01,19605.0
T2,2011-01-02,26313.0
T2,2011-01-03,24542.0
T2,2011-01-04,30060.0
T2,2011-01-05,31377.0
T2,2011-01-06,31022.0
T2,2011-01-07,32040.0
T2,2011-01-08,23293.0
T2,2011-01-09,21471.0
T2,2011-01-10,27259.0
T2,2011-01-11,28699.0
T2,2011-01-12,27608.0
T2,2011-01-13,27836.0
T2,2011-01-14,32552.0
T2,2011-01-15,27359.0
T2,2011-01-16,26330.0
T2,2011-01-17,28677.0
T2,2011-01-18,29461.0
T2,2011-01-19,32175.0
T2,2011-01-20,32315.0
T2,2011-01-21,36170.0
T2,2011-01-22,27763.0
T2,2011-01-23,21755.0
T2,2011-01-24,29384.0
T2,2011-01-25,30832.0
T2,2011-01-26,21130.0
T2,2011-01-27,31050.0
T2,2011-01-28,37055.0
T2,2011-01-29,27994.0
T2,2011-01-30,17226.0
T2,2011-01-31,24940.0
T2,2011-02-01,22444.0
T2,2011-02-02,26922.0
T2,2011-02-03,27546.0
T2,2011-02-04,29658.0
T2,2011-02-05,22226.0
T2,2011-02-06,21795.0
T2,2011-02-07,25315.0
T2,2011-02-08,25060.0
T2,2011-02-09,26596.0
T2,2011-02-10,26595.0
T2,2011-02-11,30718.0
T2,2011-02-12,26418.0
T2,2011-02-13,20076.0
T2,2011-02-14,27441.0
T2,2011-02-15,24708.0
T2,2011-02-16,26536.0
T2,2011-02-17,28315.0
T2,2011-02-18,33383.0
T2,2011-02-19,27002.0
T2,2011-02-20,20262.0
T2,2011-02-21,25631.0
T2,2011-02-22,25959.0
T2,2011-02-23,28039.0
T2,2011-02-24,29425.0
T2,2011-02-25,34781.0
T2,2011-02-26,27383.0
T2,2011-02-27,19490.0
T2,2011-02-28,25935.0
T2,2011-03-01,26011.0
T2,2011-03-02,27769.0
T2,2011-03-03,29346.0
T2,2011-03-04,34560.0
T2,2011-03-05,30509.0
T2,2011-03-06,22090.0
T2,2011-03-07,25629.0
T2,2011-03-08,26576.0
T2,2011-03-09,27734.0
T2,2011-03-10,29218.0
T2,2011-03-11,36903.0
T2,2011-03-12,31521.0
T2,2011-03-13,23844.0
T2,2011-03-14,24381.0
T2,2011-03-15,25520.0
T2,2011-03-16,27026.0
T2,2011-03-17,27628.0
T2,2011-03-18,34803.0
T2,2011-03-19,29880.0
T2,2011-03-20,22593.0
T2,2011-03-21,24818.0
T2,2011-03-22,25226.0
T2,2011-03-23,28930.0
T2,2011-03-24,30060.0
T2,2011-03-25,37867.0
T2,2011-03-26,30672.0
T2,2011-03-27,24024.0
T2,2011-03-28,29387.0
T2,2011-03-29,28030.0
T2,2011-03-30,29413.0
T2,2011-03-31,35256.0
T2,2011-04-01,41408.0
T2,2011-04-02,33755.0
T2,2011-04-03,25886.0
T2,2011-04-04,26043.0
T2,2011-04-05,29927.0
T2,2011-04-06,31389.0
T2,2011-04-07,32636.0
T2,2011-04-08,40772.0
T2,2011-04-09,32100.0
T2,2011-04-10,26276.0
T2,2011-04-11,32652.0
T2,2011-04-12,30265.0
T2,2011-04-13,34640.0
T2,2011-04-14,35542.0
T2,2011-04-15,47445.0
T2,2011-04-16,35826.0
T2,2011-04-17,26797.0
T2,2011-04-18,34141.0
T2,2011-04-19,35653.0
T2,2011-04-20,37523.0
T2,2011-04-21,41544.0
T2,2011-04-22,13177.0
T2,2011-04-23,38882.0
T2,2011-04-24,26755.0
T2,2011-04-25,27554.0
T2,2011-04-26,25514.0
T2,2011-04-27,30760.0
T2,2011-04-28,31641.0
T2,2011-04-29,36205.0
T2,2011-04-30,30211.0
T2,2011-05-01,21692.0
T2,2011-05-02,26484.0
T2,2011-05-03,28065.0
T2,2011-05-04,28774.0
T2,2011-05-05,30746.0
T2,2011-05-06,37464.0
T2,2011-05-07,31035.0
T2,2011-05-08,20461.0
T2,2011-05-09,27496.0
T2,2011-05-10,27122.0
T2,2011-05-11,26763.0
T2,2011-05-12,30099.0
T2,2011-05-13,38765.0
T2,2011-05-14,32161.0
T2,2011-05-15,23101.0
T2,2011-05-16,27615.0
T2,2011-05-17,28129.0
T2,2011-05-18,27666.0
T2,2011-05-19,31495.0
T2,2011-05-20,39455.0
T2,2011-05-21,31172.0
T2,2011-05-22,21889.0
T2,2011-05-23,27548.0
T2,2011-05-24,26710.0
T2,2011-05-25,28591.0
T2,2011-05-26,32325.0
T2,2011-05-27,38192.0
T2,2011-05-28,33421.0
T2,2011-05-29,23778.0
T2,2011-05-30,26654.0
T2,2011-05-31,26604.0
T2,2011-06-01,30148.0
T2,2011-06-02,31881.0
T2,2011-06-03,39354.0
T2,2011-06-04,33128.0
T2,2011-06-05,26224.0
T2,2011-06-06,27593.0
T2,2011-06-07,27103.0
T2,2011-06-08,29769.0
T2,2011-06-09,32167.0
T2,2011-06-10,42690.0
T2,2011-06-11,37727.0
T2,2011-06-12,32386.0
T2,2011-06-13,26250.0
T2,2011-06-14,29675.0
T2,2011-06-15,36274.0
T2,2011-06-16,34499.0
T2,2011-06-17,42245.0
T2,2011-06-18,37413.0
T2,2011-06-19,28772.0
T2,2011-06-20,25174.0
T2,2011-06-21,23760.0
T2,2011-06-22,27264.0
T2,2011-06-23,31933.0
T2,2011-06-24,40819.0
T2,2011-06-25,35299.0
T2,2011-06-26,26807.0
T2,2011-06-27,26012.0
T2,2011-06-28,26535.0
T2,2011-06-29,28494.0
T2,2011-06-30,31897.0
T2,2011-07-01,38822.0
T2,2011-07-02,34423.0
T2,2011-07-03,26078.0
T2,2011-07-04,30827.0
T2,2011-07-05,26967.0
T2,2011-07-06,30019.0
T2,2011-07-07,32832.0
T2,2011-07-08,38661.0
T2,2011-07-09,33300.0
T2,2011-07-10,22860.0
T2,2011-07-11,28978.0
T2,2011-07-12,28620.0
T2,2011-07-13,32152.0
T2,2011-07-14,32992.0
T2,2011-07-15,41502.0
T2,2011-07-16,32233.0
T2,2011-07-17,22897.0
T2,2011-07-18,25803.0
T2,2011-07-19,25222.0
T2,2011-07-20,25909.0
T2,2011-07-21,28214.0
T2,2011-07-22,36155.0
T2,2011-07-23,30175.0
T2,2011-07-24,22570.0
T2,2011-07-25,24694.0
T2,2011-07-26,25265.0
T2,2011-07-27,27003.0
T2,2011-07-28,28438.0
T2,2011-07-29,36468.0
T2,2011-07-30,30368.0
T2,2011-07-31,25792.0
T2,2011-08-01,24694.0
T2,2011-08-02,25160.0
T2,2011-08-03,26672.0
T2,2011-08-04,28538.0
T2,2011-08-05,34588.0
T2,2011-08-06,29149.0
T2,2011-08-07,21782.0
T2,2011-08-08,24604.0
T2,2011-08-09,23045.0
T2,2011-08-10,26114.0
T2,2011-08-11,27397.0
T2,2011-08-12,34277.0
T2,2011-08-13,27893.0
T2,2011-08-14,24005.0
T2,2011-08-15,23446.0
T2,2011-08-16,24074.0
T2,2011-08-17,24468.0
T2,2011-08-18,27774.0
T2,2011-08-19,35883.0
T2,2011-08-20,30762.0
T2,2011-08-21,23903.0
T2,2011-08-22,25636.0
T2,2011-08-23,26250.0
T2,2011-08-24,27245.0
T2,2011-08-25,28285.0
T2,2011-08-26,35060.0
T2,2011-08-27,30925.0
T2,2011-08-28,23096.0
T2,2011-08-29,37373.0
T2,2011-08-30,24849.0
T2,2011-08-31,25187.0
T2,2011-09-01,27536.0
T2,2011-09-02,36157.0
T2,2011-09-03,31196.0
T2,2011-09-04,20276.0
T2,2011-09-05,27348.0
T2,2011-09-06,23028.0
T2,2011-09-07,25667.0
T2,2011-09-08,28043.0
T2,2011-09-09,31978.0
T2,2011-09-10,28676.0
T2,2011-09-11,21074.0
T2,2011-09-12,23768.0
T2,2011-09-13,24777.0
T2,2011-09-14,24475.0
T2,2011-09-15,27933.0
T2,2011-09-16,35473.0
T2,2011-09-17,28151.0
T2,2011-09-18,23146.0
T2,2011-09-19,26826.0
T2,2011-09-20,25122.0
T2,2011-09-21,27720.0
T2,2011-09-22,30932.0
T2,2011-09-23,35711.0
T2,2011-09-24,27659.0
T2,2011-09-25,24193.0
T2,2011-09-26,30126.0
T2,2011-09-27,29517.0
T2,2011-09-28,25739.0
T2,2011-09-29,29671.0
T2,2011-09-30,38767.0
T2,2011-10-01,22364.0
T2,2011-10-02,21906.0
T2,2011-10-03,30158.0
T2,2011-10-04,31270.0
T2,2011-10-05,32596.0
T2,2011-10-06,34780.0
T2,2011-10-07,39493.0
T2,2011-10-08,30323.0
T2,2011-10-09,21416.0
T2,2011-10-10,25455.0
T2,2011-10-11,25479.0
T2,2011-10-12,29078.0
T2,2011-10-13,32437.0
T2,2011-10-14,38841.0
T2,2011-10-15,30047.0
T2,2011-10-16,22285.0
T2,2011-10-17,28191.0
T2,2011-10-18,27674.0
T2,2011-10-19,29192.0
T2,2011-10-20,30564.0
T2,2011-10-21,35520.0
T2,2011-10-22,29457.0
T2,2011-10-23,24831.0
T2,2011-10-24,24420.0
T2,2011-10-25,27002.0
T2,2011-10-26,31578.0
T2,2011-10-27,32289.0
T2,2011-10-28,38339.0
T2,2011-10-29,28293.0
T2,2011-10-30,23691.0
T2,2011-10-31,41223.0
T2,2011-11-01,16158.0
T2,2011-11-02,28787.0
T2,2011-11-03,29301.0
T2,2011-11-04,38371.0
T2,2011-11-05,29917.0
T2,2011-11-06,20375.0
T2,2011-11-07,28491.0
T2,2011-11-08,25830.0
T2,2011-11-09,27313.0
T2,2011-11-10,32265.0
T2,2011-11-11,42162.0
T2,2011-11-12,35903.0
T2,2011-11-13,24590.0
T2,2011-11-14,29996.0
T2,2011-11-15,30384.0
T2,2011-11-16,31898.0
T2,2011-11-17,35058.0
T2,2011-11-18,37898.0
T2,2011-11-19,32544.0
T2,2011-11-20,28364.0
T2,2011-11-21,30945.0
T2,2011-11-22,30342.0
T2,2011-11-23,31463.0
T2,2011-11-24,36855.0
T2,2011-11-25,40774.0
T2,2011-11-26,30094.0
T2,2011-11-27,28898.0
T2,2011-11-28,30564.0
T2,2011-11-29,29965.0
T2,2011-11-30,31642.0
T2,2011-12-01,38981.0
T2,2011-12-02,46809.0
T2,2011-12-03,39411.0
T2,2011-12-04,31813.0
T2,2011-12-05,33803.0
T2,2011-12-06,35274.0
T2,2011-12-07,38355.0
T2,2011-12-08,41255.0
T2,2011-12-09,42519.0
T2,2011-12-10,38549.0
T2,2011-12-11,32195.0
T2,2011-12-12,35220.0
T2,2011-12-13,35943.0
T2,2011-12-14,39273.0
T2,2011-12-15,43400.0
T2,2011-12-16,47684.0
T2,2011-12-17,40133.0
T2,2011-12-18,35153.0
T2,2011-12-19,40726.0
T2,2011-12-20,44548.0
T2,2011-12-21,47008.0
T2,2011-12-22,51789.0
T2,2011-12-23,54173.0
T2,2011-12-24,36236.0
T2,2011-12-25,8105.0
T2,2011-12-26,64363.0
T2,2011-12-27,38136.0
T2,2011-12-28,39171.0
T2,2011-12-29,37513.0
T2,2011-12-30,39398.0
T2,2011-12-31,30738.0
T2,2012-01-01,16946.0
T2,2012-01-02,18288.0
T2,2012-01-03,27305.0
T2,2012-01-04,31184.0
T2,2012-01-05,32576.0
T2,2012-01-06,34286.0
T2,2012-01-07,25200.0
T2,2012-01-08,19776.0
T2,2012-01-09,28463.0
T2,2012-01-10,27504.0
T2,2012-01-11,26432.0
T2,2012-01-12,30361.0
T2,2012-01-13,34266.0
T2,2012-01-14,24873.0
T2,2012-01-15,22723.0
T2,2012-01-16,28678.0
T2,2012-01-17,26482.0
T2,2012-01-18,31023.0
T2,2012-01-19,33784.0
T2,2012-01-20,36750.0
T2,2012-01-21,28444.0
T2,2012-01-22,22140.0
T2,2012-01-23,28857.0
T2,2012-01-24,28456.0
T2,2012-01-25,32277.0
T2,2012-01-26,22076.0
T2,2012-01-27,35865.0
T2,2012-01-28,26995.0
T2,2012-01-29,21032.0
T2,2012-01-30,26043.0
T2,2012-01-31,25697.0
T2,2012-02-01,27349.0
T2,2012-02-02,28870.0
T2,2012-02-03,32844.0
T2,2012-02-04,27744.0
T2,2012-02-05,20959.0
T2,2012-02-06,26094.0
T2,2012-02-07,25755.0
T2,2012-02-08,26774.0
T2,2012-02-09,28834.0
T2,2012-02-10,32996.0
T2,2012-02-11,26657.0
T2,2012-02-12,19687.0
T2,2012-02-13,27142.0
T2,2012-02-14,29008.0
T2,2012-02-15,26422.0
T2,2012-02-16,26927.0
T2,2012-02-17,35162.0
T2,2012-02-18,29110.0
T2,2012-02-19,23559.0
T2,2012-02-20,26713.0
T2,2012-02-21,27403.0
T2,2012-02-22,29228.0
T2,2012-02-23,31042.0
T2,2012-02-24,33627.0
T2,2012-02-25,24027.0
T2,2012-02-26,20233.0
T2,2012-02-27,25140.0
T2,2012-02-28,27103.0
T2,2012-02-29,29321.0
T2,2012-03-01,28795.0
T2,2012-03-02,36234.0
T2,2012-03-03,27867.0
T2,2012-03-04,22895.0
T2,2012-03-05,27468.0
T2,2012-03-06,26714.0
T2,2012-03-07,28757.0
T2,2012-03-08,29824.0
T2,2012-03-09,37517.0
T2,2012-03-10,31499.0
T2,2012-03-11,28344.0
T2,2012-03-12,25319.0
T2,2012-03-13,26543.0
T2,2012-03-14,28112.0
T2,2012-03-15,29047.0
T2,2012-03-16,35327.0
T2,2012-03-17,29658.0
T2,2012-03-18,22753.0
T2,2012-03-19,28046.0
T2,2012-03-20,26259.0
T2,2012-03-21,24154.0
T2,2012-03-22,30288.0
T2,2012-03-23,33152.0
T2,2012-03-24,26927.0
T2,2012-03-25,21419.0
T2,2012-03-26,25807.0
T2,2012-03-27,26139.0
T2,2012-03-28,28046.0
T2,2012-03-29,31554.0
T2,2012-03-30,37511.0
T2,2012-03-31,30114.0
T2,2012-04-01,22179.0
T2,2012-04-02,26618.0
T2,2012-04-03,29834.0
T2,2012-04-04,32667.0
T2,2012-04-05,36161.0
T2,2012-04-06,12953.0
T2,2012-04-07,33160.0
T2,2012-04-08,23358.0
T2,2012-04-09,21820.0
T2,2012-04-10,28896.0
T2,2012-04-11,31599.0
T2,2012-04-12,35182.0
T2,2012-04-13,40396.0
T2,2012-04-14,30975.0
T2,2012-04-15,21785.0
T2,2012-04-16,26618.0
T2,2012-04-17,27272.0
T2,2012-04-18,28621.0
T2,2012-04-19,29947.0
T2,2012-04-20,36046.0
T2,2012-04-21,29273.0
T2,2012-04-22,22077.0
T2,2012-04-23,23791.0
T2,2012-04-24,25675.0
T2,2012-04-25,18565.0
T2,2012-04-26,28067.0
T2,2012-04-27,33578.0
T2,2012-04-28,27136.0
T2,2012-04-29,21325.0
T2,2012-04-30,23518.0
T2,2012-05-01,23965.0
T2,2012-05-02,23283.0
T2,2012-05-03,26578.0
T2,2012-05-04,33452.0
T2,2012-05-05,26410.0
T2,2012-05-06,20473.0
T2,2012-05-07,24839.0
T2,2012-05-08,24373.0
T2,2012-05-09,28511.0
T2,2012-05-10,28318.0
T2,2012-05-11,33844.0
T2,2012-05-12,31478.0
T2,2012-05-13,25370.0
T2,2012-05-14,22760.0
T2,2012-05-15,24213.0
T2,2012-05-16,28066.0
T2,2012-05-17,27316.0
T2,2012-05-18,31969.0
T2,2012-05-19,29538.0
T2,2012-05-20,20513.0
T2,2012-05-21,25967.0
T2,2012-05-22,23955.0
T2,2012-05-23,23955.0
T2,2012-05-24,28528.0
T2,2012-05-25,29963.0
T2,2012-05-26,26960.0
T2,2012-05-27,19373.0
T2,2012-05-28,23844.0
T2,2012-05-29,23847.0
T2,2012-05-30,23392.0
T2,2012-05-31,27201.0
T2,2012-06-01,31681.0
T2,2012-06-02,25810.0
T2,2012-06-03,20413.0
T2,2012-06-04,21479.0
T2,2012-06-05,22805.0
T2,2012-06-06,25394.0
T2,2012-06-07,29519.0
T2,2012-06-08,35136.0
T2,2012-06-09,31558.0
T2,2012-06-10,27320.0
T2,2012-06-11,21342.0
T2,2012-06-12,23962.0
T2,2012-06-13,24798.0
T2,2012-06-14,26311.0
T2,2012-06-15,34690.0
T2,2012-06-16,28701.0
T2,2012-06-17,21620.0
T2,2012-06-18,23657.0
T2,2012-06-19,23843.0
T2,2012-06-20,23833.0
T2,2012-06-21,24690.0
T2,2012-06-22,32356.0
T2,2012-06-23,29172.0
T2,2012-06-24,24050.0
T2,2012-06-25,25438.0
T2,2012-06-26,25786.0
T2,2012-06-27,27413.0
T2,2012-06-28,30334.0
T2,2012-06-29,34769.0
T2,2012-06-30,32268.0
T2,2012-07-01,22223.0
T2,2012-07-02,26586.0
T2,2012-07-03,28074.0
T2,2012-07-04,30428.0
T2,2012-07-05,30219.0
T2,2012-07-06,36062.0
T2,2012-07-07,29966.0
T2,2012-07-08,22696.0
T2,2012-07-09,27148.0
T2,2012-07-10,25432.0
T2,2012-07-11,28664.0
T2,2012-07-12,29164.0
T2,2012-07-13,36261.0
T2,2012-07-14,28207.0
T2,2012-07-15,21151.0
T2,2012-07-16,23296.0
T2,2012-07-17,23208.0
T2,2012-07-18,22630.0
T2,2012-07-19,25906.0
T2,2012-07-20,32351.0
T2,2012-07-21,28325.0
T2,2012-07-22,21397.0
T2,2012-07-23,21947.0
T2,2012-07-24,22472.0
T2,2012-07-25,23118.0
T2,2012-07-26,24585.0
T2,2012-07-27,30846.0
T2,2012-07-28,28859.0
T2,2012-07-29,21715.0
T2,2012-07-30,21841.0
T2,2012-07-31,21096.0
T2,2012-08-01,22809.0
T2,2012-08-02,23600.0
T2,2012-08-03,32497.0
T2,2012-08-04,27579.0
T2,2012-08-05,21581.0
T2,2012-08-06,21835.0
T2,2012-08-07,22124.0
T2,2012-08-08,20007.0
T2,2012-08-09,22726.0
T2,2012-08-10,29736.0
T2,2012-08-11,27237.0
T2,2012-08-12,22077.0
T2,2012-08-13,22637.0
T2,2012-08-14,20480.0
T2,2012-08-15,22849.0
T2,2012-08-16,24666.0
T2,2012-08-17,31235.0
T2,2012-08-18,27205.0
T2,2012-08-19,22235.0
T2,2012-08-20,22538.0
T2,2012-08-21,22079.0
T2,2012-08-22,22238.0
T2,2012-08-23,24684.0
T2,2012-08-24,29624.0
T2,2012-08-25,26759.0
T2,2012-08-26,20968.0
T2,2012-08-27,22069.0
T2,2012-08-28,22171.0
T2,2012-08-29,22772.0
T2,2012-08-30,23133.0
T2,2012-08-31,31065.0
T2,2012-09-01,27358.0
T2,2012-09-02,20231.0
T2,2012-09-03,22585.0
T2,2012-09-04,23226.0
T2,2012-09-05,24150.0
T2,2012-09-06,24250.0
T2,2012-09-07,28926.0
T2,2012-09-08,26239.0
T2,2012-09-09,20496.0
T2,2012-09-10,21724.0
T2,2012-09-11,22864.0
T2,2012-09-12,22553.0
T2,2012-09-13,23903.0
T2,2012-09-14,29551.0
T2,2012-09-15,27076.0
T2,2012-09-16,20819.0
T2,2012-09-17,21909.0
T2,2012-09-18,20987.0
T2,2012-09-19,23585.0
T2,2012-09-20,25887.0
T2,2012-09-21,30804.0
T2,2012-09-22,28154.0
T2,2012-09-23,20642.0
T2,2012-09-24,25374.0
T2,2012-09-25,26799.0
T2,2012-09-26,29546.0
T2,2012-09-27,31648.0
T2,2012-09-28,34590.0
T2,2012-09-29,21887.0
T2,2012-09-30,21683.0
T2,2012-10-01,26558.0
T2,2012-10-02,25702.0
T2,2012-10-03,28386.0
T2,2012-10-04,29787.0
T2,2012-10-05,35180.0
T2,2012-10-06,24349.0
T2,2012-10-07,17904.0
T2,2012-10-08,21244.0
T2,2012-10-09,21652.0
T2,2012-10-10,21828.0
T2,2012-10-11,22406.0
T2,2012-10-12,29545.0
T2,2012-10-13,27485.0
T2,2012-10-14,21600.0
T2,2012-10-15,22058.0
T2,2012-10-16,21508.0
T2,2012-10-17,22818.0
T2,2012-10-18,26328.0
T2,2012-10-19,33096.0
T2,2012-10-20,27953.0
T2,2012-10-21,20607.0
T2,2012-10-22,23597.0
T2,2012-10-23,23003.0
T2,2012-10-24,23820.0
T2,2012-10-25,25414.0
T2,2012-10-26,30896.0
T2,2012-10-27,24673.0
T2,2012-10-28,21572.0
T2,2012-10-29,24488.0
T2,2012-10-30,23686.0
T2,2012-10-31,24246.0
T2,2012-11-01,23687.0
T2,2012-11-02,32431.0
T2,2012-11-03,25100.0
T2,2012-11-04,22788.0
T2,2012-11-05,36706.0
T2,2012-11-06,14624.0
T2,2012-11-07,27303.0
T2,2012-11-08,27016.0
T2,2012-11-09,32032.0
T2,2012-11-10,30275.0
T2,2012-11-11,22485.0
T2,2012-11-12,24645.0
T2,2012-11-13,26591.0
T2,2012-11-14,28174.0
T2,2012-11-15,28856.0
T2,2012-11-16,35554.0
T2,2012-11-17,30377.0
T2,2012-11-18,24941.0
T2,2012-11-19,27873.0
T2,2012-11-20,27715.0
T2,2012-11-21,28512.0
T2,2012-11-22,31038.0
T2,2012-11-23,37160.0
T2,2012-11-24,30329.0
T2,2012-11-25,25010.0
T2,2012-11-26,26863.0
T2,2012-11-27,24275.0
T2,2012-11-28,29713.0
T2,2012-11-29,26923.0
T2,2012-11-30,37708.0
T2,2012-12-01,33784.0
T2,2012-12-02,29707.0
T2,2012-12-03,29107.0
T2,2012-12-04,27723.0
T2,2012-12-05,30656.0
T2,2012-12-06,36063.0
T2,2012-12-07,42205.0
T2,2012-12-08,33383.0
T2,2012-12-09,33391.0
T2,2012-12-10,34041.0
T2,2012-12-11,35222.0
T2,2012-12-12,35183.0
T2,2012-12-13,34090.0
T2,2012-12-14,39738.0
T2,2012-12-15,41246.0
T2,2012-12-16,34388.0
T2,2012-12-17,37684.0
T2,2012-12-18,39814.0
T2,2012-12-19,39221.0
T2,2012-12-20,44214.0
T2,2012-12-21,51367.0
T2,2012-12-22,46419.0
T2,2012-12-23,35095.0
T2,2012-12-24,43942.0
T2,2012-12-25,14255.0
T2,2012-12-26,64390.0
T2,2012-12-27,37412.0
T2,2012-12-28,39795.0
T2,2012-12-29,31955.0
T2,2012-12-30,28762.0
T2,2012-12-31,34154.0
T2,2013-01-01,17611.0
T2,2013-01-02,31081.0
T2,2013-01-03,26480.0
T2,2013-01-04,22054.0
T2,2013-01-05,24731.0
T2,2013-01-06,20980.0
T2,2013-01-07,24994.0
T2,2013-01-08,26719.0
T2,2013-01-09,28399.0
T2,2013-01-10,29060.0
T2,2013-01-11,28941.0
T2,2013-01-12,26057.0
T2,2013-01-13,20528.0
T2,2013-01-14,27207.0
T2,2013-01-15,27789.0
T2,2013-01-16,28997.0
T2,2013-01-17,25631.0
T2,2013-01-18,32746.0
T2,2013-01-19,27501.0
T2,2013-01-20,22384.0
T2,2013-01-21,26750.0
T2,2013-01-22,27442.0
T2,2013-01-23,28789.0
T2,2013-01-24,22138.0
T2,2013-01-25,34089.0
T2,2013-01-26,26747.0
T2,2013-01-27,23073.0
T2,2013-01-28,20563.0
T2,2013-01-29,24480.0
T2,2013-01-30,24969.0
T2,2013-01-31,23781.0
T2,2013-02-01,29228.0
T2,2013-02-02,26413.0
T2,2013-02-03,19751.0
T2,2013-02-04,23328.0
T2,2013-02-05,22183.0
T2,2013-02-06,21569.0
T2,2013-02-07,24694.0
T2,2013-02-08,30499.0
T2,2013-02-09,24951.0
T2,2013-02-10,22872.0
T2,2013-02-11,23619.0
T2,2013-02-12,24117.0
T2,2013-02-13,25616.0
T2,2013-02-14,28584.0
T2,2013-02-15,29991.0
T2,2013-02-16,25088.0
T2,2013-02-17,18168.0
T2,2013-02-18,20759.0
T2,2013-02-19,22326.0
T2,2013-02-20,25129.0
T2,2013-02-21,24985.0
T2,2013-02-22,30275.0
T2,2013-02-23,29905.0
T2,2013-02-24,21488.0
T2,2013-02-25,22785.0
T2,2013-02-26,21706.0
T2,2013-02-27,24865.0
T2,2013-02-28,28088.0
T2,2013-03-01,30955.0
T2,2013-03-02,28833.0
T2,2013-03-03,21132.0
T2,2013-03-04,23731.0
T2,2013-03-05,22482.0
T2,2013-03-06,24428.0
T2,2013-03-07,25550.0
T2,2013-03-08,31432.0
T2,2013-03-09,27081.0
T2,2013-03-10,22259.0
T2,2013-03-11,19141.0
T2,2013-03-12,19504.0
T2,2013-03-13,23145.0
T2,2013-03-14,26006.0
T2,2013-03-15,32215.0
T2,2013-03-16,26826.0
T2,2013-03-17,19922.0
T2,2013-03-18,25227.0
T2,2013-03-19,24257.0
T2,2013-03-20,23950.0
T2,2013-03-21,25782.0
T2,2013-03-22,32981.0
T2,2013-03-23,28995.0
T2,2013-03-24,22641.0
T2,2013-03-25,24088.0
T2,2013-03-26,23746.0
T2,2013-03-27,24649.0
T2,2013-03-28,29900.0
T2,2013-03-29,14123.0
T2,2013-03-30,31976.0
T2,2013-03-31,22957.0
T2,2013-04-01,21888.0
T2,2013-04-02,25468.0
T2,2013-04-03,26880.0
T2,2013-04-04,29588.0
T2,2013-04-05,34218.0
T2,2013-04-06,28952.0
T2,2013-04-07,22295.0
T2,2013-04-08,25032.0
T2,2013-04-09,25606.0
T2,2013-04-10,27478.0
T2,2013-04-11,27147.0
T2,2013-04-12,34090.0
T2,2013-04-13,27761.0
T2,2013-04-14,20729.0
T2,2013-04-15,22550.0
T2,2013-04-16,24030.0
T2,2013-04-17,25182.0
T2,2013-04-18,25875.0
T2,2013-04-19,32937.0
T2,2013-04-20,29513.0
T2,2013-04-21,22826.0
T2,2013-04-22,21868.0
T2,2013-04-23,23646.0
T2,2013-04-24,28383.0
T2,2013-04-25,23816.0
T2,2013-04-26,33904.0
T2,2013-04-27,28080.0
T2,2013-04-28,19992.0
T2,2013-04-29,22306.0
T2,2013-04-30,22010.0
T2,2013-05-01,21829.0
T2,2013-05-02,25330.0
T2,2013-05-03,29868.0
T2,2013-05-04,24738.0
T2,2013-05-05,18900.0
T2,2013-05-06,21551.0
T2,2013-05-07,20877.0
T2,2013-05-08,22984.0
T2,2013-05-09,25440.0
T2,2013-05-10,31866.0
T2,2013-05-11,28258.0
T2,2013-05-12,19266.0
T2,2013-05-13,20191.0
T2,2013-05-14,20979.0
T2,2013-05-15,21463.0
T2,2013-05-16,23192.0
T2,2013-05-17,30118.0
T2,2013-05-18,27809.0
T2,2013-05-19,21675.0
T2,2013-05-20,20176.0
T2,2013-05-21,22279.0
T2,2013-05-22,21311.0
T2,2013-05-23,24290.0
T2,2013-05-24,31345.0
T2,2013-05-25,28296.0
T2,2013-05-26,19963.0
T2,2013-05-27,20871.0
T2,2013-05-28,21232.0
T2,2013-05-29,22393.0
T2,2013-05-30,22469.0
T2,2013-05-31,29285.0
T2,2013-06-01,24280.0
T2,2013-06-02,20184.0
T2,2013-06-03,21141.0
T2,2013-06-04,21574.0
T2,2013-06-05,22694.0
T2,2013-06-06,24832.0
T2,2013-06-07,31825.0
T2,2013-06-08,29841.0
T2,2013-06-09,25655.0
T2,2013-06-10,20921.0
T2,2013-06-11,20852.0
T2,2013-06-12,19448.0
T2,2013-06-13,22133.0
T2,2013-06-14,30474.0
T2,2013-06-15,27085.0
T2,2013-06-16,20050.0
T2,2013-06-17,20116.0
T2,2013-06-18,21590.0
T2,2013-06-19,22219.0
T2,2013-06-20,24771.0
T2,2013-06-21,29853.0
T2,2013-06-22,27347.0
T2,2013-06-23,20474.0
T2,2013-06-24,22533.0
T2,2013-06-25,24164.0
T2,2013-06-26,25326.0
T2,2013-06-27,26513.0
T2,2013-06-28,32996.0
T2,2013-06-29,30756.0
T2,2013-06-30,23734.0
T2,2013-07-01,24755.0
T2,2013-07-02,24910.0
T2,2013-07-03,27130.0
T2,2013-07-04,27561.0
T2,2013-07-05,34930.0
T2,2013-07-06,29760.0
T2,2013-07-07,24680.0
T2,2013-07-08,28508.0
T2,2013-07-09,26444.0
T2,2013-07-10,28161.0
T2,2013-07-11,29929.0
T2,2013-07-12,35962.0
T2,2013-07-13,28814.0
T2,2013-07-14,21572.0
T2,2013-07-15,23558.0
T2,2013-07-16,23957.0
T2,2013-07-17,25170.0
T2,2013-07-18,25515.0
T2,2013-07-19,30448.0
T2,2013-07-20,24371.0
T2,2013-07-21,20864.0
T2,2013-07-22,23261.0
T2,2013-07-23,24112.0
T2,2013-07-24,31208.0
T2,2013-07-25,29121.0
T2,2013-07-26,32387.0
T2,2013-07-27,30192.0
T2,2013-07-28,21536.0
T2,2013-07-29,22510.0
T2,2013-07-30,22085.0
T2,2013-07-31,23019.0
T2,2013-08-01,24020.0
T2,2013-08-02,28740.0
T2,2013-08-03,25841.0
T2,2013-08-04,21113.0
T2,2013-08-05,22480.0
T2,2013-08-06,21859.0
T2,2013-08-07,22356.0
T2,2013-08-08,25451.0
T2,2013-08-09,27613.0
T2,2013-08-10,28299.0
T2,2013-08-11,22753.0
T2,2013-08-12,21412.0
T2,2013-08-13,24008.0
T2,2013-08-14,23065.0
T2,2013-08-15,26433.0
T2,2013-08-16,32788.0
T2,2013-08-17,29985.0
T2,2013-08-18,20792.0
T2,2013-08-19,22433.0
T2,2013-08-20,21905.0
T2,2013-08-21,22708.0
T2,2013-08-22,24941.0
T2,2013-08-23,30360.0
T2,2013-08-24,28396.0
T2,2013-08-25,21263.0
T2,2013-08-26,24040.0
T2,2013-08-27,22459.0
T2,2013-08-28,23544.0
T2,2013-08-29,23813.0
T2,2013-08-30,29805.0
T2,2013-08-31,28271.0
T2,2013-09-01,21196.0
T2,2013-09-02,22844.0
T2,2013-09-03,22553.0
T2,2013-09-04,24459.0
T2,2013-09-05,24573.0
T2,2013-09-06,31386.0
T2,2013-09-07,26015.0
T2,2013-09-08,20937.0
T2,2013-09-09,19932.0
T2,2013-09-10,20559.0
T2,2013-09-11,21605.0
T2,2013-09-12,23819.0
T2,2013-09-13,29325.0
T2,2013-09-14,25351.0
T2,2013-09-15,20559.0
T2,2013-09-16,19449.0
T2,2013-09-17,22002.0
T2,2013-09-18,21444.0
T2,2013-09-19,24310.0
T2,2013-09-20,29503.0
T2,2013-09-21,27381.0
T2,2013-09-22,21648.0
T2,2013-09-23,25814.0
T2,2013-09-24,26734.0
T2,2013-09-25,29596.0
T2,2013-09-26,28514.0
T2,2013-09-27,40163.0
T2,2013-09-28,22619.0
T2,2013-09-29,23862.0
T2,2013-09-30,27677.0
T2,2013-10-01,18749.0
T2,2013-10-02,26716.0
T2,2013-10-03,30132.0
T2,2013-10-04,37474.0
T2,2013-10-05,26205.0
T2,2013-10-06,17893.0
T2,2013-10-07,21561.0
T2,2013-10-08,20132.0
T2,2013-10-09,21415.0
T2,2013-10-10,22917.0
T2,2013-10-11,32074.0
T2,2013-10-12,30485.0
T2,2013-10-13,18145.0
T2,2013-10-14,21291.0
T2,2013-10-15,23036.0
T2,2013-10-16,24149.0
T2,2013-10-17,25196.0
T2,2013-10-18,33526.0
T2,2013-10-19,27086.0
T2,2013-10-20,20261.0
T2,2013-10-21,16393.0
T2,2013-10-22,21235.0
T2,2013-10-23,21932.0
T2,2013-10-24,25233.0
T2,2013-10-25,31077.0
T2,2013-10-26,26568.0
T2,2013-10-27,20686.0
T2,2013-10-28,22869.0
T2,2013-10-29,23615.0
T2,2013-10-30,25075.0
T2,2013-10-31,27993.0
T2,2013-11-01,35171.0
T2,2013-11-02,25432.0
T2,2013-11-03,20972.0
T2,2013-11-04,38120.0
T2,2013-11-05,16544.0
T2,2013-11-06,27444.0
T2,2013-11-07,25608.0
T2,2013-11-08,29946.0
T2,2013-11-09,25715.0
T2,2013-11-10,20040.0
T2,2013-11-11,22782.0
T2,2013-11-12,21852.0
T2,2013-11-13,21754.0
T2,2013-11-14,28133.0
T2,2013-11-15,33797.0
T2,2013-11-16,31848.0
T2,2013-11-17,25232.0
T2,2013-11-18,27671.0
T2,2013-11-19,27811.0
T2,2013-11-20,27140.0
T2,2013-11-21,30643.0
T2,2013-11-22,35508.0
T2,2013-11-23,31086.0
T2,2013-11-24,24823.0
T2,2013-11-25,28811.0
T2,2013-11-26,28735.0
T2,2013-11-27,29061.0
T2,2013-11-28,26973.0
T2,2013-11-29,35879.0
T2,2013-11-30,35215.0
T2,2013-12-01,29727.0
T2,2013-12-02,27295.0
T2,2013-12-03,28731.0
T2,2013-12-04,27044.0
T2,2013-12-05,30981.0
T2,2013-12-06,41641.0
T2,2013-12-07,41398.0
T2,2013-12-08,32673.0
T2,2013-12-09,28847.0
T2,2013-12-10,30514.0
T2,2013-12-11,33155.0
T2,2013-12-12,39426.0
T2,2013-12-13,41818.0
T2,2013-12-14,44240.0
T2,2013-12-15,35121.0
T2,2013-12-16,36702.0
T2,2013-12-17,37873.0
T2,2013-12-18,40879.0
T2,2013-12-19,34708.0
T2,2013-12-20,46593.0
T2,2013-12-21,43630.0
T2,2013-12-22,39803.0
T2,2013-12-23,52461.0
T2,2013-12-24,47961.0
T2,2013-12-25,13219.0
T2,2013-12-26,64802.0
T2,2013-12-27,42967.0
T2,2013-12-28,29666.0
T2,2013-12-29,31155.0
T2,2013-12-30,35890.0
T2,2013-12-31,35334.0
T2,2014-01-01,17266.0
T2,2014-01-02,32276.0
T2,2014-01-03,33079.0
T2,2014-01-04,26095.0
T2,2014-01-05,20166.0
T2,2014-01-06,26879.0
T2,2014-01-07,27427.0
T2,2014-01-08,28866.0
T2,2014-01-09,28375.0
T2,2014-01-10,30373.0
T2,2014-01-11,26412.0
T2,2014-01-12,23098.0
T2,2014-01-13,25938.0
T2,2014-01-14,19950.0
T2,2014-01-15,22413.0
T2,2014-01-16,22472.0
T2,2014-01-17,25768.0
T2,2014-01-18,27556.0
T2,2014-01-19,23249.0
T2,2014-01-20,27022.0
T2,2014-01-21,28645.0
T2,2014-01-22,28499.0
T2,2014-01-23,28956.0
T2,2014-01-24,29937.0
T2,2014-01-25,28078.0
T2,2014-01-26,23324.0
T2,2014-01-27,15599.0
T2,2014-01-28,18821.0
T2,2014-01-29,25074.0
T2,2014-01-30,24060.0
T2,2014-01-31,29053.0
T2,2014-02-01,22957.0
T2,2014-02-02,17054.0
T2,2014-02-03,21004.0
T2,2014-02-04,22589.0
T2,2014-02-05,23124.0
T2,2014-02-06,23761.0
T2,2014-02-07,27510.0
T2,2014-02-08,21435.0
T2,2014-02-09,16933.0
T2,2014-02-10,23296.0
T2,2014-02-11,23304.0
T2,2014-02-12,24466.0
T2,2014-02-13,27057.0
T2,2014-02-14,33079.0
T2,2014-02-15,27934.0
T2,2014-02-16,22122.0
T2,2014-02-17,23610.0
T2,2014-02-18,23433.0
T2,2014-02-19,25375.0
T2,2014-02-20,26475.0
T2,2014-02-21,31790.0
T2,2014-02-22,47498.0
T2,2014-02-23,25591.0
T2,2014-02-24,25297.0
T2,2014-02-25,22974.0
T2,2014-02-26,24130.0
T2,2014-02-27,27981.0
T2,2014-02-28,31277.0
T2,2014-03-01,27731.0
T2,2014-03-02,22120.0
T2,2014-03-03,23629.0
T2,2014-03-04,23345.0
T2,2014-03-05,23955.0
T2,2014-03-06,26955.0
T2,2014-03-07,31737.0
T2,2014-03-08,29788.0
T2,2014-03-09,24228.0
T2,2014-03-10,20689.0
T2,2014-03-11,21572.0
T2,2014-03-12,25943.0
T2,2014-03-13,25728.0
T2,2014-03-14,31715.0
T2,2014-03-15,26206.0
T2,2014-03-16,21641.0
T2,2014-03-17,24587.0
T2,2014-03-18,23249.0
T2,2014-03-19,24103.0
T2,2014-03-20,25741.0
T2,2014-03-21,30868.0
T2,2014-03-22,28691.0
T2,2014-03-23,20741.0
T2,2014-03-24,22671.0
T2,2014-03-25,23423.0
T2,2014-03-26,23978.0
T2,2014-03-27,25753.0
T2,2014-03-28,34193.0
T2,2014-03-29,29173.0
T2,2014-03-30,21972.0
T2,2014-03-31,21534.0
T2,2014-04-01,20532.0
T2,2014-04-02,22432.0
T2,2014-04-03,25740.0
T2,2014-04-04,32741.0
T2,2014-04-05,35832.0
T2,2014-04-06,27769.0
T2,2014-04-07,29997.0
T2,2014-04-08,27329.0
T2,2014-04-09,28301.0
T2,2014-04-10,31208.0
T2,2014-04-11,37290.0
T2,2014-04-12,34055.0
T2,2014-04-13,27943.0
T2,2014-04-14,30211.0
T2,2014-04-15,31222.0
T2,2014-04-16,32226.0
T2,2014-04-17,37735.0
T2,2014-04-18,12804.0
T2,2014-04-19,37097.0
T2,2014-04-20,25048.0
T2,2014-04-21,24971.0
T2,2014-04-22,24294.0
T2,2014-04-23,28775.0
T2,2014-04-24,32160.0
T2,2014-04-25,29179.0
T2,2014-04-26,29879.0
T2,2014-04-27,22628.0
T2,2014-04-28,22049.0
T2,2014-04-29,20500.0
T2,2014-04-30,23078.0
T2,2014-05-01,25191.0
T2,2014-05-02,29472.0
T2,2014-05-03,27370.0
T2,2014-05-04,20427.0
T2,2014-05-05,21315.0
T2,2014-05-06,21876.0
T2,2014-05-07,22951.0
T2,2014-05-08,25066.0
T2,2014-05-09,30561.0
T2,2014-05-10,26144.0
T2,2014-05-11,22059.0
T2,2014-05-12,21247.0
T2,2014-05-13,21249.0
T2,2014-05-14,22085.0
T2,2014-05-15,25045.0
T2,2014-05-16,30765.0
T2,2014-05-17,29428.0
T2,2014-05-18,20958.0
T2,2014-05-19,20217.0
T2,2014-05-20,20416.0
T2,2014-05-21,23127.0
T2,2014-05-22,23895.0
T2,2014-05-23,29103.0
T2,2014-05-24,28564.0
T2,2014-05-25,21603.0
T2,2014-05-26,20828.0
T2,2014-05-27,20126.0
T2,2014-05-28,22039.0
T2,2014-05-29,23624.0
T2,2014-05-30,30472.0
T2,2014-05-31,28459.0
T2,2014-06-01,19020.0
T2,2014-06-02,20893.0
T2,2014-06-03,19464.0
T2,2014-06-04,22497.0
T2,2014-06-05,23928.0
T2,2014-06-06,31052.0
T2,2014-06-07,29160.0
T2,2014-06-08,26094.0
T2,2014-06-09,21525.0
T2,2014-06-10,20967.0
T2,2014-06-11,21636.0
T2,2014-06-12,23670.0
T2,2014-06-13,29916.0
T2,2014-06-14,26438.0
T2,2014-06-15,20455.0
T2,2014-06-16,20060.0
T2,2014-06-17,21830.0
T2,2014-06-18,22135.0
T2,2014-06-19,23998.0
T2,2014-06-20,30515.0
T2,2014-06-21,29215.0
T2,2014-06-22,22467.0
T2,2014-06-23,21454.0
T2,2014-06-24,18809.0
T2,2014-06-25,23137.0
T2,2014-06-26,25769.0
T2,2014-06-27,29006.0
T2,2014-06-28,25948.0
T2,2014-06-29,19038.0
T2,2014-06-30,25504.0
T2,2014-07-01,24214.0
T2,2014-07-02,28514.0
T2,2014-07-03,28329.0
T2,2014-07-04,32112.0
T2,2014-07-05,27394.0
T2,2014-07-06,22316.0
T2,2014-07-07,26534.0
T2,2014-07-08,26025.0
T2,2014-07-09,25054.0
T2,2014-07-10,28396.0
T2,2014-07-11,34160.0
T2,2014-07-12,27477.0
T2,2014-07-13,21957.0
T2,2014-07-14,21498.0
T2,2014-07-15,20697.0
T2,2014-07-16,21934.0
T2,2014-07-17,23349.0
T2,2014-07-18,28503.0
T2,2014-07-19,25811.0
T2,2014-07-20,19869.0
T2,2014-07-21,20456.0
T2,2014-07-22,20477.0
T2,2014-07-23,22929.0
T2,2014-07-24,24273.0
T2,2014-07-25,30005.0
T2,2014-07-26,29075.0
T2,2014-07-27,24065.0
T2,2014-07-28,21923.0
T2,2014-07-29,20800.0
T2,2014-07-30,23149.0
T2,2014-07-31,21907.0
T2,2014-08-01,25082.0
T2,2014-08-02,27366.0
T2,2014-08-03,21504.0
T2,2014-08-04,21807.0
T2,2014-08-05,21213.0
T2,2014-08-06,21786.0
T2,2014-08-07,22512.0
T2,2014-08-08,28948.0
T2,2014-08-09,26234.0
T2,2014-08-10,20143.0
T2,2014-08-11,19589.0
T2,2014-08-12,20013.0
T2,2014-08-13,21775.0
T2,2014-08-14,22754.0
T2,2014-08-15,29720.0
T2,2014-08-16,27192.0
T2,2014-08-17,21027.0
T2,2014-08-18,19558.0
T2,2014-08-19,19377.0
T2,2014-08-20,20829.0
T2,2014-08-21,23340.0
T2,2014-08-22,29401.0
T2,2014-08-23,29029.0
T2,2014-08-24,19236.0
T2,2014-08-25,19900.0
T2,2014-08-26,21405.0
T2,2014-08-27,22640.0
T2,2014-08-28,23408.0
T2,2014-08-29,28557.0
T2,2014-08-30,25297.0
T2,2014-08-31,21115.0
T2,2014-09-01,18082.0
T2,2014-09-02,20278.0
T2,2014-09-03,21190.0
T2,2014-09-04,23646.0
T2,2014-09-05,28673.0
T2,2014-09-06,27671.0
T2,2014-09-07,18780.0
T2,2014-09-08,20758.0
T2,2014-09-09,19025.0
T2,2014-09-10,22396.0
T2,2014-09-11,21771.0
T2,2014-09-12,27842.0
T2,2014-09-13,25806.0
T2,2014-09-14,20516.0
T2,2014-09-15,20560.0
T2,2014-09-16,19580.0
T2,2014-09-17,21558.0
T2,2014-09-18,23215.0
T2,2014-09-19,28967.0
T2,2014-09-20,26859.0
T2,2014-09-21,21135.0
T2,2014-09-22,26178.0
T2,2014-09-23,26718.0
T2,2014-09-24,26068.0
T2,2014-09-25,27970.0
T2,2014-09-26,37057.0
T2,2014-09-27,24222.0
T2,2014-09-28,22497.0
T2,2014-09-29,28374.0
T2,2014-09-30,24519.0
T2,2014-10-01,27361.0
T2,2014-10-02,28839.0
T2,2014-10-03,33371.0
T2,2014-10-04,27786.0
T2,2014-10-05,20678.0
T2,2014-10-06,21043.0
T2,2014-10-07,21651.0
T2,2014-10-08,22526.0
T2,2014-10-09,25707.0
T2,2014-10-10,30673.0
T2,2014-10-11,27760.0
T2,2014-10-12,20512.0
T2,2014-10-13,19865.0
T2,2014-10-14,21644.0
T2,2014-10-15,24816.0
T2,2014-10-16,26999.0
T2,2014-10-17,31252.0
T2,2014-10-18,25825.0
T2,2014-10-19,19462.0
T2,2014-10-20,26761.0
T2,2014-10-21,24900.0
T2,2014-10-22,24747.0
T2,2014-10-23,26172.0
T2,2014-10-24,32383.0
T2,2014-10-25,27857.0
T2,2014-10-26,20823.0
T2,2014-10-27,20142.0
T2,2014-10-28,21995.0
T2,2014-10-29,24508.0
T2,2014-10-30,28132.0
T2,2014-10-31,33160.0
T2,2014-11-01,22305.0
T2,2014-11-02,22236.0
T2,2014-11-03,38863.0
T2,2014-11-04,16088.0
T2,2014-11-05,26849.0
T2,2014-11-06,25299.0
T2,2014-11-07,31247.0
T2,2014-11-08,24116.0
T2,2014-11-09,21267.0
T2,2014-11-10,23491.0
T2,2014-11-11,24441.0
T2,2014-11-12,26154.0
T2,2014-11-13,28182.0
T2,2014-11-14,33712.0
T2,2014-11-15,33562.0
T2,2014-11-16,23131.0
T2,2014-11-17,26225.0
T2,2014-11-18,28903.0
T2,2014-11-19,30239.0
T2,2014-11-20,28394.0
T2,2014-11-21,35598.0
T2,2014-11-22,30340.0
T2,2014-11-23,26154.0
T2,2014-11-24,22437.0
T2,2014-11-25,27298.0
T2,2014-11-26,26829.0
T2,2014-11-27,30711.0
T2,2014-11-28,37787.0
T2,2014-11-29,34676.0
T2,2014-11-30,25901.0
T2,2014-12-01,27266.0
T2,2014-12-02,29560.0
T2,2014-12-03,29494.0
T2,2014-12-04,35119.0
T2,2014-12-05,38850.0
T2,2014-12-06,39266.0
T2,2014-12-07,30028.0
T2,2014-12-08,32888.0
T2,2014-12-09,32454.0
T2,2014-12-10,34474.0
T2,2014-12-11,35211.0
T2,2014-12-12,42256.0
T2,2014-12-13,40219.0
T2,2014-12-14,34016.0
T2,2014-12-15,33699.0
T2,2014-12-16,34482.0
T2,2014-12-17,40011.0
T2,2014-12-18,37885.0
T2,2014-12-19,46692.0
T2,2014-12-20,46113.0
T2,2014-12-21,37945.0
T2,2014-12-22,50268.0
T2,2014-12-23,49219.0
T2,2014-12-24,44942.0
T2,2014-12-25,14003.0
T2,2014-12-26,62457.0
T2,2014-12-27,37604.0
T2,2014-12-28,29228.0
T2,2014-12-29,32086.0
T2,2014-12-30,33507.0
T2,2014-12-31,34731.0
T2,2015-01-01,19846.0
T2,2015-01-02,25348.0
T2,2015-01-03,17713.0
T2,2015-01-04,24243.0
T2,2015-01-05,28485.0
T2,2015-01-06,26470.0
T2,2015-01-07,23222.0
T2,2015-01-08,27248.0
T2,2015-01-09,28905.0
T2,2015-01-10,24359.0
T2,2015-01-11,20848.0
T2,2015-01-12,24356.0
T2,2015-01-13,21809.0
T2,2015-01-14,25882.0
T2,2015-01-15,28060.0
T2,2015-01-16,32253.0
T2,2015-01-17,26459.0
T2,2015-01-18,23300.0
T2,2015-01-19,25862.0
T2,2015-01-20,26072.0
T2,2015-01-21,27572.0
T2,2015-01-22,27410.0
T2,2015-01-23,32920.0
T2,2015-01-24,27351.0
T2,2015-01-25,24139.0
T2,2015-01-26,22155.0
T2,2015-01-27,24174.0
T2,2015-01-28,26266.0
T2,2015-01-29,27325.0
T2,2015-01-30,29070.0
T2,2015-01-31,24785.0
T2,2015-02-01,18449.0
T2,2015-02-02,21927.0
T2,2015-02-03,22087.0
T2,2015-02-04,22923.0
T2,2015-02-05,25407.0
T2,2015-02-06,28189.0
T2,2015-02-07,23328.0
T2,2015-02-08,19027.0
T2,2015-02-09,22865.0
T2,2015-02-10,22079.0
T2,2015-02-11,22601.0
T2,2015-02-12,26261.0
T2,2015-02-13,29686.0
T2,2015-02-14,31070.0
T2,2015-02-15,22623.0
T2,2015-02-16,23895.0
T2,2015-02-17,23288.0
T2,2015-02-18,25070.0
T2,2015-02-19,27088.0
T2,2015-02-20,30811.0
T2,2015-02-21,36977.0
T2,2015-02-22,21719.0
T2,2015-02-23,22938.0
T2,2015-02-24,25215.0
T2,2015-02-25,24607.0
T2,2015-02-26,26693.0
T2,2015-02-27,31228.0
T2,2015-02-28,27224.0
T2,2015-03-01,22989.0
T2,2015-03-02,24208.0
T2,2015-03-03,23935.0
T2,2015-03-04,24165.0
T2,2015-03-05,25514.0
T2,2015-03-06,29860.0
T2,2015-03-07,29647.0
T2,2015-03-08,27957.0
T2,2015-03-09,23575.0
T2,2015-03-10,22329.0
T2,2015-03-11,23641.0
T2,2015-03-12,25329.0
T2,2015-03-13,31515.0
T2,2015-03-14,26742.0
T2,2015-03-15,21281.0
T2,2015-03-16,24152.0
T2,2015-03-17,22072.0
T2,2015-03-18,23336.0
T2,2015-03-19,24020.0
T2,2015-03-20,30666.0
T2,2015-03-21,29380.0
T2,2015-03-22,21117.0
T2,2015-03-23,21356.0
T2,2015-03-24,22952.0
T2,2015-03-25,25977.0
T2,2015-03-26,25397.0
T2,2015-03-27,31945.0
T2,2015-03-28,31500.0
T2,2015-03-29,25054.0
T2,2015-03-30,28699.0
T2,2015-03-31,27195.0
T2,2015-04-01,27373.0
T2,2015-04-02,32189.0
T2,2015-04-03,14771.0
T2,2015-04-04,34586.0
T2,2015-04-05,23831.0
T2,2015-04-06,23379.0
T2,2015-04-07,24317.0
T2,2015-04-08,29393.0
T2,2015-04-09,31027.0
T2,2015-04-10,36305.0
T2,2015-04-11,29552.0
T2,2015-04-12,21179.0
T2,2015-04-13,23426.0
T2,2015-04-14,23027.0
T2,2015-04-15,23778.0
T2,2015-04-16,26939.0
T2,2015-04-17,30582.0
T2,2015-04-18,28725.0
T2,2015-04-19,19393.0
T2,2015-04-20,21932.0
T2,2015-04-21,21686.0
T2,2015-04-22,22137.0
T2,2015-04-23,25149.0
T2,2015-04-24,30473.0
T2,2015-04-25,26505.0
T2,2015-04-26,21432.0
T2,2015-04-27,20902.0
T2,2015-04-28,20481.0
T2,2015-04-29,23260.0
T2,2015-04-30,24941.0
T2,2015-05-01,31871.0
T2,2015-05-02,28066.0
T2,2015-05-03,20579.0
T2,2015-05-04,20976.0
T2,2015-05-05,19065.0
T2,2015-05-06,21696.0
T2,2015-05-07,23150.0
T2,2015-05-08,29961.0
T2,2015-05-09,26692.0
T2,2015-05-10,18214.0
T2,2015-05-11,19657.0
T2,2015-05-12,19352.0
T2,2015-05-13,19933.0
T2,2015-05-14,23431.0
T2,2015-05-15,28845.0
T2,2015-05-16,28015.0
T2,2015-05-17,21614.0
T2,2015-05-18,21398.0
T2,2015-05-19,19004.0
T2,2015-05-20,21501.0
T2,2015-05-21,22374.0
T2,2015-05-22,29131.0
T2,2015-05-23,28708.0
T2,2015-05-24,20784.0
T2,2015-05-25,20444.0
T2,2015-05-26,19030.0
T2,2015-05-27,21157.0
T2,2015-05-28,23455.0
T2,2015-05-29,28536.0
T2,2015-05-30,26854.0
T2,2015-05-31,18351.0
T2,2015-06-01,19699.0
T2,2015-06-02,19825.0
T2,2015-06-03,21595.0
T2,2015-06-04,20758.0
T2,2015-06-05,29522.0
T2,2015-06-06,29210.0
T2,2015-06-07,25135.0
T2,2015-06-08,20563.0
T2,2015-06-09,19908.0
T2,2015-06-10,20821.0
T2,2015-06-11,22814.0
T2,2015-06-12,27855.0
T2,2015-06-13,26265.0
T2,2015-06-14,19576.0
T2,2015-06-15,20494.0
T2,2015-06-16,20722.0
T2,2015-06-17,25331.0
T2,2015-06-18,25192.0
T2,2015-06-19,29361.0
T2,2015-06-20,26920.0
T2,2015-06-21,20724.0
T2,2015-06-22,20539.0
T2,2015-06-23,21590.0
T2,2015-06-24,23257.0
T2,2015-06-25,25128.0
T2,2015-06-26,28502.0
T2,2015-06-27,26589.0
T2,2015-06-28,21913.0
T2,2015-06-29,24709.0
T2,2015-06-30,25308.0
T2,2015-07-01,25842.0
T2,2015-07-02,25815.0
T2,2015-07-03,31424.0
T2,2015-07-04,24875.0
T2,2015-07-05,21819.0
T2,2015-07-06,22596.0
T2,2015-07-07,24453.0
T2,2015-07-08,26020.0
T2,2015-07-09,27720.0
T2,2015-07-10,31948.0
T2,2015-07-11,23286.0
T2,2015-07-12,13673.0
T2,2015-07-13,19855.0
T2,2015-07-14,18400.0
T2,2015-07-15,21132.0
T2,2015-07-16,24552.0
T2,2015-07-17,29269.0
T2,2015-07-18,29826.0
T2,2015-07-19,22457.0
T2,2015-07-20,23045.0
T2,2015-07-21,22315.0
T2,2015-07-22,23032.0
T2,2015-07-23,28745.0
T2,2015-07-24,34689.0
T2,2015-07-25,29994.0
T2,2015-07-26,20743.0
T2,2015-07-27,21031.0
T2,2015-07-28,20713.0
T2,2015-07-29,23342.0
T2,2015-07-30,21240.0
T2,2015-07-31,29589.0
T2,2015-08-01,26009.0
T2,2015-08-02,21081.0
T2,2015-08-03,20013.0
T2,2015-08-04,20088.0
T2,2015-08-05,21150.0
T2,2015-08-06,22642.0
T2,2015-08-07,28992.0
T2,2015-08-08,28295.0
T2,2015-08-09,21808.0
T2,2015-08-10,21624.0
T2,2015-08-11,21252.0
T2,2015-08-12,22331.0
T2,2015-08-13,23352.0
T2,2015-08-14,29593.0
T2,2015-08-15,29007.0
T2,2015-08-16,22291.0
T2,2015-08-17,19848.0
T2,2015-08-18,20222.0
T2,2015-08-19,22047.0
T2,2015-08-20,24194.0
T2,2015-08-21,30377.0
T2,2015-08-22,29138.0
T2,2015-08-23,20727.0
T2,2015-08-24,21095.0
T2,2015-08-25,20897.0
T2,2015-08-26,22702.0
T2,2015-08-27,20589.0
T2,2015-08-28,33171.0
T2,2015-08-29,26286.0
T2,2015-08-30,21915.0
T2,2015-08-31,20726.0
T2,2015-09-01,21916.0
T2,2015-09-02,21904.0
T2,2015-09-03,22892.0
T2,2015-09-04,27782.0
T2,2015-09-05,26329.0
T2,2015-09-06,18418.0
T2,2015-09-07,20085.0
T2,2015-09-08,20029.0
T2,2015-09-09,21142.0
T2,2015-09-10,24584.0
T2,2015-09-11,29772.0
T2,2015-09-12,27404.0
T2,2015-09-13,23302.0
T2,2015-09-14,22373.0
T2,2015-09-15,20303.0
T2,2015-09-16,22976.0
T2,2015-09-17,22798.0
T2,2015-09-18,29574.0
T2,2015-09-19,27364.0
T2,2015-09-20,22536.0
T2,2015-09-21,22984.0
T2,2015-09-22,23879.0
T2,2015-09-23,26860.0
T2,2015-09-24,29216.0
T2,2015-09-25,35236.0
T2,2015-09-26,30406.0
T2,2015-09-27,24513.0
T2,2015-09-28,27935.0
T2,2015-09-29,27683.0
T2,2015-09-30,29551.0
T2,2015-10-01,34868.0
T2,2015-10-02,33268.0
T2,2015-10-03,23349.0
T2,2015-10-04,21429.0
T2,2015-10-05,24584.0
T2,2015-10-06,21306.0
T2,2015-10-07,25362.0
T2,2015-10-08,27458.0
T2,2015-10-09,30157.0
T2,2015-10-10,27908.0
T2,2015-10-11,22649.0
T2,2015-10-12,21005.0
T2,2015-10-13,23455.0
T2,2015-10-14,24230.0
T2,2015-10-15,25942.0
T2,2015-10-16,29927.0
T2,2015-10-17,29303.0
T2,2015-10-18,21935.0
T2,2015-10-19,24369.0
T2,2015-10-20,23299.0
T2,2015-10-21,21881.0
T2,2015-10-22,24862.0
T2,2015-10-23,31601.0
T2,2015-10-24,28912.0
T2,2015-10-25,22200.0
T2,2015-10-26,22046.0
T2,2015-10-27,25517.0
T2,2015-10-28,25971.0
T2,2015-10-29,29156.0
T2,2015-10-30,34321.0
T2,2015-10-31,24584.0
T2,2015-11-01,22683.0
T2,2015-11-02,37984.0
T2,2015-11-03,18535.0
T2,2015-11-04,26785.0
T2,2015-11-05,23865.0
T2,2015-11-06,29933.0
T2,2015-11-07,29032.0
T2,2015-11-08,22363.0
T2,2015-11-09,23679.0
T2,2015-11-10,23752.0
T2,2015-11-11,26275.0
T2,2015-11-12,28465.0
T2,2015-11-13,34474.0
T2,2015-11-14,29681.0
T2,2015-11-15,24166.0
T2,2015-11-16,27323.0
T2,2015-11-17,26057.0
T2,2015-11-18,28913.0
T2,2015-11-19,30876.0
T2,2015-11-20,32188.0
T2,2015-11-21,30869.0
T2,2015-11-22,25558.0
T2,2015-11-23,28480.0
T2,2015-11-24,27813.0
T2,2015-11-25,26865.0
T2,2015-11-26,28865.0
T2,2015-11-27,37947.0
T2,2015-11-28,38107.0
T2,2015-11-29,30387.0
T2,2015-11-30,28739.0
T2,2015-12-01,29936.0
T2,2015-12-02,31306.0
T2,2015-12-03,34621.0
T2,2015-12-04,41612.0
T2,2015-12-05,43374.0
T2,2015-12-06,37432.0
T2,2015-12-07,33705.0
T2,2015-12-08,31346.0
T2,2015-12-09,35979.0
T2,2015-12-10,40059.0
T2,2015-12-11,41903.0
T2,2015-12-12,45070.0
T2,2015-12-13,36753.0
T2,2015-12-14,36472.0
T2,2015-12-15,37356.0
T2,2015-12-16,39919.0
T2,2015-12-17,37778.0
T2,2015-12-18,39559.0
T2,2015-12-19,30607.0
T2,2015-12-20,29902.0
T2,2015-12-21,50378.0
T2,2015-12-22,49465.0
T2,2015-12-23,53930.0
T2,2015-12-24,42080.0
T2,2015-12-25,11387.0
T2,2015-12-26,62412.0
T2,2015-12-27,38514.0
T2,2015-12-28,37012.0
T2,2015-12-29,36126.0
T2,2015-12-30,32336.0
T2,2015-12-31,29558.0
T2,2016-01-01,19590.0
T2,2016-01-02,28053.0
T2,2016-01-03,23485.0
T2,2016-01-04,28511.0
T2,2016-01-05,28732.0
T2,2016-01-06,29173.0
T2,2016-01-07,29880.0
T2,2016-01-08,31484.0
T2,2016-01-09,26043.0
T2,2016-01-10,18690.0
T2,2016-01-11,23230.0
T2,2016-01-12,25627.0
T2,2016-01-13,19895.0
T2,2016-01-14,26648.0
T2,2016-01-15,30363.0
T2,2016-01-16,25675.0
T2,2016-01-17,19710.0
T2,2016-01-18,23110.0
T2,2016-01-19,24835.0
T2,2016-01-20,26759.0
T2,2016-01-21,29183.0
T2,2016-01-22,29504.0
T2,2016-01-23,26559.0
T2,2016-01-24,22646.0
T2,2016-01-25,29004.0
T2,2016-01-26,22192.0
T2,2016-01-27,24670.0
T2,2016-01-28,25303.0
T2,2016-01-29,27738.0
T2,2016-01-30,25793.0
T2,2016-01-31,20468.0
T2,2016-02-01,22980.0
T2,2016-02-02,21121.0
T2,2016-02-03,21211.0
T2,2016-02-04,24232.0
T2,2016-02-05,27872.0
T2,2016-02-06,23707.0
T2,2016-02-07,18682.0
T2,2016-02-08,23765.0
T2,2016-02-09,22772.0
T2,2016-02-10,24168.0
T2,2016-02-11,26015.0
T2,2016-02-12,30387.0
T2,2016-02-13,27481.0
T2,2016-02-14,23928.0
T2,2016-02-15,24173.0
T2,2016-02-16,22274.0
T2,2016-02-17,23939.0
T2,2016-02-18,25412.0
T2,2016-02-19,28364.0
T2,2016-02-20,36328.0
T2,2016-02-21,19812.0
T2,2016-02-22,22893.0
T2,2016-02-23,20157.0
T2,2016-02-24,23321.0
T2,2016-02-25,25535.0
T2,2016-02-26,30382.0
T2,2016-02-27,27115.0
T2,2016-02-28,22227.0
T2,2016-02-29,22067.0
T2,2016-03-01,21069.0
T2,2016-03-02,21665.0
T2,2016-03-03,24542.0
T2,2016-03-04,26935.0
T2,2016-03-05,25792.0
T2,2016-03-06,19936.0
T2,2016-03-07,22459.0
T2,2016-03-08,19236.0
T2,2016-03-09,22379.0
T2,2016-03-10,23043.0
T2,2016-03-11,30821.0
T2,2016-03-12,27929.0
T2,2016-03-13,24808.0
T2,2016-03-14,21058.0
T2,2016-03-15,22507.0
T2,2016-03-16,23200.0
T2,2016-03-17,24145.0
T2,2016-03-18,27930.0
T2,2016-03-19,26248.0
T2,2016-03-20,21150.0
T2,2016-03-21,24717.0
T2,2016-03-22,23692.0
T2,2016-03-23,25103.0
T2,2016-03-24,29333.0
T2,2016-03-25,14397.0
T2,2016-03-26,32487.0
T2,2016-03-27,24307.0
T2,2016-03-28,22488.0
T2,2016-03-29,26233.0
T2,2016-03-30,27198.0
T2,2016-03-31,30068.0
T2,2016-04-01,32485.0
T2,2016-04-02,28228.0
T2,2016-04-03,22303.0
T2,2016-04-04,26209.0
T2,2016-04-05,25152.0
T2,2016-04-06,24120.0
T2,2016-04-07,30480.0
T2,2016-04-08,33106.0
T2,2016-04-09,28251.0
T2,2016-04-10,19706.0
T2,2016-04-11,22306.0
T2,2016-04-12,22523.0
T2,2016-04-13,24272.0
T2,2016-04-14,25987.0
T2,2016-04-15,31552.0
T2,2016-04-16,28357.0
T2,2016-04-17,21782.0
T2,2016-04-18,23095.0
T2,2016-04-19,21903.0
T2,2016-04-20,23569.0
T2,2016-04-21,24613.0
T2,2016-04-22,30409.0
T2,2016-04-23,28610.0
T2,2016-04-24,26396.0
T2,2016-04-25,21104.0
T2,2016-04-26,21983.0
T2,2016-04-27,22269.0
T2,2016-04-28,23672.0
T2,2016-04-29,26373.0
T2,2016-04-30,25955.0
T2,2016-05-01,17979.0
T2,2016-05-02,22239.0
T2,2016-05-03,19205.0
T2,2016-05-04,22630.0
T2,2016-05-05,24834.0
T2,2016-05-06,30287.0
T2,2016-05-07,28797.0
T2,2016-05-08,18508.0
T2,2016-05-09,18092.0
T2,2016-05-10,20041.0
T2,2016-05-11,20582.0
T2,2016-05-12,23210.0
T2,2016-05-13,29023.0
T2,2016-05-14,27877.0
T2,2016-05-15,20791.0
T2,2016-05-16,21154.0
T2,2016-05-17,20665.0
T2,2016-05-18,23931.0
T2,2016-05-19,23224.0
T2,2016-05-20,29619.0
T2,2016-05-21,29069.0
T2,2016-05-22,20044.0
T2,2016-05-23,19779.0
T2,2016-05-24,20620.0
T2,2016-05-25,20082.0
T2,2016-05-26,20915.0
T2,2016-05-27,27900.0
T2,2016-05-28,25053.0
T2,2016-05-29,19841.0
T2,2016-05-30,20286.0
T2,2016-05-31,19935.0
T2,2016-06-01,20995.0
T2,2016-06-02,23036.0
T2,2016-06-03,26818.0
T2,2016-06-04,24391.0
T2,2016-06-05,18883.0
T2,2016-06-06,21344.0
T2,2016-06-07,19911.0
T2,2016-06-08,20762.0
T2,2016-06-09,23543.0
T2,2016-06-10,29257.0
T2,2016-06-11,27624.0
T2,2016-06-12,25992.0
T2,2016-06-13,20671.0
T2,2016-06-14,21018.0
T2,2016-06-15,22263.0
T2,2016-06-16,21801.0
T2,2016-06-17,26614.0
T2,2016-06-18,25430.0
T2,2016-06-19,18796.0
T2,2016-06-20,19654.0
T2,2016-06-21,21218.0
T2,2016-06-22,22300.0
T2,2016-06-23,23746.0
T2,2016-06-24,25846.0
T2,2016-06-25,26493.0
T2,2016-06-26,20031.0
T2,2016-06-27,24079.0
T2,2016-06-28,26469.0
T2,2016-06-29,29376.0
T2,2016-06-30,25976.0
T2,2016-07-01,32757.0
T2,2016-07-02,27408.0
T2,2016-07-03,22394.0
T2,2016-07-04,24964.0
T2,2016-07-05,20574.0
T2,2016-07-06,25704.0
T2,2016-07-07,28393.0
T2,2016-07-08,32469.0
T2,2016-07-09,28100.0
T2,2016-07-10,18267.0
T2,2016-07-11,22926.0
T2,2016-07-12,20610.0
T2,2016-07-13,21617.0
T2,2016-07-14,25065.0
T2,2016-07-15,29673.0
T2,2016-07-16,29325.0
T2,2016-07-17,22317.0
T2,2016-07-18,22245.0
T2,2016-07-19,22070.0
T2,2016-07-20,23285.0
T2,2016-07-21,24306.0
T2,2016-07-22,27459.0
T2,2016-07-23,25651.0
T2,2016-07-24,19374.0
T2,2016-07-25,20186.0
T2,2016-07-26,20561.0
T2,2016-07-27,21373.0
T2,2016-07-28,23307.0
T2,2016-07-29,27923.0
T2,2016-07-30,28166.0
T2,2016-07-31,22035.0
T2,2016-08-01,18364.0
T2,2016-08-02,20467.0
T2,2016-08-03,20624.0
T2,2016-08-04,24168.0
T2,2016-08-05,28396.0
T2,2016-08-06,28300.0
T2,2016-08-07,19330.0
T2,2016-08-08,20813.0
T2,2016-08-09,20472.0
T2,2016-08-10,21192.0
T2,2016-08-11,23192.0
T2,2016-08-12,26222.0
T2,2016-08-13,26799.0
T2,2016-08-14,21739.0
T2,2016-08-15,21018.0
T2,2016-08-16,20739.0
T2,2016-08-17,21165.0
T2,2016-08-18,24518.0
T2,2016-08-19,23461.0
T2,2016-08-20,25889.0
T2,2016-08-21,17588.0
T2,2016-08-22,17773.0
T2,2016-08-23,21145.0
T2,2016-08-24,20157.0
T2,2016-08-25,22652.0
T2,2016-08-26,34396.0
T2,2016-08-27,26801.0
T2,2016-08-28,20106.0
T2,2016-08-29,21034.0
T2,2016-08-30,18997.0
T2,2016-08-31,25063.0
T2,2016-09-01,22045.0
T2,2016-09-02,27261.0
T2,2016-09-03,26031.0
T2,2016-09-04,19030.0
T2,2016-09-05,19950.0
T2,2016-09-06,19970.0
T2,2016-09-07,22282.0
T2,2016-09-08,23628.0
T2,2016-09-09,26092.0
T2,2016-09-10,25559.0
T2,2016-09-11,18491.0
T2,2016-09-12,19481.0
T2,2016-09-13,18511.0
T2,2016-09-14,21084.0
T2,2016-09-15,21290.0
T2,2016-09-16,27955.0
T2,2016-09-17,26773.0
T2,2016-09-18,19252.0
T2,2016-09-19,24008.0
T2,2016-09-20,24784.0
T2,2016-09-21,23471.0
T2,2016-09-22,25668.0
T2,2016-09-23,32393.0
T2,2016-09-24,27493.0
T2,2016-09-25,20549.0
T2,2016-09-26,24983.0
T2,2016-09-27,25405.0
T2,2016-09-28,30289.0
T2,2016-09-29,31550.0
T2,2016-09-30,31396.0
T2,2016-10-01,22608.0
T2,2016-10-02,20009.0
T2,2016-10-03,22252.0
T2,2016-10-04,19948.0
T2,2016-10-05,24779.0
T2,2016-10-06,26616.0
T2,2016-10-07,28536.0
T2,2016-10-08,29049.0
T2,2016-10-09,18020.0
T2,2016-10-10,21243.0
T2,2016-10-11,21009.0
T2,2016-10-12,21191.0
T2,2016-10-13,26224.0
T2,2016-10-14,31289.0
T2,2016-10-15,27128.0
T2,2016-10-16,18821.0
T2,2016-10-17,22660.0
T2,2016-10-18,19775.0
T2,2016-10-19,22450.0
T2,2016-10-20,25595.0
T2,2016-10-21,24700.0
T2,2016-10-22,22704.0
T2,2016-10-23,19281.0
T2,2016-10-24,24116.0
T2,2016-10-25,23657.0
T2,2016-10-26,23528.0
T2,2016-10-27,27265.0
T2,2016-10-28,32078.0
T2,2016-10-29,26230.0
T2,2016-10-30,20810.0
T2,2016-10-31,35760.0
T2,2016-11-01,15022.0
T2,2016-11-02,25193.0
T2,2016-11-03,26026.0
T2,2016-11-04,29125.0
T2,2016-11-05,24197.0
T2,2016-11-06,19813.0
T2,2016-11-07,22190.0
T2,2016-11-08,24738.0
T2,2016-11-09,25145.0
T2,2016-11-10,28413.0
T2,2016-11-11,33240.0
T2,2016-11-12,31474.0
T2,2016-11-13,21128.0
T2,2016-11-14,23160.0
T2,2016-11-15,25335.0
T2,2016-11-16,27557.0
T2,2016-11-17,30147.0
T2,2016-11-18,31333.0
T2,2016-11-19,32027.0
T2,2016-11-20,22581.0
T2,2016-11-21,22859.0
T2,2016-11-22,22769.0
T2,2016-11-23,25085.0
T2,2016-11-24,29555.0
T2,2016-11-25,35858.0
T2,2016-11-26,33085.0
T2,2016-11-27,25280.0
T2,2016-11-28,30099.0
T2,2016-11-29,28181.0
T2,2016-11-30,29511.0
T2,2016-12-01,32051.0
T2,2016-12-02,36728.0
T2,2016-12-03,38921.0
T2,2016-12-04,25701.0
T2,2016-12-05,29074.0
T2,2016-12-06,30047.0
T2,2016-12-07,34522.0
T2,2016-12-08,31208.0
T2,2016-12-09,39414.0
T2,2016-12-10,42586.0
T2,2016-12-11,34641.0
T2,2016-12-12,33431.0
T2,2016-12-13,32470.0
T2,2016-12-14,34820.0
T2,2016-12-15,38851.0
T2,2016-12-16,42722.0
T2,2016-12-17,42095.0
T2,2016-12-18,36558.0
T2,2016-12-19,39064.0
T2,2016-12-20,40862.0
T2,2016-12-21,48110.0
T2,2016-12-22,51736.0
T2,2016-12-23,50980.0
T2,2016-12-24,33621.0
T2,2016-12-25,9389.0
T2,2016-12-26,56044.0
T2,2016-12-27,34598.0
T2,2016-12-28,32488.0
T2,2016-12-29,27928.0
T2,2016-12-30,34372.0
T2,2016-12-31,30851.0
T2,2017-01-01,18392.0
T2,2017-01-02,23514.0
T2,2017-01-03,27346.0
T2,2017-01-04,27366.0
T2,2017-01-05,26805.0
T2,2017-01-06,27770.0
T2,2017-01-07,20153.0
T2,2017-01-08,18027.0
T2,2017-01-09,25585.0
T2,2017-01-10,25970.0
T2,2017-01-11,27544.0
T2,2017-01-12,28427.0
T2,2017-01-13,27292.0
T2,2017-01-14,25797.0
T2,2017-01-15,21219.0
T2,2017-01-16,23904.0
T2,2017-01-17,22024.0
T2,2017-01-18,26553.0
T2,2017-01-19,28783.0
T2,2017-01-20,10633.0
T2,2017-01-21,27364.0
T2,2017-01-22,22831.0
T2,2017-01-23,28351.0
T2,2017-01-24,29929.0
T2,2017-01-25,31513.0
T2,2017-01-26,24706.0
T2,2017-01-27,30934.0
T2,2017-01-28,27178.0
T2,2017-01-29,20928.0
T2,2017-01-30,21641.0
T2,2017-01-31,23011.0
T2,2017-02-01,23691.0
T2,2017-02-02,25754.0
T2,2017-02-03,28709.0
T2,2017-02-04,22521.0
T2,2017-02-05,17597.0
T2,2017-02-06,21571.0
T2,2017-02-07,22737.0
T2,2017-02-08,21552.0
T2,2017-02-09,22548.0
T2,2017-02-10,29108.0
T2,2017-02-11,26293.0
T2,2017-02-12,18880.0
T2,2017-02-13,24368.0
T2,2017-02-14,26442.0
T2,2017-02-15,23376.0
T2,2017-02-16,25486.0
T2,2017-02-17,29063.0
T2,2017-02-18,40416.0
T2,2017-02-19,16971.0
T2,2017-02-20,23047.0
T2,2017-02-21,23629.0
T2,2017-02-22,23960.0
T2,2017-02-23,25812.0
T2,2017-02-24,29868.0
T2,2017-02-25,28178.0
T2,2017-02-26,21730.0
T2,2017-02-27,21364.0
T2,2017-02-28,21634.0
T2,2017-03-01,22359.0
T2,2017-03-02,25311.0
T2,2017-03-03,28962.0
T2,2017-03-04,26685.0
T2,2017-03-05,19059.0
T2,2017-03-06,22382.0
T2,2017-03-07,22986.0
T2,2017-03-08,22807.0
T2,2017-03-09,25551.0
T2,2017-03-10,32045.0
T2,2017-03-11,28584.0
T2,2017-03-12,24790.0
T2,2017-03-13,20891.0
T2,2017-03-14,20993.0
T2,2017-03-15,21614.0
T2,2017-03-16,24871.0
T2,2017-03-17,31622.0
T2,2017-03-18,29265.0
T2,2017-03-19,21028.0
T2,2017-03-20,20559.0
T2,2017-03-21,20145.0
T2,2017-03-22,23780.0
T2,2017-03-23,26572.0
T2,2017-03-24,29513.0
T2,2017-03-25,25492.0
T2,2017-03-26,18666.0
T2,2017-03-27,20529.0
T2,2017-03-28,22672.0
T2,2017-03-29,22557.0
T2,2017-03-30,25027.0
T2,2017-03-31,30825.0
T2,2017-04-01,29670.0
T2,2017-04-02,23237.0
T2,2017-04-03,26587.0
T2,2017-04-04,25517.0
T2,2017-04-05,27009.0
T2,2017-04-06,29493.0
T2,2017-04-07,32710.0
T2,2017-04-08,26195.0
T2,2017-04-09,18415.0
T2,2017-04-10,23042.0
T2,2017-04-11,27068.0
T2,2017-04-12,29127.0
T2,2017-04-13,33770.0
T2,2017-04-14,15049.0
T2,2017-04-15,32683.0
T2,2017-04-16,22614.0
T2,2017-04-17,22035.0
T2,2017-04-18,24645.0
T2,2017-04-19,23943.0
T2,2017-04-20,25962.0
T2,2017-04-21,28729.0
T2,2017-04-22,28646.0
T2,2017-04-23,22302.0
T2,2017-04-24,25967.0
T2,2017-04-25,18465.0
T2,2017-04-26,20304.0
T2,2017-04-27,23004.0
T2,2017-04-28,27837.0
T2,2017-04-29,26272.0
T2,2017-04-30,19688.0
T2,2017-05-01,20531.0
T2,2017-05-02,19870.0
T2,2017-05-03,23348.0
T2,2017-05-04,24704.0
T2,2017-05-05,27812.0
T2,2017-05-06,25386.0
T2,2017-05-07,19489.0
T2,2017-05-08,20056.0
T2,2017-05-09,20511.0
T2,2017-05-10,22307.0
T2,2017-05-11,23351.0
T2,2017-05-12,28278.0
T2,2017-05-13,25965.0
T2,2017-05-14,19278.0
T2,2017-05-15,20109.0
T2,2017-05-16,19989.0
T2,2017-05-17,22836.0
T2,2017-05-18,23252.0
T2,2017-05-19,26034.0
T2,2017-05-20,26546.0
T2,2017-05-21,18968.0
T2,2017-05-22,20216.0
T2,2017-05-23,20008.0
T2,2017-05-24,21598.0
T2,2017-05-25,23203.0
T2,2017-05-26,27369.0
T2,2017-05-27,25154.0
T2,2017-05-28,17277.0
T2,2017-05-29,20649.0
T2,2017-05-30,19227.0
T2,2017-05-31,20707.0
T2,2017-06-01,22051.0
T2,2017-06-02,26315.0
T2,2017-06-03,25612.0
T2,2017-06-04,18353.0
T2,2017-06-05,19982.0
T2,2017-06-06,19339.0
T2,2017-06-07,21296.0
T2,2017-06-08,23579.0
T2,2017-06-09,32674.0
T2,2017-06-10,30125.0
T2,2017-06-11,24993.0
T2,2017-06-12,19450.0
T2,2017-06-13,20204.0
T2,2017-06-14,21415.0
T2,2017-06-15,22776.0
T2,2017-06-16,28909.0
T2,2017-06-17,25182.0
T2,2017-06-18,18373.0
T2,2017-06-19,20571.0
T2,2017-06-20,21199.0
T2,2017-06-21,21120.0
T2,2017-06-22,23457.0
T2,2017-06-23,28029.0
T2,2017-06-24,26894.0
T2,2017-06-25,21189.0
T2,2017-06-26,21919.0
T2,2017-06-27,21897.0
T2,2017-06-28,22956.0
T2,2017-06-29,23737.0
T2,2017-06-30,28934.0
T2,2017-07-01,25250.0
T2,2017-07-02,21691.0
T2,2017-07-03,23557.0
T2,2017-07-04,24641.0
T2,2017-07-05,26384.0
T2,2017-07-06,28884.0
T2,2017-07-07,32718.0
T2,2017-07-08,27773.0
T2,2017-07-09,22298.0
T2,2017-07-10,25316.0
T2,2017-07-11,24704.0
T2,2017-07-12,26137.0
T2,2017-07-13,27028.0
T2,2017-07-14,29963.0
T2,2017-07-15,26197.0
T2,2017-07-16,18635.0
T2,2017-07-17,20451.0
T2,2017-07-18,19497.0
T2,2017-07-19,20564.0
T2,2017-07-20,20817.0
T2,2017-07-21,27277.0
T2,2017-07-22,23756.0
T2,2017-07-23,18897.0
T2,2017-07-24,20756.0
T2,2017-07-25,19794.0
T2,2017-07-26,20877.0
T2,2017-07-27,22686.0
T2,2017-07-28,27943.0
T2,2017-07-29,26729.0
T2,2017-07-30,20874.0
T2,2017-07-31,20314.0
T2,2017-08-01,19925.0
T2,2017-08-02,21141.0
T2,2017-08-03,21119.0
T2,2017-08-04,27509.0
T2,2017-08-05,26101.0
T2,2017-08-06,17079.0
T2,2017-08-07,19868.0
T2,2017-08-08,20467.0
T2,2017-08-09,21121.0
T2,2017-08-10,22867.0
T2,2017-08-11,27819.0
T2,2017-08-12,25520.0
T2,2017-08-13,21019.0
T2,2017-08-14,21207.0
T2,2017-08-15,18949.0
T2,2017-08-16,23182.0
T2,2017-08-17,22665.0
T2,2017-08-18,24178.0
T2,2017-08-19,24712.0
T2,2017-08-20,19839.0
T2,2017-08-21,18229.0
T2,2017-08-22,20571.0
T2,2017-08-23,19530.0
T2,2017-08-24,23168.0
T2,2017-08-25,28134.0
T2,2017-08-26,27410.0
T2,2017-08-27,16794.0
T2,2017-08-28,19797.0
T2,2017-08-29,19629.0
T2,2017-08-30,21066.0
T2,2017-08-31,23673.0
T2,2017-09-01,32781.0
T2,2017-09-02,24939.0
T2,2017-09-03,17690.0
T2,2017-09-04,18733.0
T2,2017-09-05,19543.0
T2,2017-09-06,20117.0
T2,2017-09-07,21432.0
T2,2017-09-08,26190.0
T2,2017-09-09,25147.0
T2,2017-09-10,18163.0
T2,2017-09-11,19449.0
T2,2017-09-12,19170.0
T2,2017-09-13,20084.0
T2,2017-09-14,21933.0
T2,2017-09-15,25136.0
T2,2017-09-16,23889.0
T2,2017-09-17,20106.0
T2,2017-09-18,20112.0
T2,2017-09-19,20885.0
T2,2017-09-20,22742.0
T2,2017-09-21,24443.0
T2,2017-09-22,30327.0
T2,2017-09-23,27132.0
T2,2017-09-24,21005.0
T2,2017-09-25,23813.0
T2,2017-09-26,26268.0
T2,2017-09-27,26694.0
T2,2017-09-28,30496.0
T2,2017-09-29,29079.0
T2,2017-09-30,22169.0
T2,2017-10-01,20294.0
T2,2017-10-02,25023.0
T2,2017-10-03,25793.0
T2,2017-10-04,27223.0
T2,2017-10-05,26537.0
T2,2017-10-06,30684.0
T2,2017-10-07,26588.0
T2,2017-10-08,18611.0
T2,2017-10-09,20476.0
T2,2017-10-10,22772.0
T2,2017-10-11,22095.0
T2,2017-10-12,24682.0
T2,2017-10-13,29147.0
T2,2017-10-14,28979.0
T2,2017-10-15,21769.0
T2,2017-10-16,23167.0
T2,2017-10-17,23002.0
T2,2017-10-18,23601.0
T2,2017-10-19,23401.0
T2,2017-10-20,30019.0
T2,2017-10-21,24739.0
T2,2017-10-22,19304.0
T2,2017-10-23,23715.0
T2,2017-10-24,22695.0
T2,2017-10-25,23218.0
T2,2017-10-26,25551.0
T2,2017-10-27,31152.0
T2,2017-10-28,26525.0
T2,2017-10-29,19194.0
T2,2017-10-30,21142.0
T2,2017-10-31,22563.0
T2,2017-11-01,22313.0
T2,2017-11-02,24127.0
T2,2017-11-03,30156.0
T2,2017-11-04,26757.0
T2,2017-11-05,21720.0
T2,2017-11-06,36394.0
T2,2017-11-07,16125.0
T2,2017-11-08,27175.0
T2,2017-11-09,26316.0
T2,2017-11-10,32845.0
T2,2017-11-11,26414.0
T2,2017-11-12,20434.0
T2,2017-11-13,23569.0
T2,2017-11-14,22940.0
T2,2017-11-15,24125.0
T2,2017-11-16,26782.0
T2,2017-11-17,36239.0
T2,2017-11-18,30351.0
T2,2017-11-19,25163.0
T2,2017-11-20,26173.0
T2,2017-11-21,20060.0
T2,2017-11-22,22843.0
T2,2017-11-23,30975.0
T2,2017-11-24,41734.0
T2,2017-11-25,31189.0
T2,2017-11-26,25171.0
T2,2017-11-27,28384.0
T2,2017-11-28,26573.0
T2,2017-11-29,24599.0
T2,2017-11-30,27039.0
T2,2017-12-01,24814.0
T2,2017-12-02,22178.0
T2,2017-12-03,23289.0
T2,2017-12-04,27204.0
T2,2017-12-05,28840.0
T2,2017-12-06,34231.0
T2,2017-12-07,31270.0
T2,2017-12-08,37066.0
T2,2017-12-09,38424.0
T2,2017-12-10,31514.0
T2,2017-12-11,33823.0
T2,2017-12-12,32828.0
T2,2017-12-13,28908.0
T2,2017-12-14,35963.0
T2,2017-12-15,41165.0
T2,2017-12-16,39283.0
T2,2017-12-17,33656.0
T2,2017-12-18,34788.0
T2,2017-12-19,31494.0
T2,2017-12-20,39208.0
T2,2017-12-21,43073.0
T2,2017-12-22,43764.0
T2,2017-12-23,39043.0
T2,2017-12-24,35437.0
T2,2017-12-25,12607.0
T2,2017-12-26,54531.0
T2,2017-12-27,29654.0
T2,2017-12-28,31309.0
T2,2017-12-29,30695.0
T2,2017-12-30,29491.0
T2,2017-12-31,29219.0
T2,2018-01-01,17263.0
T2,2018-01-02,26275.0
T2,2018-01-03,26306.0
T2,2018-01-04,27426.0
T2,2018-01-05,27296.0
T2,2018-01-06,16265.0
T2,2018-01-07,19935.0
T2,2018-01-08,24035.0
T2,2018-01-09,25231.0
T2,2018-01-10,26134.0
T2,2018-01-11,23615.0
T2,2018-01-12,26327.0
T2,2018-01-13,22049.0
T2,2018-01-14,21824.0
T2,2018-01-15,23700.0
T2,2018-01-16,25307.0
T2,2018-01-17,25685.0
T2,2018-01-18,23057.0
T2,2018-01-19,24654.0
T2,2018-01-20,25829.0
T2,2018-01-21,19218.0
T2,2018-01-22,25346.0
T2,2018-01-23,25888.0
T2,2018-01-24,26237.0
T2,2018-01-25,28515.0
T2,2018-01-26,20286.0
T2,2018-01-27,21743.0
T2,2018-01-28,13888.0
T2,2018-01-29,19696.0
T2,2018-01-30,21754.0
T2,2018-01-31,21457.0
T2,2018-02-01,22732.0
T2,2018-02-02,25852.0
T2,2018-02-03,23389.0
T2,2018-02-04,17397.0
T2,2018-02-05,21250.0
T2,2018-02-06,21575.0
T2,2018-02-07,19937.0
T2,2018-02-08,24732.0
T2,2018-02-09,27955.0
T2,2018-02-10,25473.0
T2,2018-02-11,18300.0
T2,2018-02-12,23262.0
T2,2018-02-13,23943.0
T2,2018-02-14,25637.0
T2,2018-02-15,26084.0
T2,2018-02-16,28956.0
T2,2018-02-17,56911.0
T2,2018-02-18,21060.0
T2,2018-02-19,22376.0
T2,2018-02-20,22609.0
T2,2018-02-21,23489.0
T2,2018-02-22,25332.0
T2,2018-02-23,28564.0
T2,2018-02-24,25157.0
T2,2018-02-25,21012.0
T2,2018-02-26,22558.0
T2,2018-02-27,21202.0
T2,2018-02-28,21609.0
T2,2018-03-01,24125.0
T2,2018-03-02,27879.0
T2,2018-03-03,24634.0
T2,2018-03-04,19719.0
T2,2018-03-05,21466.0
T2,2018-03-06,22657.0
T2,2018-03-07,23426.0
T2,2018-03-08,25367.0
T2,2018-03-09,31355.0
T2,2018-03-10,30257.0
T2,2018-03-11,28685.0
T2,2018-03-12,23676.0
T2,2018-03-13,23275.0
T2,2018-03-14,23661.0
T2,2018-03-15,24410.0
T2,2018-03-16,28730.0
T2,2018-03-17,24181.0
T2,2018-03-18,18131.0
T2,2018-03-19,22221.0
T2,2018-03-20,22435.0
T2,2018-03-21,23677.0
T2,2018-03-22,25330.0
T2,2018-03-23,29648.0
T2,2018-03-24,23042.0
T2,2018-03-25,18901.0
T2,2018-03-26,22016.0
T2,2018-03-27,22538.0
T2,2018-03-28,23563.0
T2,2018-03-29,29440.0
T2,2018-03-30,14018.0
T2,2018-03-31,31586.0
T2,2018-04-01,22394.0
T2,2018-04-02,21148.0
T2,2018-04-03,25721.0
T2,2018-04-04,26216.0
T2,2018-04-05,26992.0
T2,2018-04-06,31390.0
T2,2018-04-07,26111.0
T2,2018-04-08,18049.0
T2,2018-04-09,22403.0
T2,2018-04-10,21985.0
T2,2018-04-11,22791.0
T2,2018-04-12,24705.0
T2,2018-04-13,31972.0
T2,2018-04-14,22919.0
T2,2018-04-15,19314.0
T2,2018-04-16,20462.0
T2,2018-04-17,22306.0
T2,2018-04-18,24010.0
T2,2018-04-19,25602.0
T2,2018-04-20,30459.0
T2,2018-04-21,27234.0
T2,2018-04-22,19647.0
T2,2018-04-23,22398.0
T2,2018-04-24,25222.0
T2,2018-04-25,20595.0
T2,2018-04-26,24749.0
T2,2018-04-27,27840.0
T2,2018-04-28,27489.0
T2,2018-04-29,17887.0
T2,2018-04-30,20888.0
T2,2018-05-01,20490.0
T2,2018-05-02,21015.0
T2,2018-05-03,22408.0
T2,2018-05-04,26002.0
T2,2018-05-05,25484.0
T2,2018-05-06,18197.0
T2,2018-05-07,19895.0
T2,2018-05-08,20936.0
T2,2018-05-09,21665.0
T2,2018-05-10,20679.0
T2,2018-05-11,20831.0
T2,2018-05-12,24293.0
T2,2018-05-13,18183.0
T2,2018-05-14,20016.0
T2,2018-05-15,18612.0
T2,2018-05-16,20931.0
T2,2018-05-17,21251.0
T2,2018-05-18,26851.0
T2,2018-05-19,25909.0
T2,2018-05-20,16736.0
T2,2018-05-21,19336.0
T2,2018-05-22,19663.0
T2,2018-05-23,20760.0
T2,2018-05-24,22745.0
T2,2018-05-25,26838.0
T2,2018-05-26,23683.0
T2,2018-05-27,17229.0
T2,2018-05-28,20138.0
T2,2018-05-29,20191.0
T2,2018-05-30,20470.0
T2,2018-05-31,21398.0
T2,2018-06-01,25951.0
T2,2018-06-02,24657.0
T2,2018-06-03,18086.0
T2,2018-06-04,20370.0
T2,2018-06-05,20741.0
T2,2018-06-06,24276.0
T2,2018-06-07,23275.0
T2,2018-06-08,25790.0
T2,2018-06-09,27432.0
T2,2018-06-10,23711.0
T2,2018-06-11,19235.0
T2,2018-06-12,21042.0
T2,2018-06-13,20957.0
T2,2018-06-14,23250.0
T2,2018-06-15,25741.0
T2,2018-06-16,25373.0
T2,2018-06-17,13642.0
T2,2018-06-18,21005.0
T2,2018-06-19,22879.0
T2,2018-06-20,22467.0
T2,2018-06-21,24142.0
T2,2018-06-22,26320.0
T2,2018-06-23,23708.0
T2,2018-06-24,18803.0
T2,2018-06-25,20341.0
T2,2018-06-26,20313.0
T2,2018-06-27,21688.0
T2,2018-06-28,22436.0
T2,2018-06-29,25421.0
T2,2018-06-30,22828.0
T2,2018-07-01,18739.0
T2,2018-07-02,22114.0
T2,2018-07-03,22107.0
T2,2018-07-04,23559.0
T2,2018-07-05,24655.0
T2,2018-07-06,29088.0
T2,2018-07-07,24644.0
T2,2018-07-08,19766.0
T2,2018-07-09,23807.0
T2,2018-07-10,22921.0
T2,2018-07-11,23824.0
T2,2018-07-12,25256.0
T2,2018-07-13,29518.0
T2,2018-07-14,26322.0
T2,2018-07-15,19006.0
T2,2018-07-16,20927.0
T2,2018-07-17,20150.0
T2,2018-07-18,22423.0
T2,2018-07-19,23078.0
T2,2018-07-20,26285.0
T2,2018-07-21,25964.0
T2,2018-07-22,19356.0
T2,2018-07-23,19047.0
T2,2018-07-24,18591.0
T2,2018-07-25,21791.0
T2,2018-07-26,22495.0
T2,2018-07-27,28436.0
T2,2018-07-28,27886.0
T2,2018-07-29,18154.0
T2,2018-07-30,18855.0
T2,2018-07-31,20282.0
T2,2018-08-01,21587.0
T2,2018-08-02,23521.0
T2,2018-08-03,25595.0
T2,2018-08-04,25032.0
T2,2018-08-05,18861.0
T2,2018-08-06,19424.0
T2,2018-08-07,19993.0
T2,2018-08-08,20163.0
T2,2018-08-09,21596.0
T2,2018-08-10,26081.0
T2,2018-08-11,22810.0
T2,2018-08-12,19309.0
T2,2018-08-13,19663.0
T2,2018-08-14,20483.0
T2,2018-08-15,21271.0
T2,2018-08-16,22880.0
T2,2018-08-17,27699.0
T2,2018-08-18,23626.0
T2,2018-08-19,16253.0
T2,2018-08-20,19994.0
T2,2018-08-21,19278.0
T2,2018-08-22,20374.0
T2,2018-08-23,22656.0
T2,2018-08-24,26315.0
T2,2018-08-25,25297.0
T2,2018-08-26,17219.0
T2,2018-08-27,19761.0
T2,2018-08-28,20331.0
T2,2018-08-29,22107.0
T2,2018-08-30,21517.0
T2,2018-08-31,34429.0
T2,2018-09-01,21743.0
T2,2018-09-02,16945.0
T2,2018-09-03,18461.0
T2,2018-09-04,20328.0
T2,2018-09-05,21846.0
T2,2018-09-06,21744.0
T2,2018-09-07,27202.0
T2,2018-09-08,24604.0
T2,2018-09-09,17486.0
T2,2018-09-10,19851.0
T2,2018-09-11,20888.0
T2,2018-09-12,21176.0
T2,2018-09-13,23664.0
T2,2018-09-14,28499.0
T2,2018-09-15,20987.0
T2,2018-09-16,17485.0
T2,2018-09-17,21857.0
T2,2018-09-18,19457.0
T2,2018-09-19,20576.0
T2,2018-09-20,23789.0
T2,2018-09-21,29433.0
T2,2018-09-22,24943.0
T2,2018-09-23,18544.0
T2,2018-09-24,23802.0
T2,2018-09-25,24128.0
T2,2018-09-26,26644.0
T2,2018-09-27,30366.0
T2,2018-09-28,24063.0
T2,2018-09-29,20981.0
T2,2018-09-30,19760.0
T2,2018-10-01,26202.0
T2,2018-10-02,24828.0
T2,2018-10-03,24692.0
T2,2018-10-04,26904.0
T2,2018-10-05,32533.0
T2,2018-10-06,26950.0
T2,2018-10-07,18326.0
T2,2018-10-08,21826.0
T2,2018-10-09,19436.0
T2,2018-10-10,22386.0
T2,2018-10-11,26386.0
T2,2018-10-12,29817.0
T2,2018-10-13,26980.0
T2,2018-10-14,19032.0
T2,2018-10-15,22096.0
T2,2018-10-16,19998.0
T2,2018-10-17,22174.0
T2,2018-10-18,24195.0
T2,2018-10-19,28612.0
T2,2018-10-20,21575.0
T2,2018-10-21,19833.0
T2,2018-10-22,22011.0
T2,2018-10-23,21743.0
T2,2018-10-24,23592.0
T2,2018-10-25,26453.0
T2,2018-10-26,31253.0
T2,2018-10-27,25256.0
T2,2018-10-28,20511.0
T2,2018-10-29,23440.0
T2,2018-10-30,23323.0
T2,2018-10-31,22922.0
T2,2018-11-01,24810.0
T2,2018-11-02,28262.0
T2,2018-11-03,23864.0
T2,2018-11-04,21456.0
T2,2018-11-05,35183.0
T2,2018-11-06,13094.0
T2,2018-11-07,25196.0
T2,2018-11-08,25268.0
T2,2018-11-09,23192.0
T2,2018-11-10,25753.0
T2,2018-11-11,21145.0
T2,2018-11-12,24408.0
T2,2018-11-13,23630.0
T2,2018-11-14,24157.0
T2,2018-11-15,27495.0
T2,2018-11-16,31079.0
T2,2018-11-17,27856.0
T2,2018-11-18,21315.0
T2,2018-11-19,24334.0
T2,2018-11-20,22225.0
T2,2018-11-21,26622.0
T2,2018-11-22,27636.0
T2,2018-11-23,35161.0
T2,2018-11-24,28690.0
T2,2018-11-25,23580.0
T2,2018-11-26,26320.0
T2,2018-11-27,24334.0
T2,2018-11-28,25532.0
T2,2018-11-29,28059.0
T2,2018-11-30,34230.0
T2,2018-12-01,30757.0
T2,2018-12-02,23772.0
T2,2018-12-03,26070.0
T2,2018-12-04,27504.0
T2,2018-12-05,28937.0
T2,2018-12-06,29466.0
T2,2018-12-07,28651.0
T2,2018-12-08,32712.0
T2,2018-12-09,26536.0
T2,2018-12-10,32095.0
T2,2018-12-11,31638.0
T2,2018-12-12,29891.0
T2,2018-12-13,26723.0
T2,2018-12-14,32388.0
T2,2018-12-15,35597.0
T2,2018-12-16,28123.0
T2,2018-12-17,34326.0
T2,2018-12-18,33828.0
T2,2018-12-19,35455.0
T2,2018-12-20,37530.0
T2,2018-12-21,36488.0
T2,2018-12-22,40278.0
T2,2018-12-23,41069.0
T2,2018-12-24,35260.0
T2,2018-12-25,11448.0
T2,2018-12-26,54686.0
T2,2018-12-27,28018.0
T2,2018-12-28,29227.0
T2,2018-12-29,26775.0
T2,2018-12-30,24640.0
T2,2018-12-31,30340.0
T2,2019-01-01,16118.0
T2,2019-01-02,25955.0
T2,2019-01-03,26215.0
T2,2019-01-04,19305.0
T2,2019-01-05,23548.0
T2,2019-01-06,19463.0
T2,2019-01-07,25088.0
T2,2019-01-08,24480.0
T2,2019-01-09,26153.0
T2,2019-01-10,25968.0
T2,2019-01-11,26462.0
T2,2019-01-12,22778.0
T2,2019-01-13,18088.0
T2,2019-01-14,21356.0
T2,2019-01-15,22160.0
T2,2019-01-16,24549.0
T2,2019-01-17,25226.0
T2,2019-01-18,28223.0
T2,2019-01-19,26012.0
T2,2019-01-20,19402.0
T2,2019-01-21,23986.0
T2,2019-01-22,23555.0
T2,2019-01-23,25253.0
T2,2019-01-24,22960.0
T2,2019-01-25,21324.0
T2,2019-01-26,22444.0
T2,2019-01-27,19598.0
T2,2019-01-28,15273.0
T2,2019-01-29,19624.0
T2,2019-01-30,18976.0
T2,2019-01-31,23544.0
T2,2019-02-01,26885.0
T2,2019-02-02,21037.0
T2,2019-02-03,13814.0
T2,2019-02-04,21433.0
T2,2019-02-05,21967.0
T2,2019-02-06,20739.0
T2,2019-02-07,22644.0
T2,2019-02-08,26500.0
T2,2019-02-09,22107.0
T2,2019-02-10,18794.0
T2,2019-02-11,21354.0
T2,2019-02-12,20330.0
T2,2019-02-13,23386.0
T2,2019-02-14,26500.0
T2,2019-02-15,27736.0
T2,2019-02-16,24211.0
T2,2019-02-17,18590.0
T2,2019-02-18,21735.0
T2,2019-02-19,22074.0
T2,2019-02-20,22876.0
T2,2019-02-21,24799.0
T2,2019-02-22,29952.0
T2,2019-02-23,26216.0
T2,2019-02-24,20686.0
T2,2019-02-25,21901.0
T2,2019-02-26,22761.0
T2,2019-02-27,22850.0
T2,2019-02-28,22180.0
T2,2019-03-01,23911.0
T2,2019-03-02,19453.0
T2,2019-03-03,15773.0
T2,2019-03-04,21729.0
T2,2019-03-05,22975.0
T2,2019-03-06,22485.0
T2,2019-03-07,24974.0
T2,2019-03-08,27745.0
T2,2019-03-09,25340.0
T2,2019-03-10,22107.0
T2,2019-03-11,19014.0
T2,2019-03-12,21282.0
T2,2019-03-13,22197.0
T2,2019-03-14,24955.0
T2,2019-03-15,29622.0
T2,2019-03-16,25063.0
T2,2019-03-17,17797.0
T2,2019-03-18,21769.0
T2,2019-03-19,21040.0
T2,2019-03-20,22201.0
T2,2019-03-21,23882.0
T2,2019-03-22,28021.0
T2,2019-03-23,23332.0
T2,2019-03-24,17336.0
T2,2019-03-25,19932.0
T2,2019-03-26,21997.0
T2,2019-03-27,23450.0
T2,2019-03-28,24924.0
T2,2019-03-29,27022.0
T2,2019-03-30,23164.0
T2,2019-03-31,18043.0
T2,2019-04-01,20440.0
T2,2019-04-02,21272.0
T2,2019-04-03,21700.0
T2,2019-04-04,23771.0
T2,2019-04-05,27401.0
T2,2019-04-06,26284.0
T2,2019-04-07,20077.0
T2,2019-04-08,22332.0
T2,2019-04-09,23416.0
T2,2019-04-10,25394.0
T2,2019-04-11,26864.0
T2,2019-04-12,31765.0
T2,2019-04-13,26592.0
T2,2019-04-14,20167.0
T2,2019-04-15,23907.0
T2,2019-04-16,24448.0
T2,2019-04-17,24891.0
T2,2019-04-18,30836.0
T2,2019-04-19,14454.0
T2,2019-04-20,28874.0
T2,2019-04-21,20575.0
T2,2019-04-22,20013.0
T2,2019-04-23,23135.0
T2,2019-04-24,24944.0
T2,2019-04-25,20075.0
T2,2019-04-26,26097.0
T2,2019-04-27,21832.0
T2,2019-04-28,15045.0
T2,2019-04-29,19112.0
T2,2019-04-30,19372.0
T2,2019-05-01,22617.0
T2,2019-05-02,21756.0
T2,2019-05-03,26965.0
T2,2019-05-04,23255.0
T2,2019-05-05,17412.0
T2,2019-05-06,19385.0
T2,2019-05-07,20515.0
T2,2019-05-08,20209.0
T2,2019-05-09,21838.0
T2,2019-05-10,21745.0
T2,2019-05-11,22608.0
T2,2019-05-12,16949.0
T2,2019-05-13,19363.0
T2,2019-05-14,19259.0
T2,2019-05-15,19971.0
T2,2019-05-16,21007.0
T2,2019-05-17,26037.0
T2,2019-05-18,23155.0
T2,2019-05-19,17846.0
T2,2019-05-20,19511.0
T2,2019-05-21,19496.0
T2,2019-05-22,21113.0
T2,2019-05-23,22333.0
T2,2019-05-24,25709.0
T2,2019-05-25,22453.0
T2,2019-05-26,17082.0
T2,2019-05-27,17759.0
T2,2019-05-28,18855.0
T2,2019-05-29,17932.0
T2,2019-05-30,21334.0
T2,2019-05-31,24127.0
T2,2019-06-01,23181.0
T2,2019-06-02,16737.0
T2,2019-06-03,17522.0
T2,2019-06-04,19757.0
T2,2019-06-05,20535.0
T2,2019-06-06,22784.0
T2,2019-06-07,26535.0
T2,2019-06-08,24598.0
T2,2019-06-09,21261.0
T2,2019-06-10,17848.0
T2,2019-06-11,19691.0
T2,2019-06-12,17704.0
T2,2019-06-13,21567.0
T2,2019-06-14,24326.0
T2,2019-06-15,22030.0
T2,2019-06-16,16318.0
T2,2019-06-17,19564.0
T2,2019-06-18,17340.0
T2,2019-06-19,19544.0
T2,2019-06-20,20617.0
T2,2019-06-21,25666.0
T2,2019-06-22,21724.0
T2,2019-06-23,15367.0
T2,2019-06-24,18902.0
T2,2019-06-25,20175.0
T2,2019-06-26,21168.0
T2,2019-06-27,23404.0
T2,2019-06-28,26401.0
T2,2019-06-29,19633.0
T2,2019-06-30,18866.0
T2,2019-07-01,20777.0
T2,2019-07-02,20870.0
T2,2019-07-03,23031.0
T2,2019-07-04,24314.0
T2,2019-07-05,29083.0
T2,2019-07-06,24772.0
T2,2019-07-07,18630.0
T2,2019-07-08,23860.0
T2,2019-07-09,23543.0
T2,2019-07-10,24009.0
T2,2019-07-11,25078.0
T2,2019-07-12,26448.0
T2,2019-07-13,22556.0
T2,2019-07-14,16423.0
T2,2019-07-15,20887.0
T2,2019-07-16,21242.0
T2,2019-07-17,21768.0
T2,2019-07-18,24417.0
T2,2019-07-19,28927.0
T2,2019-07-20,23991.0
T2,2019-07-21,18325.0
T2,2019-07-22,20316.0
T2,2019-07-23,19400.0
T2,2019-07-24,21645.0
T2,2019-07-25,23161.0
T2,2019-07-26,25325.0
T2,2019-07-27,25398.0
T2,2019-07-28,19021.0
T2,2019-07-29,20049.0
T2,2019-07-30,18370.0
T2,2019-07-31,18649.0
T2,2019-08-01,18122.0
T2,2019-08-02,21488.0
T2,2019-08-03,18508.0
T2,2019-08-04,13544.0
T2,2019-08-05,16253.0
T2,2019-08-06,14681.0
T2,2019-08-07,15894.0
T2,2019-08-08,18609.0
T2,2019-08-09,19878.0
T2,2019-08-10,18953.0
T2,2019-08-11,15443.0
T2,2019-08-12,19457.0
T2,2019-08-13,19831.0
T2,2019-08-14,20808.0
T2,2019-08-15,23202.0
T2,2019-08-16,26253.0
T2,2019-08-17,27019.0
T2,2019-08-18,16552.0
T2,2019-08-19,19837.0
T2,2019-08-20,19937.0
T2,2019-08-21,21079.0
T2,2019-08-22,24616.0
T2,2019-08-23,31567.0
T2,2019-08-24,26614.0
T2,2019-08-25,17986.0
T2,2019-08-26,20645.0
T2,2019-08-27,19916.0
T2,2019-08-28,18426.0
T2,2019-08-29,23993.0
T2,2019-08-30,28517.0
T2,2019-08-31,24602.0
T2,2019-09-01,15991.0
T2,2019-09-02,20175.0
T2,2019-09-03,20408.0
T2,2019-09-04,20962.0
T2,2019-09-05,21780.0
T2,2019-09-06,25317.0
T2,2019-09-07,22129.0
T2,2019-09-08,15168.0
T2,2019-09-09,18084.0
T2,2019-09-10,19974.0
T2,2019-09-11,21655.0
T2,2019-09-12,20977.0
T2,2019-09-13,25161.0
T2,2019-09-14,23579.0
T2,2019-09-15,14754.0
T2,2019-09-16,19267.0
T2,2019-09-17,20722.0
T2,2019-09-18,21601.0
T2,2019-09-19,23574.0
T2,2019-09-20,29733.0
T2,2019-09-21,21858.0
T2,2019-09-22,18723.0
T2,2019-09-23,21019.0
T2,2019-09-24,22167.0
T2,2019-09-25,24140.0
T2,2019-09-26,30718.0
T2,2019-09-27,22144.0
T2,2019-09-28,20821.0
T2,2019-09-29,18305.0
T2,2019-09-30,22542.0
T2,2019-10-01,28338.0
T2,2019-10-02,26145.0
T2,2019-10-03,18883.0
T2,2019-10-04,21288.0
T2,2019-10-05,21114.0
T2,2019-10-06,20141.0
T2,2019-10-07,21220.0
T2,2019-10-08,27565.0
T2,2019-10-09,21971.0
T2,2019-10-10,17357.0
T2,2019-10-11,20420.0
T2,2019-10-12,22427.0
T2,2019-10-13,29464.0
T2,2019-10-14,22661.0
T2,2019-10-15,26306.0
T2,2019-10-16,21301.0
T2,2019-10-17,17965.0
T2,2019-10-18,23083.0
T2,2019-10-19,21845.0
T2,2019-10-20,24147.0
T2,2019-10-21,23604.0
T2,2019-10-22,26648.0
T2,2019-10-23,18227.0
T2,2019-10-24,18770.0
T2,2019-10-25,29247.0
T2,2019-10-26,16792.0
T2,2019-10-27,23764.0
T2,2019-10-28,20769.0
T2,2019-10-29,25623.0
T2,2019-10-30,21491.0
T2,2019-10-31,18493.0
T2,2019-11-01,22141.0
T2,2019-11-02,21014.0
T2,2019-11-03,23652.0
T2,2019-11-04,26009.0
T2,2019-11-05,28737.0
T2,2019-11-06,26178.0
T2,2019-11-07,20769.0
T2,2019-11-08,23766.0
T2,2019-11-09,24153.0
T2,2019-11-10,24564.0
T2,2019-11-11,22982.0
T2,2019-11-12,31016.0
T2,2019-11-13,27507.0
T2,2019-11-14,23121.0
T2,2019-11-15,25253.0
T2,2019-11-16,23630.0
T2,2019-11-17,26657.0
T2,2019-11-18,30284.0
T2,2019-11-19,41610.0
T2,2019-11-20,32306.0
T2,2019-11-21,23177.0
T2,2019-11-22,25189.0
T2,2019-11-23,23959.0
T2,2019-11-24,26435.0
T2,2019-11-25,29883.0
T2,2019-11-26,32145.0
T2,2019-11-27,31838.0
T2,2019-11-28,25846.0
T2,2019-11-29,23388.0
T2,2019-11-30,27263.0
T2,2019-12-01,28847.0
T2,2019-12-02,31336.0
T2,2019-12-03,33773.0
T2,2019-12-04,34270.0
T2,2019-12-05,30032.0
T2,2019-12-06,31319.0
T2,2019-12-07,31884.0
T2,2019-12-08,27711.0
T2,2019-12-09,37707.0
T2,2019-12-10,24161.0
T2,2019-12-11,35585.0
T2,2019-12-12,35272.0
T2,2019-12-13,44567.0
T2,2019-12-14,36901.0
T2,2019-12-15,11931.0
T2,2019-12-16,52812.0
T2,2019-12-17,33239.0
T2,2019-12-18,25848.0
T2,2019-12-19,22214.0
T2,2019-12-20,19488.0
T2,2019-12-21,30558.0
T2,2019-12-22,17111.0
T2,2019-12-23,26357.0
T2,2019-12-24,23384.0
T2,2019-12-25,21155.0
T2,2019-12-26,16214.0
T2,2019-12-27,20958.0
T2,2019-12-28,22322.0
T2,2019-12-29,23692.0
T2,2019-12-30,23033.0
T2,2019-12-31,22166.0
T2,2020-01-01,22174.0
T2,2020-01-02,17016.0
T2,2020-01-03,20577.0
T2,2020-01-04,19132.0
T2,2020-01-05,17615.0
T2,2020-01-06,23778.0
T2,2020-01-07,26810.0
T2,2020-01-08,21990.0
T2,2020-01-09,17848.0
T2,2020-01-10,19578.0
T2,2020-01-11,24745.0
T2,2020-01-12,23202.0
T2,2020-01-13,25029.0
T2,2020-01-14,28279.0
T2,2020-01-15,23443.0
T2,2020-01-16,20115.0
T2,2020-01-17,17367.0
T2,2020-01-18,22625.0
T2,2020-01-19,21095.0
T2,2020-01-20,19489.0
T2,2020-01-21,18967.0
T2,2020-01-22,16308.0
T2,2020-01-23,15866.0
T2,2020-01-24,19267.0
T2,2020-01-25,20051.0
T2,2020-01-26,20267.0
T2,2020-01-27,21149.0
T2,2020-01-28,22775.0
T2,2020-01-29,18826.0
T2,2020-01-30,13952.0
T2,2020-01-31,18647.0
T2,2020-02-01,18755.0
T2,2020-02-02,19929.0
T2,2020-02-03,20787.0
T2,2020-02-04,23169.0
T2,2020-02-05,18793.0
T2,2020-02-06,15724.0
T2,2020-02-07,19590.0
T2,2020-02-08,17294.0
T2,2020-02-09,19950.0
T2,2020-02-10,23750.0
T2,2020-02-11,25464.0
T2,2020-02-12,22959.0
T2,2020-02-13,16002.0
T2,2020-02-14,18592.0
T2,2020-02-15,19002.0
T2,2020-02-16,21090.0
T2,2020-02-17,21690.0
T2,2020-02-18,24678.0
T2,2020-02-19,22457.0
T2,2020-02-20,15340.0
T2,2020-02-21,19529.0
T2,2020-02-22,20231.0
T2,2020-02-23,19879.0
T2,2020-02-24,19947.0
T2,2020-02-25,24008.0
T2,2020-02-26,22438.0
T2,2020-02-27,18890.0
T2,2020-02-28,16149.0
T2,2020-02-29,19472.0
T2,2020-03-01,19723.0
T2,2020-03-02,20361.0
T2,2020-03-03,21021.0
T2,2020-03-04,18534.0
T2,2020-03-05,13131.0
T2,2020-03-06,15910.0
T2,2020-03-07,13479.0
T2,2020-03-08,12317.0
T2,2020-03-09,12143.0
T2,2020-03-10,12346.0
T2,2020-03-11,9798.0
T2,2020-03-12,6780.0
T2,2020-03-13,8867.0
T2,2020-03-14,5527.0
T2,2020-03-15,4942.0
T2,2020-03-16,4796.0
T2,2020-03-17,4268.0
T2,2020-03-18,3859.0
T2,2020-03-19,2880.0
T2,2020-03-20,3523.0
T2,2020-03-21,3006.0
T2,2020-03-22,3251.0
T2,2020-03-23,2895.0
T2,2020-03-24,3328.0
T2,2020-03-25,2269.0
T2,2020-03-26,2114.0
T2,2020-03-27,3146.0
T2,2020-03-28,2958.0
T2,2020-03-29,3100.0
T2,2020-03-30,3457.0
T2,2020-03-31,1371.0
T2,2020-04-01,2451.0
T2,2020-04-02,1818.0
T2,2020-04-03,2490.0
T2,2020-04-04,3262.0
T2,2020-04-05,3306.0
T2,2020-04-06,3116.0
T2,2020-04-07,3430.0
T2,2020-04-08,3119.0
T2,2020-04-09,2786.0
T2,2020-04-10,3067.0
T2,2020-04-11,3266.0
T2,2020-04-12,3307.0
T2,2020-04-13,3233.0
T2,2020-04-14,3709.0
T2,2020-04-15,3133.0
T2,2020-04-16,2831.0
T2,2020-04-17,3560.0
T2,2020-04-18,3703.0
T2,2020-04-19,3096.0
T2,2020-04-20,3789.0
T3,2009-05-19,27396.0
T3,2009-05-20,26640.0
T3,2009-05-21,26205.0
T3,2009-05-22,34014.0
T3,2009-05-23,29342.0
T3,2009-05-24,21149.0
T3,2009-05-25,22078.0
T3,2009-05-26,25363.0
T3,2009-05-27,25209.0
T3,2009-05-28,24848.0
T3,2009-05-29,33611.0
T3,2009-05-30,26676.0
T3,2009-05-31,24835.0
T3,2009-06-01,22663.0
T3,2009-06-02,22960.0
T3,2009-06-03,23618.0
T3,2009-06-04,26313.0
T3,2009-06-05,31035.0
T3,2009-06-06,26921.0
T3,2009-06-07,23733.0
T3,2009-06-08,17659.0
T3,2009-06-09,20101.0
T3,2009-06-10,20294.0
T3,2009-06-11,23612.0
T3,2009-06-12,28770.0
T3,2009-06-13,24942.0
T3,2009-06-14,18910.0
T3,2009-06-15,22457.0
T3,2009-06-16,22794.0
T3,2009-06-17,23255.0
T3,2009-06-18,25391.0
T3,2009-06-19,32004.0
T3,2009-06-20,26532.0
T3,2009-06-21,20545.0
T3,2009-06-22,23231.0
T3,2009-06-23,22460.0
T3,2009-06-24,25769.0
T3,2009-06-25,26716.0
T3,2009-06-26,33731.0
T3,2009-06-27,28991.0
T3,2009-06-28,23302.0
T3,2009-06-29,26350.0
T3,2009-06-30,25819.0
T3,2009-07-01,25015.0
T3,2009-07-02,23176.0
T3,2009-07-03,28618.0
T3,2009-07-04,25499.0
T3,2009-07-05,20825.0
T3,2009-07-06,24052.0
T3,2009-07-07,27106.0
T3,2009-07-08,27420.0
T3,2009-07-09,28785.0
T3,2009-07-10,31445.0
T3,2009-07-11,23355.0
T3,2009-07-12,22095.0
T3,2009-07-13,22091.0
T3,2009-07-14,24680.0
T3,2009-07-15,25783.0
T3,2009-07-16,27912.0
T3,2009-07-17,32348.0
T3,2009-07-18,28726.0
T3,2009-07-19,24209.0
T3,2009-07-20,27549.0
T3,2009-07-21,28463.0
T3,2009-07-22,24107.0
T3,2009-07-23,27478.0
T3,2009-07-24,32614.0
T3,2009-07-25,29330.0
T3,2009-07-26,22692.0
T3,2009-07-27,26055.0
T3,2009-07-28,26830.0
T3,2009-07-29,27807.0
T3,2009-07-30,25839.0
T3,2009-07-31,34306.0
T3,2009-08-01,29304.0
T3,2009-08-02,23167.0
T3,2009-08-03,26709.0
T3,2009-08-04,24969.0
T3,2009-08-05,27960.0
T3,2009-08-06,27955.0
T3,2009-08-07,34347.0
T3,2009-08-08,31057.0
T3,2009-08-09,25726.0
T3,2009-08-10,24252.0
T3,2009-08-11,25099.0
T3,2009-08-12,26568.0
T3,2009-08-13,28213.0
T3,2009-08-14,35398.0
T3,2009-08-15,30279.0
T3,2009-08-16,21130.0
T3,2009-08-17,25211.0
T3,2009-08-18,26251.0
T3,2009-08-19,27232.0
T3,2009-08-20,27090.0
T3,2009-08-21,31101.0
T3,2009-08-22,30102.0
T3,2009-08-23,22037.0
T3,2009-08-24,21556.0
T3,2009-08-25,21301.0
T3,2009-08-26,24978.0
T3,2009-08-27,27898.0
T3,2009-08-28,34009.0
T3,2009-08-29,25800.0
T3,2009-08-30,20603.0
T3,2009-08-31,20130.0
T3,2009-09-01,23776.0
T3,2009-09-02,24810.0
T3,2009-09-03,24942.0
T3,2009-09-04,29562.0
T3,2009-09-05,28356.0
T3,2009-09-06,19360.0
T3,2009-09-07,21793.0
T3,2009-09-08,22881.0
T3,2009-09-09,24628.0
T3,2009-09-10,25305.0
T3,2009-09-11,33196.0
T3,2009-09-12,29303.0
T3,2009-09-13,20275.0
T3,2009-09-14,23957.0
T3,2009-09-15,26108.0
T3,2009-09-16,26690.0
T3,2009-09-17,21324.0
T3,2009-09-18,33632.0
T3,2009-09-19,25001.0
T3,2009-09-20,22984.0
T3,2009-09-21,27311.0
T3,2009-09-22,28225.0
T3,2009-09-23,28155.0
T3,2009-09-24,28179.0
T3,2009-09-25,30935.0
T3,2009-09-26,22236.0
T3,2009-09-27,18823.0
T3,2009-09-28,26210.0
T3,2009-09-29,30960.0
T3,2009-09-30,31119.0
T3,2009-10-01,29758.0
T3,2009-10-02,32890.0
T3,2009-10-03,28949.0
T3,2009-10-04,16692.0
T3,2009-10-05,20398.0
T3,2009-10-06,19221.0
T3,2009-10-07,23773.0
T3,2009-10-08,21887.0
T3,2009-10-09,33395.0
T3,2009-10-10,29485.0
T3,2009-10-11,22015.0
T3,2009-10-12,23300.0
T3,2009-10-13,20550.0
T3,2009-10-14,17927.0
T3,2009-10-15,18245.0
T3,2009-10-16,27084.0
T3,2009-10-17,21148.0
T3,2009-10-18,15503.0
T3,2009-10-19,18754.0
T3,2009-10-20,21155.0
T3,2009-10-21,20554.0
T3,2009-10-22,19732.0
T3,2009-10-23,23964.0
T3,2009-10-24,21694.0
T3,2009-10-25,19238.0
T3,2009-10-26,24130.0
T3,2009-10-27,23849.0
T3,2009-10-28,24766.0
T3,2009-10-29,26731.0
T3,2009-10-30,30982.0
T3,2009-10-31,26560.0
T3,2009-11-01,20941.0
T3,2009-11-02,32324.0
T3,2009-11-03,18070.0
T3,2009-11-04,23277.0
T3,2009-11-05,24074.0
T3,2009-11-06,32309.0
T3,2009-11-07,28570.0
T3,2009-11-08,20770.0
T3,2009-11-09,23931.0
T3,2009-11-10,24564.0
T3,2009-11-11,25133.0
T3,2009-11-12,27938.0
T3,2009-11-13,34605.0
T3,2009-11-14,30478.0
T3,2009-11-15,23156.0
T3,2009-11-16,25854.0
T3,2009-11-17,26842.0
T3,2009-11-18,29047.0
T3,2009-11-19,27081.0
T3,2009-11-20,31133.0
T3,2009-11-21,26509.0
T3,2009-11-22,19188.0
T3,2009-11-23,26649.0
T3,2009-11-24,30541.0
T3,2009-11-25,27456.0
T3,2009-11-26,25525.0
T3,2009-11-27,34316.0
T3,2009-11-28,26033.0
T3,2009-11-29,22023.0
T3,2009-11-30,25160.0
T3,2009-12-01,27029.0
T3,2009-12-02,27712.0
T3,2009-12-03,25845.0
T3,2009-12-04,30853.0
T3,2009-12-05,26668.0
T3,2009-12-06,23101.0
T3,2009-12-07,23667.0
T3,2009-12-08,21722.0
T3,2009-12-09,27068.0
T3,2009-12-10,24918.0
T3,2009-12-11,29854.0
T3,2009-12-12,29461.0
T3,2009-12-13,21887.0
T3,2009-12-14,24729.0
T3,2009-12-15,26674.0
T3,2009-12-16,24404.0
T3,2009-12-17,22518.0
T3,2009-12-18,31787.0
T3,2009-12-19,26937.0
T3,2009-12-20,22659.0
T3,2009-12-21,26658.0
T3,2009-12-22,27061.0
T3,2009-12-23,26801.0
T3,2009-12-24,23639.0
T3,2009-12-25,16307.0
T3,2009-12-26,35509.0
T3,2009-12-27,23396.0
T3,2009-12-28,23573.0
T3,2009-12-29,24638.0
T3,2009-12-30,23270.0
T3,2009-12-31,25420.0
T3,2010-01-01,26165.0
T3,2010-01-02,21873.0
T3,2010-01-03,19521.0
T3,2010-01-04,23005.0
T3,2010-01-05,22711.0
T3,2010-01-06,23332.0
T3,2010-01-07,22977.0
T3,2010-01-08,25216.0
T3,2010-01-09,19450.0
T3,2010-01-10,17289.0
T3,2010-01-11,17708.0
T3,2010-01-12,17830.0
T3,2010-01-13,22374.0
T3,2010-01-14,23711.0
T3,2010-01-15,27558.0
T3,2010-01-16,22965.0
T3,2010-01-17,19100.0
T3,2010-01-18,19772.0
T3,2010-01-19,23326.0
T3,2010-01-20,24297.0
T3,2010-01-21,22907.0
T3,2010-01-22,27796.0
T3,2010-01-23,22933.0
T3,2010-01-24,20377.0
T3,2010-01-25,25063.0
T3,2010-01-26,22357.0
T3,2010-01-27,25811.0
T3,2010-01-28,25910.0
T3,2010-01-29,28499.0
T3,2010-01-30,24542.0
T3,2010-01-31,16804.0
T3,2010-02-01,21445.0
T3,2010-02-02,21580.0
T3,2010-02-03,21523.0
T3,2010-02-04,20034.0
T3,2010-02-05,26118.0
T3,2010-02-06,25127.0
T3,2010-02-07,19177.0
T3,2010-02-08,21379.0
T3,2010-02-09,21533.0
T3,2010-02-10,21988.0
T3,2010-02-11,22248.0
T3,2010-02-12,29439.0
T3,2010-02-13,27477.0
T3,2010-02-14,30409.0
T3,2010-02-15,24570.0
T3,2010-02-16,25399.0
T3,2010-02-17,26132.0
T3,2010-02-18,26966.0
T3,2010-02-19,31536.0
T3,2010-02-20,26700.0
T3,2010-02-21,21955.0
T3,2010-02-22,25424.0
T3,2010-02-23,32578.0
T3,2010-02-24,28492.0
T3,2010-02-25,30044.0
T3,2010-02-26,33707.0
T3,2010-02-27,29113.0
T3,2010-02-28,23167.0
T3,2010-03-01,29539.0
T3,2010-03-02,31305.0
T3,2010-03-03,31882.0
T3,2010-03-04,31381.0
T3,2010-03-05,34946.0
T3,2010-03-06,26532.0
T3,2010-03-07,24454.0
T3,2010-03-08,30489.0
T3,2010-03-09,31628.0
T3,2010-03-10,30680.0
T3,2010-03-11,31415.0
T3,2010-03-12,37659.0
T3,2010-03-13,33495.0
T3,2010-03-14,26048.0
T3,2010-03-15,29207.0
T3,2010-03-16,29682.0
T3,2010-03-17,28333.0
T3,2010-03-18,29771.0
T3,2010-03-19,34952.0
T3,2010-03-20,31122.0
T3,2010-03-21,24279.0
T3,2010-03-22,27741.0
T3,2010-03-23,28085.0
T3,2010-03-24,27779.0
T3,2010-03-25,30545.0
T3,2010-03-26,34557.0
T3,2010-03-27,31017.0
T3,2010-03-28,19238.0
T3,2010-03-29,21486.0
T3,2010-03-30,25820.0
T3,2010-03-31,23827.0
T3,2010-04-01,26121.0
T3,2010-04-02,22223.0
T3,2010-04-03,24008.0
T3,2010-04-04,31685.0
T3,2010-04-05,25099.0
T3,2010-04-06,30870.0
T3,2010-04-07,30232.0
T3,2010-04-08,32626.0
T3,2010-04-09,36246.0
T3,2010-04-10,29319.0
T3,2010-04-11,20372.0
T3,2010-04-12,24952.0
T3,2010-04-13,27395.0
T3,2010-04-14,27920.0
T3,2010-04-15,29463.0
T3,2010-04-16,36176.0
T3,2010-04-17,30527.0
T3,2010-04-18,22197.0
T3,2010-04-19,25342.0
T3,2010-04-20,26692.0
T3,2010-04-21,26387.0
T3,2010-04-22,28445.0
T3,2010-04-23,29694.0
T3,2010-04-24,27862.0
T3,2010-04-25,30759.0
T3,2010-04-26,20860.0
T3,2010-04-27,24715.0
T3,2010-04-28,27359.0
T3,2010-04-29,27717.0
T3,2010-04-30,34156.0
T3,2010-05-01,31156.0
T3,2010-05-02,21917.0
T3,2010-05-03,26346.0
T3,2010-05-04,24559.0
T3,2010-05-05,26484.0
T3,2010-05-06,28537.0
T3,2010-05-07,32628.0
T3,2010-05-08,30380.0
T3,2010-05-09,20670.0
T3,2010-05-10,24509.0
T3,2010-05-11,23931.0
T3,2010-05-12,25323.0
T3,2010-05-13,26007.0
T3,2010-05-14,32571.0
T3,2010-05-15,30489.0
T3,2010-05-16,21605.0
T3,2010-05-17,24273.0
T3,2010-05-18,25741.0
T3,2010-05-19,26648.0
T3,2010-05-20,26297.0
T3,2010-05-21,32575.0
T3,2010-05-22,26682.0
T3,2010-05-23,20867.0
T3,2010-05-24,22171.0
T3,2010-05-25,23604.0
T3,2010-05-26,25561.0
T3,2010-05-27,26627.0
T3,2010-05-28,31349.0
T3,2010-05-29,27468.0
T3,2010-05-30,20439.0
T3,2010-05-31,23809.0
T3,2010-06-01,24737.0
T3,2010-06-02,24157.0
T3,2010-06-03,29854.0
T3,2010-06-04,24090.0
T3,2010-06-05,19803.0
T3,2010-06-06,22249.0
T3,2010-06-07,22676.0
T3,2010-06-08,21010.0
T3,2010-06-09,25284.0
T3,2010-06-10,30473.0
T3,2010-06-11,25531.0
T3,2010-06-12,23433.0
T3,2010-06-13,19598.0
T3,2010-06-14,22840.0
T3,2010-06-15,22698.0
T3,2010-06-16,22634.0
T3,2010-06-17,29721.0
T3,2010-06-18,27179.0
T3,2010-06-19,19492.0
T3,2010-06-20,21871.0
T3,2010-06-21,23492.0
T3,2010-06-22,24319.0
T3,2010-06-23,26257.0
T3,2010-06-24,25072.0
T3,2010-06-25,24783.0
T3,2010-06-26,20716.0
T3,2010-06-27,22471.0
T3,2010-06-28,21854.0
T3,2010-06-29,25485.0
T3,2010-06-30,26289.0
T3,2010-07-01,28951.0
T3,2010-07-02,26587.0
T3,2010-07-03,21806.0
T3,2010-07-04,25701.0
T3,2010-07-05,27342.0
T3,2010-07-06,26945.0
T3,2010-07-07,27041.0
T3,2010-07-08,32516.0
T3,2010-07-09,26478.0
T3,2010-07-10,22421.0
T3,2010-07-11,23579.0
T3,2010-07-12,24256.0
T3,2010-07-13,21667.0
T3,2010-07-14,26233.0
T3,2010-07-15,30961.0
T3,2010-07-16,27282.0
T3,2010-07-17,18052.0
T3,2010-07-18,26082.0
T3,2010-07-19,25025.0
T3,2010-07-20,27928.0
T3,2010-07-21,26331.0
T3,2010-07-22,32828.0
T3,2010-07-23,30203.0
T3,2010-07-24,23802.0
T3,2010-07-25,27000.0
T3,2010-07-26,28817.0
T3,2010-07-27,23225.0
T3,2010-07-28,25628.0
T3,2010-07-29,34483.0
T3,2010-07-30,30384.0
T3,2010-07-31,19657.0
T3,2010-08-01,25183.0
T3,2010-08-02,26030.0
T3,2010-08-03,23612.0
T3,2010-08-04,26780.0
T3,2010-08-05,33567.0
T3,2010-08-06,29416.0
T3,2010-08-07,27437.0
T3,2010-08-08,26912.0
T3,2010-08-09,21726.0
T3,2010-08-10,21240.0
T3,2010-08-11,25154.0
T3,2010-08-12,32149.0
T3,2010-08-13,29656.0
T3,2010-08-14,22320.0
T3,2010-08-15,22551.0
T3,2010-08-16,25244.0
T3,2010-08-17,22457.0
T3,2010-08-18,24704.0
T3,2010-08-19,30686.0
T3,2010-08-20,27195.0
T3,2010-08-21,21582.0
T3,2010-08-22,23177.0
T3,2010-08-23,20874.0
T3,2010-08-24,22774.0
T3,2010-08-25,23854.0
T3,2010-08-26,30434.0
T3,2010-08-27,29758.0
T3,2010-08-28,23220.0
T3,2010-08-29,22114.0
T3,2010-08-30,19845.0
T3,2010-08-31,19424.0
T3,2010-09-01,23493.0
T3,2010-09-02,30917.0
T3,2010-09-03,24909.0
T3,2010-09-04,18394.0
T3,2010-09-05,22049.0
T3,2010-09-06,24225.0
T3,2010-09-07,25950.0
T3,2010-09-08,26260.0
T3,2010-09-09,29966.0
T3,2010-09-10,28554.0
T3,2010-09-11,20863.0
T3,2010-09-12,23266.0
T3,2010-09-13,25261.0
T3,2010-09-14,23268.0
T3,2010-09-15,25273.0
T3,2010-09-16,31256.0
T3,2010-09-17,26425.0
T3,2010-09-18,21573.0
T3,2010-09-19,25042.0
T3,2010-09-20,26610.0
T3,2010-09-21,29006.0
T3,2010-09-22,27576.0
T3,2010-09-23,36951.0
T3,2010-09-24,24840.0
T3,2010-09-25,23692.0
T3,2010-09-26,23609.0
T3,2010-09-27,25977.0
T3,2010-09-28,28814.0
T3,2010-09-29,29171.0
T3,2010-09-30,34752.0
T3,2010-10-01,27600.0
T3,2010-10-02,17841.0
T3,2010-10-03,17830.0
T3,2010-10-04,19069.0
T3,2010-10-05,17796.0
T3,2010-10-06,23205.0
T3,2010-10-07,24554.0
T3,2010-10-08,21778.0
T3,2010-10-09,17865.0
T3,2010-10-10,19545.0
T3,2010-10-11,19715.0
T3,2010-10-12,17303.0
T3,2010-10-13,21530.0
T3,2010-10-14,18921.0
T3,2010-10-15,17855.0
T3,2010-10-16,15437.0
T3,2010-10-17,16312.0
T3,2010-10-18,19777.0
T3,2010-10-19,21280.0
T3,2010-10-20,23193.0
T3,2010-10-21,24110.0
T3,2010-10-22,18539.0
T3,2010-10-23,15391.0
T3,2010-10-24,17619.0
T3,2010-10-25,16752.0
T3,2010-10-26,17342.0
T3,2010-10-27,19689.0
T3,2010-10-28,25309.0
T3,2010-10-29,13076.0
T3,2010-10-30,17780.0
T3,2010-10-31,28745.0
T3,2010-11-01,18120.0
T3,2010-11-02,22716.0
T3,2010-11-03,23770.0
T3,2010-11-04,30860.0
T3,2010-11-05,28118.0
T3,2010-11-06,20309.0
T3,2010-11-07,24125.0
T3,2010-11-08,24828.0
T3,2010-11-09,24100.0
T3,2010-11-10,27692.0
T3,2010-11-11,29760.0
T3,2010-11-12,21923.0
T3,2010-11-13,20736.0
T3,2010-11-14,22661.0
T3,2010-11-15,24678.0
T3,2010-11-16,29600.0
T3,2010-11-17,24890.0
T3,2010-11-18,33306.0
T3,2010-11-19,29698.0
T3,2010-11-20,23525.0
T3,2010-11-21,26089.0
T3,2010-11-22,26894.0
T3,2010-11-23,25062.0
T3,2010-11-24,23180.0
T3,2010-11-25,29415.0
T3,2010-11-26,21751.0
T3,2010-11-27,20772.0
T3,2010-11-28,24104.0
T3,2010-11-29,25187.0
T3,2010-11-30,23885.0
T3,2010-12-01,24443.0
T3,2010-12-02,30178.0
T3,2010-12-03,26692.0
T3,2010-12-04,23164.0
T3,2010-12-05,23233.0
T3,2010-12-06,21900.0
T3,2010-12-07,19898.0
T3,2010-12-08,25923.0
T3,2010-12-09,29973.0
T3,2010-12-10,26695.0
T3,2010-12-11,20036.0
T3,2010-12-12,25299.0
T3,2010-12-13,26761.0
T3,2010-12-14,25095.0
T3,2010-12-15,27137.0
T3,2010-12-16,29330.0
T3,2010-12-17,24878.0
T3,2010-12-18,18247.0
T3,2010-12-19,24345.0
T3,2010-12-20,26211.0
T3,2010-12-21,28298.0
T3,2010-12-22,28310.0
T3,2010-12-23,27375.0
T3,2010-12-24,17351.0
T3,2010-12-25,32565.0
T3,2010-12-26,22916.0
T3,2010-12-27,24223.0
T3,2010-12-28,23956.0
T3,2010-12-29,23723.0
T3,2010-12-30,28151.0
T3,2010-12-31,27232.0
T3,2011-01-01,19100.0
T3,2011-01-02,19261.0
T3,2011-01-03,23144.0
T3,2011-01-04,22481.0
T3,2011-01-05,24131.0
T3,2011-01-06,25271.0
T3,2011-01-07,19556.0
T3,2011-01-08,19506.0
T3,2011-01-09,20202.0
T3,2011-01-10,21229.0
T3,2011-01-11,21942.0
T3,2011-01-12,19096.0
T3,2011-01-13,25462.0
T3,2011-01-14,24793.0
T3,2011-01-15,20574.0
T3,2011-01-16,21489.0
T3,2011-01-17,22360.0
T3,2011-01-18,23698.0
T3,2011-01-19,25939.0
T3,2011-01-20,27872.0
T3,2011-01-21,25957.0
T3,2011-01-22,20597.0
T3,2011-01-23,22731.0
T3,2011-01-24,26599.0
T3,2011-01-25,23172.0
T3,2011-01-26,25287.0
T3,2011-01-27,28411.0
T3,2011-01-28,24660.0
T3,2011-01-29,17419.0
T3,2011-01-30,20904.0
T3,2011-01-31,19100.0
T3,2011-02-01,23910.0
T3,2011-02-02,24403.0
T3,2011-02-03,23437.0
T3,2011-02-04,20958.0
T3,2011-02-05,23574.0
T3,2011-02-06,22575.0
T3,2011-02-07,23271.0
T3,2011-02-08,24636.0
T3,2011-02-09,23984.0
T3,2011-02-10,24950.0
T3,2011-02-11,27374.0
T3,2011-02-12,21243.0
T3,2011-02-13,28640.0
T3,2011-02-14,25587.0
T3,2011-02-15,26063.0
T3,2011-02-16,27251.0
T3,2011-02-17,30993.0
T3,2011-02-18,28405.0
T3,2011-02-19,22387.0
T3,2011-02-20,25234.0
T3,2011-02-21,27188.0
T3,2011-02-22,28046.0
T3,2011-02-23,29927.0
T3,2011-02-24,34018.0
T3,2011-02-25,30351.0
T3,2011-02-26,22916.0
T3,2011-02-27,28998.0
T3,2011-02-28,31111.0
T3,2011-03-01,31770.0
T3,2011-03-02,32195.0
T3,2011-03-03,35127.0
T3,2011-03-04,35281.0
T3,2011-03-05,27517.0
T3,2011-03-06,29880.0
T3,2011-03-07,30301.0
T3,2011-03-08,27541.0
T3,2011-03-09,29594.0
T3,2011-03-10,38284.0
T3,2011-03-11,34253.0
T3,2011-03-12,23830.0
T3,2011-03-13,33823.0
T3,2011-03-14,29440.0
T3,2011-03-15,28699.0
T3,2011-03-16,28865.0
T3,2011-03-17,35414.0
T3,2011-03-18,31941.0
T3,2011-03-19,24066.0
T3,2011-03-20,26520.0
T3,2011-03-21,27770.0
T3,2011-03-22,28769.0
T3,2011-03-23,26466.0
T3,2011-03-24,33995.0
T3,2011-03-25,36078.0
T3,2011-03-26,21399.0
T3,2011-03-27,20271.0
T3,2011-03-28,25279.0
T3,2011-03-29,24443.0
T3,2011-03-30,22247.0
T3,2011-03-31,33487.0
T3,2011-04-01,22496.0
T3,2011-04-02,23284.0
T3,2011-04-03,25952.0
T3,2011-04-04,29445.0
T3,2011-04-05,31227.0
T3,2011-04-06,30700.0
T3,2011-04-07,38815.0
T3,2011-04-08,26807.0
T3,2011-04-09,23432.0
T3,2011-04-10,28575.0
T3,2011-04-11,27879.0
T3,2011-04-12,29008.0
T3,2011-04-13,32833.0
T3,2011-04-14,39724.0
T3,2011-04-15,32265.0
T3,2011-04-16,27872.0
T3,2011-04-17,29834.0
T3,2011-04-18,31678.0
T3,2011-04-19,30306.0
T3,2011-04-20,36722.0
T3,2011-04-21,31699.0
T3,2011-04-22,33576.0
T3,2011-04-23,27615.0
T3,2011-04-24,30236.0
T3,2011-04-25,25504.0
T3,2011-04-26,26701.0
T3,2011-04-27,29292.0
T3,2011-04-28,31749.0
T3,2011-04-29,29264.0
T3,2011-04-30,20895.0
T3,2011-05-01,24934.0
T3,2011-05-02,26053.0
T3,2011-05-03,26086.0
T3,2011-05-04,26791.0
T3,2011-05-05,33364.0
T3,2011-05-06,27168.0
T3,2011-05-07,18718.0
T3,2011-05-08,23819.0
T3,2011-05-09,25047.0
T3,2011-05-10,21728.0
T3,2011-05-11,23733.0
T3,2011-05-12,30785.0
T3,2011-05-13,26586.0
T3,2011-05-14,21552.0
T3,2011-05-15,23851.0
T3,2011-05-16,25794.0
T3,2011-05-17,26580.0
T3,2011-05-18,27382.0
T3,2011-05-19,35090.0
T3,2011-05-20,40703.0
T3,2011-05-21,27164.0
T3,2011-05-22,27099.0
T3,2011-05-23,24972.0
T3,2011-05-24,25621.0
T3,2011-05-25,25723.0
T3,2011-05-26,32435.0
T3,2011-05-27,30724.0
T3,2011-05-28,22628.0
T3,2011-05-29,23562.0
T3,2011-05-30,23658.0
T3,2011-05-31,24888.0
T3,2011-06-01,26429.0
T3,2011-06-02,30768.0
T3,2011-06-03,27477.0
T3,2011-06-04,23436.0
T3,2011-06-05,22645.0
T3,2011-06-06,20675.0
T3,2011-06-07,22827.0
T3,2011-06-08,25230.0
T3,2011-06-09,32726.0
T3,2011-06-10,29719.0
T3,2011-06-11,25742.0
T3,2011-06-12,21085.0
T3,2011-06-13,24250.0
T3,2011-06-14,25990.0
T3,2011-06-15,26595.0
T3,2011-06-16,31539.0
T3,2011-06-17,29064.0
T3,2011-06-18,22737.0
T3,2011-06-19,23370.0
T3,2011-06-20,21519.0
T3,2011-06-21,25124.0
T3,2011-06-22,28483.0
T3,2011-06-23,34995.0
T3,2011-06-24,31489.0
T3,2011-06-25,24387.0
T3,2011-06-26,23974.0
T3,2011-06-27,25297.0
T3,2011-06-28,27398.0
T3,2011-06-29,27774.0
T3,2011-06-30,32611.0
T3,2011-07-01,29466.0
T3,2011-07-02,22139.0
T3,2011-07-03,25971.0
T3,2011-07-04,23239.0
T3,2011-07-05,24554.0
T3,2011-07-06,26410.0
T3,2011-07-07,30721.0
T3,2011-07-08,28641.0
T3,2011-07-09,19364.0
T3,2011-07-10,24779.0
T3,2011-07-11,27149.0
T3,2011-07-12,26527.0
T3,2011-07-13,29240.0
T3,2011-07-14,33646.0
T3,2011-07-15,29543.0
T3,2011-07-16,21948.0
T3,2011-07-17,25267.0
T3,2011-07-18,27020.0
T3,2011-07-19,26461.0
T3,2011-07-20,26428.0
T3,2011-07-21,33808.0
T3,2011-07-22,29294.0
T3,2011-07-23,21982.0
T3,2011-07-24,23271.0
T3,2011-07-25,26212.0
T3,2011-07-26,28030.0
T3,2011-07-27,29183.0
T3,2011-07-28,35823.0
T3,2011-07-29,30591.0
T3,2011-07-30,22090.0
T3,2011-07-31,25433.0
T3,2011-08-01,27695.0
T3,2011-08-02,28898.0
T3,2011-08-03,29001.0
T3,2011-08-04,32847.0
T3,2011-08-05,28719.0
T3,2011-08-06,22910.0
T3,2011-08-07,24895.0
T3,2011-08-08,24636.0
T3,2011-08-09,23588.0
T3,2011-08-10,28143.0
T3,2011-08-11,34556.0
T3,2011-08-12,31183.0
T3,2011-08-13,29263.0
T3,2011-08-14,23018.0
T3,2011-08-15,25773.0
T3,2011-08-16,22985.0
T3,2011-08-17,25712.0
T3,2011-08-18,33798.0
T3,2011-08-19,30948.0
T3,2011-08-20,26559.0
T3,2011-08-21,25590.0
T3,2011-08-22,26295.0
T3,2011-08-23,27334.0
T3,2011-08-24,26190.0
T3,2011-08-25,32701.0
T3,2011-08-26,29288.0
T3,2011-08-27,23692.0
T3,2011-08-28,21828.0
T3,2011-08-29,23352.0
T3,2011-08-30,24487.0
T3,2011-08-31,25815.0
T3,2011-09-01,34654.0
T3,2011-09-02,30703.0
T3,2011-09-03,20649.0
T3,2011-09-04,25747.0
T3,2011-09-05,23154.0
T3,2011-09-06,25246.0
T3,2011-09-07,26351.0
T3,2011-09-08,29362.0
T3,2011-09-09,28708.0
T3,2011-09-10,21193.0
T3,2011-09-11,24083.0
T3,2011-09-12,25195.0
T3,2011-09-13,24338.0
T3,2011-09-14,28042.0
T3,2011-09-15,34555.0
T3,2011-09-16,29861.0
T3,2011-09-17,22940.0
T3,2011-09-18,25847.0
T3,2011-09-19,23404.0
T3,2011-09-20,26887.0
T3,2011-09-21,28872.0
T3,2011-09-22,32613.0
T3,2011-09-23,28396.0
T3,2011-09-24,25446.0
T3,2011-09-25,29533.0
T3,2011-09-26,29034.0
T3,2011-09-27,21919.0
T3,2011-09-28,24254.0
T3,2011-09-29,31764.0
T3,2011-09-30,22246.0
T3,2011-10-01,23628.0
T3,2011-10-02,28000.0
T3,2011-10-03,29269.0
T3,2011-10-04,30281.0
T3,2011-10-05,33549.0
T3,2011-10-06,30060.0
T3,2011-10-07,21856.0
T3,2011-10-08,22623.0
T3,2011-10-09,24546.0
T3,2011-10-10,26391.0
T3,2011-10-11,28720.0
T3,2011-10-12,35353.0
T3,2011-10-13,29551.0
T3,2011-10-14,21534.0
T3,2011-10-15,26094.0
T3,2011-10-16,27623.0
T3,2011-10-17,29827.0
T3,2011-10-18,27689.0
T3,2011-10-19,36823.0
T3,2011-10-20,28133.0
T3,2011-10-21,25330.0
T3,2011-10-22,19687.0
T3,2011-10-23,25355.0
T3,2011-10-24,30839.0
T3,2011-10-25,29035.0
T3,2011-10-26,29661.0
T3,2011-10-27,26903.0
T3,2011-10-28,22532.0
T3,2011-10-29,31441.0
T3,2011-10-30,21432.0
T3,2011-10-31,10882.0
T3,2011-11-01,20901.0
T3,2011-11-02,31774.0
T3,2011-11-03,29899.0
T3,2011-11-04,22058.0
T3,2011-11-05,26085.0
T3,2011-11-06,24708.0
T3,2011-11-07,24005.0
T3,2011-11-08,27463.0
T3,2011-11-09,35262.0
T3,2011-11-10,29572.0
T3,2011-11-11,22850.0
T3,2011-11-12,25729.0
T3,2011-11-13,26107.0
T3,2011-11-14,26455.0
T3,2011-11-15,30651.0
T3,2011-11-16,33237.0
T3,2011-11-17,25703.0
T3,2011-11-18,25900.0
T3,2011-11-19,27661.0
T3,2011-11-20,27969.0
T3,2011-11-21,27557.0
T3,2011-11-22,31978.0
T3,2011-11-23,34061.0
T3,2011-11-24,23114.0
T3,2011-11-25,26401.0
T3,2011-11-26,26147.0
T3,2011-11-27,26896.0
T3,2011-11-28,23982.0
T3,2011-11-29,27486.0
T3,2011-11-30,32982.0
T3,2011-12-01,29833.0
T3,2011-12-02,24609.0
T3,2011-12-03,26033.0
T3,2011-12-04,27576.0
T3,2011-12-05,28919.0
T3,2011-12-06,27913.0
T3,2011-12-07,30141.0
T3,2011-12-08,26196.0
T3,2011-12-09,23101.0
T3,2011-12-10,24775.0
T3,2011-12-11,25292.0
T3,2011-12-12,29055.0
T3,2011-12-13,28382.0
T3,2011-12-14,33073.0
T3,2011-12-15,28645.0
T3,2011-12-16,23987.0
T3,2011-12-17,26194.0
T3,2011-12-18,26354.0
T3,2011-12-19,28319.0
T3,2011-12-20,30067.0
T3,2011-12-21,32126.0
T3,2011-12-22,24895.0
T3,2011-12-23,15364.0
T3,2011-12-24,37716.0
T3,2011-12-25,26163.0
T3,2011-12-26,25251.0
T3,2011-12-27,25167.0
T3,2011-12-28,26481.0
T3,2011-12-29,30808.0
T3,2011-12-30,27752.0
T3,2011-12-31,17162.0
T3,2012-01-01,19143.0
T3,2012-01-02,21062.0
T3,2012-01-03,23101.0
T3,2012-01-04,27542.0
T3,2012-01-05,23457.0
T3,2012-01-06,20678.0
T3,2012-01-07,24025.0
T3,2012-01-08,23682.0
T3,2012-01-09,20801.0
T3,2012-01-10,24987.0
T3,2012-01-11,26849.0
T3,2012-01-12,24562.0
T3,2012-01-13,22224.0
T3,2012-01-14,23374.0
T3,2012-01-15,21977.0
T3,2012-01-16,22725.0
T3,2012-01-17,24515.0
T3,2012-01-18,27967.0
T3,2012-01-19,24608.0
T3,2012-01-20,20971.0
T3,2012-01-21,24538.0
T3,2012-01-22,23470.0
T3,2012-01-23,26517.0
T3,2012-01-24,24051.0
T3,2012-01-25,26449.0
T3,2012-01-26,23364.0
T3,2012-01-27,21701.0
T3,2012-01-28,21488.0
T3,2012-01-29,22324.0
T3,2012-01-30,23714.0
T3,2012-01-31,25795.0
T3,2012-02-01,28716.0
T3,2012-02-02,29976.0
T3,2012-02-03,21115.0
T3,2012-02-04,24509.0
T3,2012-02-05,23561.0
T3,2012-02-06,25147.0
T3,2012-02-07,26060.0
T3,2012-02-08,30574.0
T3,2012-02-09,27479.0
T3,2012-02-10,20988.0
T3,2012-02-11,26780.0
T3,2012-02-12,30136.0
T3,2012-02-13,25509.0
T3,2012-02-14,22813.0
T3,2012-02-15,32257.0
T3,2012-02-16,30899.0
T3,2012-02-17,25321.0
T3,2012-02-18,26865.0
T3,2012-02-19,29250.0
T3,2012-02-20,30057.0
T3,2012-02-21,30444.0
T3,2012-02-22,34126.0
T3,2012-02-23,31736.0
T3,2012-02-24,23974.0
T3,2012-02-25,26900.0
T3,2012-02-26,30883.0
T3,2012-02-27,32054.0
T3,2012-02-28,31170.0
T3,2012-02-29,37551.0
T3,2012-03-01,26085.0
T3,2012-03-02,24278.0
T3,2012-03-03,29476.0
T3,2012-03-04,30854.0
T3,2012-03-05,31751.0
T3,2012-03-06,31832.0
T3,2012-03-07,39753.0
T3,2012-03-08,34248.0
T3,2012-03-09,30044.0
T3,2012-03-10,29218.0
T3,2012-03-11,31122.0
T3,2012-03-12,29453.0
T3,2012-03-13,28380.0
T3,2012-03-14,34994.0
T3,2012-03-15,36188.0
T3,2012-03-16,28167.0
T3,2012-03-17,30202.0
T3,2012-03-18,29739.0
T3,2012-03-19,24985.0
T3,2012-03-20,31619.0
T3,2012-03-21,32264.0
T3,2012-03-22,31510.0
T3,2012-03-23,24918.0
T3,2012-03-24,27649.0
T3,2012-03-25,31507.0
T3,2012-03-26,30574.0
T3,2012-03-27,32143.0
T3,2012-03-28,39064.0
T3,2012-03-29,32344.0
T3,2012-03-30,27944.0
T3,2012-03-31,30982.0
T3,2012-04-01,32718.0
T3,2012-04-02,34363.0
T3,2012-04-03,37862.0
T3,2012-04-04,31040.0
T3,2012-04-05,33637.0
T3,2012-04-06,28382.0
T3,2012-04-07,22693.0
T3,2012-04-08,29423.0
T3,2012-04-09,30484.0
T3,2012-04-10,35456.0
T3,2012-04-11,38075.0
T3,2012-04-12,33361.0
T3,2012-04-13,24584.0
T3,2012-04-14,26809.0
T3,2012-04-15,29119.0
T3,2012-04-16,29727.0
T3,2012-04-17,30451.0
T3,2012-04-18,36521.0
T3,2012-04-19,33951.0
T3,2012-04-20,25624.0
T3,2012-04-21,27029.0
T3,2012-04-22,27203.0
T3,2012-04-23,28018.0
T3,2012-04-24,28683.0
T3,2012-04-25,35097.0
T3,2012-04-26,33027.0
T3,2012-04-27,24301.0
T3,2012-04-28,27031.0
T3,2012-04-29,28282.0
T3,2012-04-30,25066.0
T3,2012-05-01,26275.0
T3,2012-05-02,35866.0
T3,2012-05-03,32495.0
T3,2012-05-04,26951.0
T3,2012-05-05,25397.0
T3,2012-05-06,29302.0
T3,2012-05-07,28169.0
T3,2012-05-08,30195.0
T3,2012-05-09,35866.0
T3,2012-05-10,33664.0
T3,2012-05-11,19922.0
T3,2012-05-12,25227.0
T3,2012-05-13,27774.0
T3,2012-05-14,27922.0
T3,2012-05-15,29609.0
T3,2012-05-16,36756.0
T3,2012-05-17,32958.0
T3,2012-05-18,25775.0
T3,2012-05-19,27353.0
T3,2012-05-20,27597.0
T3,2012-05-21,28594.0
T3,2012-05-22,30159.0
T3,2012-05-23,26193.0
T3,2012-05-24,29901.0
T3,2012-05-25,24995.0
T3,2012-05-26,23816.0
T3,2012-05-27,25043.0
T3,2012-05-28,24521.0
T3,2012-05-29,27362.0
T3,2012-05-30,32573.0
T3,2012-05-31,29051.0
T3,2012-06-01,23373.0
T3,2012-06-02,19531.0
T3,2012-06-03,23171.0
T3,2012-06-04,24859.0
T3,2012-06-05,27694.0
T3,2012-06-06,30810.0
T3,2012-06-07,29624.0
T3,2012-06-08,28334.0
T3,2012-06-09,23462.0
T3,2012-06-10,26019.0
T3,2012-06-11,25476.0
T3,2012-06-12,27020.0
T3,2012-06-13,34940.0
T3,2012-06-14,30889.0
T3,2012-06-15,21894.0
T3,2012-06-16,24509.0
T3,2012-06-17,26116.0
T3,2012-06-18,25095.0
T3,2012-06-19,22412.0
T3,2012-06-20,31093.0
T3,2012-06-21,31562.0
T3,2012-06-22,25737.0
T3,2012-06-23,23634.0
T3,2012-06-24,26043.0
T3,2012-06-25,27929.0
T3,2012-06-26,28496.0
T3,2012-06-27,31599.0
T3,2012-06-28,30189.0
T3,2012-06-29,21372.0
T3,2012-06-30,25857.0
T3,2012-07-01,29221.0
T3,2012-07-02,29994.0
T3,2012-07-03,30420.0
T3,2012-07-04,34782.0
T3,2012-07-05,31454.0
T3,2012-07-06,26029.0
T3,2012-07-07,28496.0
T3,2012-07-08,29276.0
T3,2012-07-09,30397.0
T3,2012-07-10,29043.0
T3,2012-07-11,36421.0
T3,2012-07-12,32103.0
T3,2012-07-13,25778.0
T3,2012-07-14,29358.0
T3,2012-07-15,30194.0
T3,2012-07-16,27903.0
T3,2012-07-17,31031.0
T3,2012-07-18,35900.0
T3,2012-07-19,35721.0
T3,2012-07-20,28736.0
T3,2012-07-21,29459.0
T3,2012-07-22,31198.0
T3,2012-07-23,31120.0
T3,2012-07-24,29809.0
T3,2012-07-25,33309.0
T3,2012-07-26,33142.0
T3,2012-07-27,25957.0
T3,2012-07-28,27819.0
T3,2012-07-29,28976.0
T3,2012-07-30,30262.0
T3,2012-07-31,29623.0
T3,2012-08-01,37733.0
T3,2012-08-02,36212.0
T3,2012-08-03,26139.0
T3,2012-08-04,27890.0
T3,2012-08-05,30315.0
T3,2012-08-06,25279.0
T3,2012-08-07,27523.0
T3,2012-08-08,35921.0
T3,2012-08-09,33500.0
T3,2012-08-10,31101.0
T3,2012-08-11,28977.0
T3,2012-08-12,26705.0
T3,2012-08-13,28619.0
T3,2012-08-14,30712.0
T3,2012-08-15,34186.0
T3,2012-08-16,33595.0
T3,2012-08-17,30694.0
T3,2012-08-18,27851.0
T3,2012-08-19,28805.0
T3,2012-08-20,30091.0
T3,2012-08-21,29401.0
T3,2012-08-22,34769.0
T3,2012-08-23,32235.0
T3,2012-08-24,26108.0
T3,2012-08-25,24793.0
T3,2012-08-26,26715.0
T3,2012-08-27,26872.0
T3,2012-08-28,26196.0
T3,2012-08-29,35896.0
T3,2012-08-30,34784.0
T3,2012-08-31,26503.0
T3,2012-09-01,28288.0
T3,2012-09-02,31199.0
T3,2012-09-03,30274.0
T3,2012-09-04,29016.0
T3,2012-09-05,33016.0
T3,2012-09-06,30633.0
T3,2012-09-07,26572.0
T3,2012-09-08,27273.0
T3,2012-09-09,29964.0
T3,2012-09-10,27322.0
T3,2012-09-11,28240.0
T3,2012-09-12,35069.0
T3,2012-09-13,34090.0
T3,2012-09-14,25982.0
T3,2012-09-15,26556.0
T3,2012-09-16,25013.0
T3,2012-09-17,28872.0
T3,2012-09-18,30698.0
T3,2012-09-19,36024.0
T3,2012-09-20,37019.0
T3,2012-09-21,27139.0
T3,2012-09-22,29546.0
T3,2012-09-23,32937.0
T3,2012-09-24,34486.0
T3,2012-09-25,36029.0
T3,2012-09-26,33396.0
T3,2012-09-27,26571.0
T3,2012-09-28,27944.0
T3,2012-09-29,30470.0
T3,2012-09-30,30610.0
T3,2012-10-01,34277.0
T3,2012-10-02,34900.0
T3,2012-10-03,38217.0
T3,2012-10-04,26740.0
T3,2012-10-05,24522.0
T3,2012-10-06,25761.0
T3,2012-10-07,27342.0
T3,2012-10-08,27622.0
T3,2012-10-09,26693.0
T3,2012-10-10,33279.0
T3,2012-10-11,32332.0
T3,2012-10-12,28335.0
T3,2012-10-13,26056.0
T3,2012-10-14,24722.0
T3,2012-10-15,26510.0
T3,2012-10-16,29522.0
T3,2012-10-17,36133.0
T3,2012-10-18,35207.0
T3,2012-10-19,25571.0
T3,2012-10-20,26460.0
T3,2012-10-21,27909.0
T3,2012-10-22,28077.0
T3,2012-10-23,26190.0
T3,2012-10-24,31370.0
T3,2012-10-25,30654.0
T3,2012-10-26,27997.0
T3,2012-10-27,27114.0
T3,2012-10-28,28269.0
T3,2012-10-29,27800.0
T3,2012-10-30,23751.0
T3,2012-10-31,31822.0
T3,2012-11-01,31135.0
T3,2012-11-02,27085.0
T3,2012-11-03,32860.0
T3,2012-11-04,23418.0
T3,2012-11-05,27957.0
T3,2012-11-06,28662.0
T3,2012-11-07,30650.0
T3,2012-11-08,33032.0
T3,2012-11-09,27448.0
T3,2012-11-10,26425.0
T3,2012-11-11,27602.0
T3,2012-11-12,29355.0
T3,2012-11-13,31018.0
T3,2012-11-14,36147.0
T3,2012-11-15,33811.0
T3,2012-11-16,26898.0
T3,2012-11-17,29621.0
T3,2012-11-18,31495.0
T3,2012-11-19,29721.0
T3,2012-11-20,32078.0
T3,2012-11-21,38719.0
T3,2012-11-22,33887.0
T3,2012-11-23,28374.0
T3,2012-11-24,28505.0
T3,2012-11-25,26649.0
T3,2012-11-26,30511.0
T3,2012-11-27,25637.0
T3,2012-11-28,33269.0
T3,2012-11-29,31534.0
T3,2012-11-30,26577.0
T3,2012-12-01,25732.0
T3,2012-12-02,25478.0
T3,2012-12-03,27762.0
T3,2012-12-04,28792.0
T3,2012-12-05,33142.0
T3,2012-12-06,29610.0
T3,2012-12-07,27176.0
T3,2012-12-08,25317.0
T3,2012-12-09,28213.0
T3,2012-12-10,29926.0
T3,2012-12-11,25045.0
T3,2012-12-12,29917.0
T3,2012-12-13,31296.0
T3,2012-12-14,25821.0
T3,2012-12-15,25651.0
T3,2012-12-16,28135.0
T3,2012-12-17,29518.0
T3,2012-12-18,37062.0
T3,2012-12-19,35560.0
T3,2012-12-20,33307.0
T3,2012-12-21,26704.0
T3,2012-12-22,28816.0
T3,2012-12-23,22640.0
T3,2012-12-24,42736.0
T3,2012-12-25,29539.0
T3,2012-12-26,31066.0
T3,2012-12-27,28445.0
T3,2012-12-28,25151.0
T3,2012-12-29,34168.0
T3,2012-12-30,31132.0
T3,2012-12-31,26178.0
T3,2013-01-01,26662.0
T3,2013-01-02,24344.0
T3,2013-01-03,25085.0
T3,2013-01-04,22906.0
T3,2013-01-05,26166.0
T3,2013-01-06,24378.0
T3,2013-01-07,26579.0
T3,2013-01-08,26978.0
T3,2013-01-09,30313.0
T3,2013-01-10,27757.0
T3,2013-01-11,22778.0
T3,2013-01-12,26237.0
T3,2013-01-13,27682.0
T3,2013-01-14,27985.0
T3,2013-01-15,26435.0
T3,2013-01-16,30826.0
T3,2013-01-17,29550.0
T3,2013-01-18,24390.0
T3,2013-01-19,25969.0
T3,2013-01-20,28007.0
T3,2013-01-21,28833.0
T3,2013-01-22,28794.0
T3,2013-01-23,31467.0
T3,2013-01-24,33228.0
T3,2013-01-25,27538.0
T3,2013-01-26,24384.0
T3,2013-01-27,27628.0
T3,2013-01-28,28377.0
T3,2013-01-29,23700.0
T3,2013-01-30,30158.0
T3,2013-01-31,29073.0
T3,2013-02-01,24128.0
T3,2013-02-02,24823.0
T3,2013-02-03,25763.0
T3,2013-02-04,25150.0
T3,2013-02-05,26310.0
T3,2013-02-06,32563.0
T3,2013-02-07,28355.0
T3,2013-02-08,29965.0
T3,2013-02-09,26314.0
T3,2013-02-10,27917.0
T3,2013-02-11,29401.0
T3,2013-02-12,33077.0
T3,2013-02-13,33335.0
T3,2013-02-14,30021.0
T3,2013-02-15,24810.0
T3,2013-02-16,27153.0
T3,2013-02-17,25135.0
T3,2013-02-18,31597.0
T3,2013-02-19,29786.0
T3,2013-02-20,36191.0
T3,2013-02-21,43251.0
T3,2013-02-22,34399.0
T3,2013-02-23,28155.0
T3,2013-02-24,28911.0
T3,2013-02-25,29657.0
T3,2013-02-26,33920.0
T3,2013-02-27,38815.0
T3,2013-02-28,37829.0
T3,2013-03-01,30818.0
T3,2013-03-02,33933.0
T3,2013-03-03,34907.0
T3,2013-03-04,34561.0
T3,2013-03-05,34307.0
T3,2013-03-06,41406.0
T3,2013-03-07,36905.0
T3,2013-03-08,31107.0
T3,2013-03-09,30373.0
T3,2013-03-10,31507.0
T3,2013-03-11,30323.0
T3,2013-03-12,33883.0
T3,2013-03-13,40330.0
T3,2013-03-14,34078.0
T3,2013-03-15,30078.0
T3,2013-03-16,32431.0
T3,2013-03-17,32971.0
T3,2013-03-18,33767.0
T3,2013-03-19,31280.0
T3,2013-03-20,38163.0
T3,2013-03-21,34909.0
T3,2013-03-22,28988.0
T3,2013-03-23,30557.0
T3,2013-03-24,32866.0
T3,2013-03-25,32590.0
T3,2013-03-26,36008.0
T3,2013-03-27,37682.0
T3,2013-03-28,35837.0
T3,2013-03-29,29403.0
T3,2013-03-30,28675.0
T3,2013-03-31,30145.0
T3,2013-04-01,31014.0
T3,2013-04-02,36151.0
T3,2013-04-03,39544.0
T3,2013-04-04,36288.0
T3,2013-04-05,27790.0
T3,2013-04-06,31017.0
T3,2013-04-07,33555.0
T3,2013-04-08,34741.0
T3,2013-04-09,32791.0
T3,2013-04-10,41028.0
T3,2013-04-11,34137.0
T3,2013-04-12,27173.0
T3,2013-04-13,26637.0
T3,2013-04-14,31076.0
T3,2013-04-15,30842.0
T3,2013-04-16,29630.0
T3,2013-04-17,39145.0
T3,2013-04-18,36697.0
T3,2013-04-19,28576.0
T3,2013-04-20,27058.0
T3,2013-04-21,30345.0
T3,2013-04-22,35432.0
T3,2013-04-23,36150.0
T3,2013-04-24,40207.0
T3,2013-04-25,36136.0
T3,2013-04-26,26739.0
T3,2013-04-27,28669.0
T3,2013-04-28,31139.0
T3,2013-04-29,28169.0
T3,2013-04-30,31363.0
T3,2013-05-01,36502.0
T3,2013-05-02,33381.0
T3,2013-05-03,25806.0
T3,2013-05-04,27250.0
T3,2013-05-05,28299.0
T3,2013-05-06,30809.0
T3,2013-05-07,32474.0
T3,2013-05-08,39394.0
T3,2013-05-09,34631.0
T3,2013-05-10,24178.0
T3,2013-05-11,24949.0
T3,2013-05-12,26904.0
T3,2013-05-13,26011.0
T3,2013-05-14,26532.0
T3,2013-05-15,35143.0
T3,2013-05-16,32748.0
T3,2013-05-17,27298.0
T3,2013-05-18,23856.0
T3,2013-05-19,27527.0
T3,2013-05-20,27761.0
T3,2013-05-21,31142.0
T3,2013-05-22,36060.0
T3,2013-05-23,35765.0
T3,2013-05-24,24902.0
T3,2013-05-25,25728.0
T3,2013-05-26,27867.0
T3,2013-05-27,27616.0
T3,2013-05-28,24777.0
T3,2013-05-29,31865.0
T3,2013-05-30,29873.0
T3,2013-05-31,25417.0
T3,2013-06-01,23976.0
T3,2013-06-02,24979.0
T3,2013-06-03,25000.0
T3,2013-06-04,27755.0
T3,2013-06-05,32101.0
T3,2013-06-06,32719.0
T3,2013-06-07,29274.0
T3,2013-06-08,23937.0
T3,2013-06-09,24669.0
T3,2013-06-10,21396.0
T3,2013-06-11,21901.0
T3,2013-06-12,32898.0
T3,2013-06-13,30105.0
T3,2013-06-14,23725.0
T3,2013-06-15,22890.0
T3,2013-06-16,25373.0
T3,2013-06-17,26078.0
T3,2013-06-18,27688.0
T3,2013-06-19,33975.0
T3,2013-06-20,32556.0
T3,2013-06-21,25556.0
T3,2013-06-22,24847.0
T3,2013-06-23,27914.0
T3,2013-06-24,29491.0
T3,2013-06-25,30179.0
T3,2013-06-26,35751.0
T3,2013-06-27,33114.0
T3,2013-06-28,28175.0
T3,2013-06-29,26637.0
T3,2013-06-30,29012.0
T3,2013-07-01,29117.0
T3,2013-07-02,27731.0
T3,2013-07-03,32701.0
T3,2013-07-04,29323.0
T3,2013-07-05,24879.0
T3,2013-07-06,28089.0
T3,2013-07-07,28651.0
T3,2013-07-08,28341.0
T3,2013-07-09,30075.0
T3,2013-07-10,35052.0
T3,2013-07-11,28264.0
T3,2013-07-12,24025.0
T3,2013-07-13,26952.0
T3,2013-07-14,26896.0
T3,2013-07-15,28388.0
T3,2013-07-16,27297.0
T3,2013-07-17,31139.0
T3,2013-07-18,26625.0
T3,2013-07-19,26590.0
T3,2013-07-20,28291.0
T3,2013-07-21,28485.0
T3,2013-07-22,32026.0
T3,2013-07-23,32375.0
T3,2013-07-24,35886.0
T3,2013-07-25,36761.0
T3,2013-07-26,26893.0
T3,2013-07-27,29854.0
T3,2013-07-28,30108.0
T3,2013-07-29,31303.0
T3,2013-07-30,31410.0
T3,2013-07-31,33731.0
T3,2013-08-01,30647.0
T3,2013-08-02,26710.0
T3,2013-08-03,27926.0
T3,2013-08-04,29063.0
T3,2013-08-05,26565.0
T3,2013-08-06,32538.0
T3,2013-08-07,34345.0
T3,2013-08-08,36045.0
T3,2013-08-09,32972.0
T3,2013-08-10,27229.0
T3,2013-08-11,30288.0
T3,2013-08-12,27749.0
T3,2013-08-13,31755.0
T3,2013-08-14,37002.0
T3,2013-08-15,34188.0
T3,2013-08-16,28259.0
T3,2013-08-17,26167.0
T3,2013-08-18,27603.0
T3,2013-08-19,28769.0
T3,2013-08-20,28587.0
T3,2013-08-21,35956.0
T3,2013-08-22,35435.0
T3,2013-08-23,27908.0
T3,2013-08-24,27951.0
T3,2013-08-25,29051.0
T3,2013-08-26,30735.0
T3,2013-08-27,29140.0
T3,2013-08-28,35438.0
T3,2013-08-29,36483.0
T3,2013-08-30,28338.0
T3,2013-08-31,25502.0
T3,2013-09-01,27390.0
T3,2013-09-02,27843.0
T3,2013-09-03,26505.0
T3,2013-09-04,34358.0
T3,2013-09-05,33013.0
T3,2013-09-06,26083.0
T3,2013-09-07,26200.0
T3,2013-09-08,25922.0
T3,2013-09-09,27651.0
T3,2013-09-10,28178.0
T3,2013-09-11,35157.0
T3,2013-09-12,32734.0
T3,2013-09-13,27922.0
T3,2013-09-14,21795.0
T3,2013-09-15,27729.0
T3,2013-09-16,25200.0
T3,2013-09-17,29874.0
T3,2013-09-18,32821.0
T3,2013-09-19,34205.0
T3,2013-09-20,27085.0
T3,2013-09-21,29946.0
T3,2013-09-22,31231.0
T3,2013-09-23,32642.0
T3,2013-09-24,28820.0
T3,2013-09-25,41496.0
T3,2013-09-26,29265.0
T3,2013-09-27,29712.0
T3,2013-09-28,29780.0
T3,2013-09-29,15183.0
T3,2013-09-30,29963.0
T3,2013-10-01,30948.0
T3,2013-10-02,40795.0
T3,2013-10-03,36118.0
T3,2013-10-04,25995.0
T3,2013-10-05,27937.0
T3,2013-10-06,29512.0
T3,2013-10-07,30980.0
T3,2013-10-08,26063.0
T3,2013-10-09,37769.0
T3,2013-10-10,41516.0
T3,2013-10-11,22014.0
T3,2013-10-12,24566.0
T3,2013-10-13,28101.0
T3,2013-10-14,29779.0
T3,2013-10-15,26691.0
T3,2013-10-16,37706.0
T3,2013-10-17,34255.0
T3,2013-10-18,25167.0
T3,2013-10-19,14625.0
T3,2013-10-20,23476.0
T3,2013-10-21,25915.0
T3,2013-10-22,28111.0
T3,2013-10-23,35006.0
T3,2013-10-24,32684.0
T3,2013-10-25,25780.0
T3,2013-10-26,24941.0
T3,2013-10-27,26511.0
T3,2013-10-28,26868.0
T3,2013-10-29,30036.0
T3,2013-10-30,35063.0
T3,2013-10-31,32585.0
T3,2013-11-01,24213.0
T3,2013-11-02,33471.0
T3,2013-11-03,26573.0
T3,2013-11-04,29590.0
T3,2013-11-05,26986.0
T3,2013-11-06,31448.0
T3,2013-11-07,30302.0
T3,2013-11-08,25388.0
T3,2013-11-09,25083.0
T3,2013-11-10,23205.0
T3,2013-11-11,24251.0
T3,2013-11-12,31861.0
T3,2013-11-13,38218.0
T3,2013-11-14,36799.0
T3,2013-11-15,29357.0
T3,2013-11-16,30602.0
T3,2013-11-17,32028.0
T3,2013-11-18,28878.0
T3,2013-11-19,37461.0
T3,2013-11-20,39855.0
T3,2013-11-21,26477.0
T3,2013-11-22,28658.0
T3,2013-11-23,29575.0
T3,2013-11-24,31913.0
T3,2013-11-25,32222.0
T3,2013-11-26,26426.0
T3,2013-11-27,35493.0
T3,2013-11-28,34747.0
T3,2013-11-29,29630.0
T3,2013-11-30,27036.0
T3,2013-12-01,30373.0
T3,2013-12-02,26977.0
T3,2013-12-03,27489.0
T3,2013-12-04,37001.0
T3,2013-12-05,38434.0
T3,2013-12-06,27452.0
T3,2013-12-07,24663.0
T3,2013-12-08,29817.0
T3,2013-12-09,30213.0
T3,2013-12-10,33533.0
T3,2013-12-11,37461.0
T3,2013-12-12,37084.0
T3,2013-12-13,29560.0
T3,2013-12-14,31258.0
T3,2013-12-15,32532.0
T3,2013-12-16,34271.0
T3,2013-12-17,30302.0
T3,2013-12-18,34226.0
T3,2013-12-19,35230.0
T3,2013-12-20,30911.0
T3,2013-12-21,32284.0
T3,2013-12-22,33019.0
T3,2013-12-23,27213.0
T3,2013-12-24,44537.0
T3,2013-12-25,32466.0
T3,2013-12-26,27371.0
T3,2013-12-27,26688.0
T3,2013-12-28,28369.0
T3,2013-12-29,38743.0
T3,2013-12-30,27771.0
T3,2013-12-31,28265.0
T3,2014-01-01,29070.0
T3,2014-01-02,29057.0
T3,2014-01-03,21825.0
T3,2014-01-04,27254.0
T3,2014-01-05,27411.0
T3,2014-01-06,28416.0
T3,2014-01-07,28920.0
T3,2014-01-08,31508.0
T3,2014-01-09,30638.0
T3,2014-01-10,25717.0
T3,2014-01-11,26087.0
T3,2014-01-12,23821.0
T3,2014-01-13,22952.0
T3,2014-01-14,20910.0
T3,2014-01-15,24070.0
T3,2014-01-16,28565.0
T3,2014-01-17,24384.0
T3,2014-01-18,26290.0
T3,2014-01-19,28339.0
T3,2014-01-20,28998.0
T3,2014-01-21,29447.0
T3,2014-01-22,30713.0
T3,2014-01-23,30143.0
T3,2014-01-24,31271.0
T3,2014-01-25,21750.0
T3,2014-01-26,23045.0
T3,2014-01-27,26344.0
T3,2014-01-28,27311.0
T3,2014-01-29,32313.0
T3,2014-01-30,29846.0
T3,2014-01-31,26813.0
T3,2014-02-01,21096.0
T3,2014-02-02,26936.0
T3,2014-02-03,27937.0
T3,2014-02-04,28237.0
T3,2014-02-05,29478.0
T3,2014-02-06,31072.0
T3,2014-02-07,22492.0
T3,2014-02-08,26501.0
T3,2014-02-09,27862.0
T3,2014-02-10,27727.0
T3,2014-02-11,30651.0
T3,2014-02-12,38496.0
T3,2014-02-13,33350.0
T3,2014-02-14,26252.0
T3,2014-02-15,29179.0
T3,2014-02-16,31648.0
T3,2014-02-17,28047.0
T3,2014-02-18,32956.0
T3,2014-02-19,37551.0
T3,2014-02-20,56862.0
T3,2014-02-21,38997.0
T3,2014-02-22,32515.0
T3,2014-02-23,31208.0
T3,2014-02-24,32521.0
T3,2014-02-25,36143.0
T3,2014-02-26,40040.0
T3,2014-02-27,38671.0
T3,2014-02-28,28948.0
T3,2014-03-01,34880.0
T3,2014-03-02,34769.0
T3,2014-03-03,33205.0
T3,2014-03-04,36708.0
T3,2014-03-05,41776.0
T3,2014-03-06,41936.0
T3,2014-03-07,36630.0
T3,2014-03-08,30685.0
T3,2014-03-09,30844.0
T3,2014-03-10,34115.0
T3,2014-03-11,36534.0
T3,2014-03-12,43264.0
T3,2014-03-13,35234.0
T3,2014-03-14,34345.0
T3,2014-03-15,33237.0
T3,2014-03-16,33706.0
T3,2014-03-17,34293.0
T3,2014-03-18,35351.0
T3,2014-03-19,39562.0
T3,2014-03-20,35804.0
T3,2014-03-21,28164.0
T3,2014-03-22,29804.0
T3,2014-03-23,32681.0
T3,2014-03-24,33664.0
T3,2014-03-25,33382.0
T3,2014-03-26,41892.0
T3,2014-03-27,39002.0
T3,2014-03-28,29051.0
T3,2014-03-29,30204.0
T3,2014-03-30,31404.0
T3,2014-03-31,29294.0
T3,2014-04-01,32436.0
T3,2014-04-02,41193.0
T3,2014-04-03,39855.0
T3,2014-04-04,30318.0
T3,2014-04-05,33496.0
T3,2014-04-06,29525.0
T3,2014-04-07,28828.0
T3,2014-04-08,31815.0
T3,2014-04-09,40935.0
T3,2014-04-10,39111.0
T3,2014-04-11,33444.0
T3,2014-04-12,34934.0
T3,2014-04-13,38034.0
T3,2014-04-14,40776.0
T3,2014-04-15,47659.0
T3,2014-04-16,36085.0
T3,2014-04-17,39364.0
T3,2014-04-18,33127.0
T3,2014-04-19,29154.0
T3,2014-04-20,26326.0
T3,2014-04-21,31401.0
T3,2014-04-22,34986.0
T3,2014-04-23,38746.0
T3,2014-04-24,32771.0
T3,2014-04-25,26271.0
T3,2014-04-26,28347.0
T3,2014-04-27,25070.0
T3,2014-04-28,30628.0
T3,2014-04-29,31351.0
T3,2014-04-30,36199.0
T3,2014-05-01,31491.0
T3,2014-05-02,23890.0
T3,2014-05-03,28072.0
T3,2014-05-04,28796.0
T3,2014-05-05,30838.0
T3,2014-05-06,33486.0
T3,2014-05-07,38662.0
T3,2014-05-08,32579.0
T3,2014-05-09,27014.0
T3,2014-05-10,28318.0
T3,2014-05-11,29399.0
T3,2014-05-12,30703.0
T3,2014-05-13,32640.0
T3,2014-05-14,40948.0
T3,2014-05-15,38916.0
T3,2014-05-16,29557.0
T3,2014-05-17,27271.0
T3,2014-05-18,27402.0
T3,2014-05-19,33018.0
T3,2014-05-20,32638.0
T3,2014-05-21,36899.0
T3,2014-05-22,36422.0
T3,2014-05-23,26998.0
T3,2014-05-24,27947.0
T3,2014-05-25,27078.0
T3,2014-05-26,28544.0
T3,2014-05-27,29880.0
T3,2014-05-28,40267.0
T3,2014-05-29,35952.0
T3,2014-05-30,22965.0
T3,2014-05-31,25507.0
T3,2014-06-01,25300.0
T3,2014-06-02,26531.0
T3,2014-06-03,28303.0
T3,2014-06-04,35256.0
T3,2014-06-05,32807.0
T3,2014-06-06,29697.0
T3,2014-06-07,24664.0
T3,2014-06-08,27480.0
T3,2014-06-09,27751.0
T3,2014-06-10,30406.0
T3,2014-06-11,36154.0
T3,2014-06-12,31067.0
T3,2014-06-13,24649.0
T3,2014-06-14,23905.0
T3,2014-06-15,26369.0
T3,2014-06-16,27831.0
T3,2014-06-17,28242.0
T3,2014-06-18,35025.0
T3,2014-06-19,32716.0
T3,2014-06-20,25367.0
T3,2014-06-21,24723.0
T3,2014-06-22,24557.0
T3,2014-06-23,28859.0
T3,2014-06-24,31029.0
T3,2014-06-25,33677.0
T3,2014-06-26,32158.0
T3,2014-06-27,20863.0
T3,2014-06-28,26748.0
T3,2014-06-29,28417.0
T3,2014-06-30,29995.0
T3,2014-07-01,29320.0
T3,2014-07-02,33425.0
T3,2014-07-03,31773.0
T3,2014-07-04,25780.0
T3,2014-07-05,28405.0
T3,2014-07-06,29364.0
T3,2014-07-07,25032.0
T3,2014-07-08,29642.0
T3,2014-07-09,36536.0
T3,2014-07-10,30082.0
T3,2014-07-11,25137.0
T3,2014-07-12,25543.0
T3,2014-07-13,26686.0
T3,2014-07-14,28019.0
T3,2014-07-15,27375.0
T3,2014-07-16,33946.0
T3,2014-07-17,35228.0
T3,2014-07-18,25952.0
T3,2014-07-19,28595.0
T3,2014-07-20,29140.0
T3,2014-07-21,31794.0
T3,2014-07-22,32173.0
T3,2014-07-23,38307.0
T3,2014-07-24,37182.0
T3,2014-07-25,31807.0
T3,2014-07-26,31251.0
T3,2014-07-27,31073.0
T3,2014-07-28,33084.0
T3,2014-07-29,27803.0
T3,2014-07-30,30765.0
T3,2014-07-31,39750.0
T3,2014-08-01,30023.0
T3,2014-08-02,31546.0
T3,2014-08-03,32442.0
T3,2014-08-04,32309.0
T3,2014-08-05,31193.0
T3,2014-08-06,41394.0
T3,2014-08-07,39777.0
T3,2014-08-08,31676.0
T3,2014-08-09,29058.0
T3,2014-08-10,31035.0
T3,2014-08-11,32461.0
T3,2014-08-12,33398.0
T3,2014-08-13,41639.0
T3,2014-08-14,38969.0
T3,2014-08-15,31329.0
T3,2014-08-16,25709.0
T3,2014-08-17,28762.0
T3,2014-08-18,31068.0
T3,2014-08-19,31940.0
T3,2014-08-20,41131.0
T3,2014-08-21,38527.0
T3,2014-08-22,26339.0
T3,2014-08-23,27448.0
T3,2014-08-24,30559.0
T3,2014-08-25,31901.0
T3,2014-08-26,33224.0
T3,2014-08-27,39865.0
T3,2014-08-28,39840.0
T3,2014-08-29,28531.0
T3,2014-08-30,20525.0
T3,2014-08-31,26274.0
T3,2014-09-01,27244.0
T3,2014-09-02,29944.0
T3,2014-09-03,38403.0
T3,2014-09-04,38080.0
T3,2014-09-05,26997.0
T3,2014-09-06,30194.0
T3,2014-09-07,26926.0
T3,2014-09-08,30869.0
T3,2014-09-09,29609.0
T3,2014-09-10,37598.0
T3,2014-09-11,35962.0
T3,2014-09-12,28355.0
T3,2014-09-13,27764.0
T3,2014-09-14,25725.0
T3,2014-09-15,28149.0
T3,2014-09-16,29476.0
T3,2014-09-17,37420.0
T3,2014-09-18,35979.0
T3,2014-09-19,30732.0
T3,2014-09-20,33105.0
T3,2014-09-21,34820.0
T3,2014-09-22,29935.0
T3,2014-09-23,32611.0
T3,2014-09-24,42804.0
T3,2014-09-25,34210.0
T3,2014-09-26,29921.0
T3,2014-09-27,34817.0
T3,2014-09-28,28872.0
T3,2014-09-29,34007.0
T3,2014-09-30,34558.0
T3,2014-10-01,41350.0
T3,2014-10-02,38961.0
T3,2014-10-03,26949.0
T3,2014-10-04,27419.0
T3,2014-10-05,29411.0
T3,2014-10-06,31010.0
T3,2014-10-07,33824.0
T3,2014-10-08,40306.0
T3,2014-10-09,40665.0
T3,2014-10-10,28114.0
T3,2014-10-11,25630.0
T3,2014-10-12,28695.0
T3,2014-10-13,31239.0
T3,2014-10-14,30223.0
T3,2014-10-15,38539.0
T3,2014-10-16,36203.0
T3,2014-10-17,26720.0
T3,2014-10-18,30142.0
T3,2014-10-19,31196.0
T3,2014-10-20,30769.0
T3,2014-10-21,30255.0
T3,2014-10-22,38812.0
T3,2014-10-23,36491.0
T3,2014-10-24,28080.0
T3,2014-10-25,24135.0
T3,2014-10-26,27252.0
T3,2014-10-27,30044.0
T3,2014-10-28,30084.0
T3,2014-10-29,38213.0
T3,2014-10-30,28648.0
T3,2014-10-31,26790.0
T3,2014-11-01,36261.0
T3,2014-11-02,26797.0
T3,2014-11-03,27960.0
T3,2014-11-04,30085.0
T3,2014-11-05,37986.0
T3,2014-11-06,31046.0
T3,2014-11-07,25726.0
T3,2014-11-08,28257.0
T3,2014-11-09,30075.0
T3,2014-11-10,32110.0
T3,2014-11-11,34139.0
T3,2014-11-12,36298.0
T3,2014-11-13,34056.0
T3,2014-11-14,27376.0
T3,2014-11-15,30501.0
T3,2014-11-16,33319.0
T3,2014-11-17,34779.0
T3,2014-11-18,33351.0
T3,2014-11-19,40681.0
T3,2014-11-20,37082.0
T3,2014-11-21,28279.0
T3,2014-11-22,23565.0
T3,2014-11-23,31636.0
T3,2014-11-24,32967.0
T3,2014-11-25,32170.0
T3,2014-11-26,37676.0
T3,2014-11-27,35838.0
T3,2014-11-28,27900.0
T3,2014-11-29,28192.0
T3,2014-11-30,29115.0
T3,2014-12-01,28693.0
T3,2014-12-02,31839.0
T3,2014-12-03,37525.0
T3,2014-12-04,33958.0
T3,2014-12-05,25094.0
T3,2014-12-06,28960.0
T3,2014-12-07,29097.0
T3,2014-12-08,31789.0
T3,2014-12-09,31693.0
T3,2014-12-10,38086.0
T3,2014-12-11,34523.0
T3,2014-12-12,28375.0
T3,2014-12-13,27887.0
T3,2014-12-14,28789.0
T3,2014-12-15,34247.0
T3,2014-12-16,30497.0
T3,2014-12-17,37882.0
T3,2014-12-18,34283.0
T3,2014-12-19,27785.0
T3,2014-12-20,30559.0
T3,2014-12-21,31513.0
T3,2014-12-22,34532.0
T3,2014-12-23,25496.0
T3,2014-12-24,42756.0
T3,2014-12-25,30716.0
T3,2014-12-26,25518.0
T3,2014-12-27,27210.0
T3,2014-12-28,29213.0
T3,2014-12-29,42534.0
T3,2014-12-30,27251.0
T3,2014-12-31,23992.0
T3,2015-01-01,19354.0
T3,2015-01-02,24374.0
T3,2015-01-03,26508.0
T3,2015-01-04,27230.0
T3,2015-01-05,22395.0
T3,2015-01-06,26584.0
T3,2015-01-07,27737.0
T3,2015-01-08,28636.0
T3,2015-01-09,24750.0
T3,2015-01-10,26282.0
T3,2015-01-11,22397.0
T3,2015-01-12,25988.0
T3,2015-01-13,27007.0
T3,2015-01-14,33897.0
T3,2015-01-15,29891.0
T3,2015-01-16,24490.0
T3,2015-01-17,25679.0
T3,2015-01-18,27368.0
T3,2015-01-19,27454.0
T3,2015-01-20,25295.0
T3,2015-01-21,33071.0
T3,2015-01-22,29979.0
T3,2015-01-23,26052.0
T3,2015-01-24,28174.0
T3,2015-01-25,25911.0
T3,2015-01-26,27668.0
T3,2015-01-27,27117.0
T3,2015-01-28,31913.0
T3,2015-01-29,29849.0
T3,2015-01-30,21514.0
T3,2015-01-31,24933.0
T3,2015-02-01,26418.0
T3,2015-02-02,26872.0
T3,2015-02-03,27975.0
T3,2015-02-04,31954.0
T3,2015-02-05,30595.0
T3,2015-02-06,22642.0
T3,2015-02-07,27337.0
T3,2015-02-08,27540.0
T3,2015-02-09,27318.0
T3,2015-02-10,31126.0
T3,2015-02-11,30617.0
T3,2015-02-12,40182.0
T3,2015-02-13,26273.0
T3,2015-02-14,27715.0
T3,2015-02-15,28922.0
T3,2015-02-16,31680.0
T3,2015-02-17,32376.0
T3,2015-02-18,36496.0
T3,2015-02-19,46647.0
T3,2015-02-20,35853.0
T3,2015-02-21,26266.0
T3,2015-02-22,31629.0
T3,2015-02-23,32410.0
T3,2015-02-24,33321.0
T3,2015-02-25,38774.0
T3,2015-02-26,33151.0
T3,2015-02-27,27956.0
T3,2015-02-28,33889.0
T3,2015-03-01,34477.0
T3,2015-03-02,38507.0
T3,2015-03-03,35880.0
T3,2015-03-04,39872.0
T3,2015-03-05,38927.0
T3,2015-03-06,37213.0
T3,2015-03-07,31874.0
T3,2015-03-08,33575.0
T3,2015-03-09,34205.0
T3,2015-03-10,34386.0
T3,2015-03-11,42750.0
T3,2015-03-12,38801.0
T3,2015-03-13,29832.0
T3,2015-03-14,32819.0
T3,2015-03-15,31208.0
T3,2015-03-16,33231.0
T3,2015-03-17,33640.0
T3,2015-03-18,41058.0
T3,2015-03-19,36880.0
T3,2015-03-20,27901.0
T3,2015-03-21,28533.0
T3,2015-03-22,29206.0
T3,2015-03-23,34694.0
T3,2015-03-24,32376.0
T3,2015-03-25,41938.0
T3,2015-03-26,38954.0
T3,2015-03-27,31272.0
T3,2015-03-28,35318.0
T3,2015-03-29,35687.0
T3,2015-03-30,36363.0
T3,2015-03-31,39760.0
T3,2015-04-01,41199.0
T3,2015-04-02,39547.0
T3,2015-04-03,31959.0
T3,2015-04-04,30748.0
T3,2015-04-05,28348.0
T3,2015-04-06,33559.0
T3,2015-04-07,37047.0
T3,2015-04-08,43551.0
T3,2015-04-09,37137.0
T3,2015-04-10,26761.0
T3,2015-04-11,32581.0
T3,2015-04-12,32051.0
T3,2015-04-13,33496.0
T3,2015-04-14,33556.0
T3,2015-04-15,38144.0
T3,2015-04-16,33989.0
T3,2015-04-17,24589.0
T3,2015-04-18,29286.0
T3,2015-04-19,31127.0
T3,2015-04-20,32482.0
T3,2015-04-21,32974.0
T3,2015-04-22,39621.0
T3,2015-04-23,35413.0
T3,2015-04-24,26153.0
T3,2015-04-25,28346.0
T3,2015-04-26,30217.0
T3,2015-04-27,32136.0
T3,2015-04-28,33417.0
T3,2015-04-29,44350.0
T3,2015-04-30,34851.0
T3,2015-05-01,29005.0
T3,2015-05-02,29751.0
T3,2015-05-03,27703.0
T3,2015-05-04,28371.0
T3,2015-05-05,30636.0
T3,2015-05-06,39480.0
T3,2015-05-07,35744.0
T3,2015-05-08,22149.0
T3,2015-05-09,26810.0
T3,2015-05-10,26711.0
T3,2015-05-11,26512.0
T3,2015-05-12,29116.0
T3,2015-05-13,36825.0
T3,2015-05-14,36625.0
T3,2015-05-15,27464.0
T3,2015-05-16,28497.0
T3,2015-05-17,26401.0
T3,2015-05-18,28969.0
T3,2015-05-19,28283.0
T3,2015-05-20,36533.0
T3,2015-05-21,34307.0
T3,2015-05-22,24603.0
T3,2015-05-23,27611.0
T3,2015-05-24,28776.0
T3,2015-05-25,29612.0
T3,2015-05-26,30571.0
T3,2015-05-27,37175.0
T3,2015-05-28,33783.0
T3,2015-05-29,20149.0
T3,2015-05-30,23654.0
T3,2015-05-31,24083.0
T3,2015-06-01,26919.0
T3,2015-06-02,22708.0
T3,2015-06-03,34837.0
T3,2015-06-04,38516.0
T3,2015-06-05,31319.0
T3,2015-06-06,26562.0
T3,2015-06-07,25821.0
T3,2015-06-08,26624.0
T3,2015-06-09,28677.0
T3,2015-06-10,34244.0
T3,2015-06-11,32952.0
T3,2015-06-12,24809.0
T3,2015-06-13,26061.0
T3,2015-06-14,26676.0
T3,2015-06-15,28405.0
T3,2015-06-16,29692.0
T3,2015-06-17,35311.0
T3,2015-06-18,32153.0
T3,2015-06-19,25199.0
T3,2015-06-20,25495.0
T3,2015-06-21,29209.0
T3,2015-06-22,29348.0
T3,2015-06-23,29746.0
T3,2015-06-24,36650.0
T3,2015-06-25,32684.0
T3,2015-06-26,25402.0
T3,2015-06-27,27809.0
T3,2015-06-28,30333.0
T3,2015-06-29,29895.0
T3,2015-06-30,28804.0
T3,2015-07-01,33909.0
T3,2015-07-02,27947.0
T3,2015-07-03,26160.0
T3,2015-07-04,24870.0
T3,2015-07-05,30490.0
T3,2015-07-06,31141.0
T3,2015-07-07,29587.0
T3,2015-07-08,35563.0
T3,2015-07-09,27803.0
T3,2015-07-10,16002.0
T3,2015-07-11,23752.0
T3,2015-07-12,22736.0
T3,2015-07-13,27034.0
T3,2015-07-14,28635.0
T3,2015-07-15,33595.0
T3,2015-07-16,35986.0
T3,2015-07-17,26866.0
T3,2015-07-18,30882.0
T3,2015-07-19,31472.0
T3,2015-07-20,31712.0
T3,2015-07-21,34399.0
T3,2015-07-22,39017.0
T3,2015-07-23,35564.0
T3,2015-07-24,25023.0
T3,2015-07-25,29019.0
T3,2015-07-26,31487.0
T3,2015-07-27,31732.0
T3,2015-07-28,28000.0
T3,2015-07-29,40288.0
T3,2015-07-30,35557.0
T3,2015-07-31,25408.0
T3,2015-08-01,27877.0
T3,2015-08-02,29708.0
T3,2015-08-03,30078.0
T3,2015-08-04,30104.0
T3,2015-08-05,38168.0
T3,2015-08-06,36612.0
T3,2015-08-07,32203.0
T3,2015-08-08,28774.0
T3,2015-08-09,30934.0
T3,2015-08-10,30366.0
T3,2015-08-11,30088.0
T3,2015-08-12,38200.0
T3,2015-08-13,38329.0
T3,2015-08-14,30071.0
T3,2015-08-15,26613.0
T3,2015-08-16,28641.0
T3,2015-08-17,30359.0
T3,2015-08-18,32727.0
T3,2015-08-19,37075.0
T3,2015-08-20,35393.0
T3,2015-08-21,25269.0
T3,2015-08-22,25812.0
T3,2015-08-23,28481.0
T3,2015-08-24,29222.0
T3,2015-08-25,25550.0
T3,2015-08-26,37658.0
T3,2015-08-27,30788.0
T3,2015-08-28,25100.0
T3,2015-08-29,24299.0
T3,2015-08-30,27680.0
T3,2015-08-31,25246.0
T3,2015-09-01,27136.0
T3,2015-09-02,35649.0
T3,2015-09-03,32683.0
T3,2015-09-04,22986.0
T3,2015-09-05,24730.0
T3,2015-09-06,27509.0
T3,2015-09-07,28729.0
T3,2015-09-08,33848.0
T3,2015-09-09,38632.0
T3,2015-09-10,35833.0
T3,2015-09-11,29429.0
T3,2015-09-12,29813.0
T3,2015-09-13,27321.0
T3,2015-09-14,29244.0
T3,2015-09-15,28984.0
T3,2015-09-16,36052.0
T3,2015-09-17,35654.0
T3,2015-09-18,29559.0
T3,2015-09-19,26108.0
T3,2015-09-20,28474.0
T3,2015-09-21,30741.0
T3,2015-09-22,32811.0
T3,2015-09-23,39721.0
T3,2015-09-24,36459.0
T3,2015-09-25,30813.0
T3,2015-09-26,32121.0
T3,2015-09-27,33519.0
T3,2015-09-28,33463.0
T3,2015-09-29,39593.0
T3,2015-09-30,37481.0
T3,2015-10-01,32408.0
T3,2015-10-02,25972.0
T3,2015-10-03,28992.0
T3,2015-10-04,26112.0
T3,2015-10-05,29557.0
T3,2015-10-06,32113.0
T3,2015-10-07,38759.0
T3,2015-10-08,34017.0
T3,2015-10-09,26575.0
T3,2015-10-10,25660.0
T3,2015-10-11,29006.0
T3,2015-10-12,31530.0
T3,2015-10-13,32099.0
T3,2015-10-14,36132.0
T3,2015-10-15,36042.0
T3,2015-10-16,27758.0
T3,2015-10-17,28116.0
T3,2015-10-18,29290.0
T3,2015-10-19,26856.0
T3,2015-10-20,27603.0
T3,2015-10-21,36169.0
T3,2015-10-22,35014.0
T3,2015-10-23,26674.0
T3,2015-10-24,24745.0
T3,2015-10-25,28368.0
T3,2015-10-26,29512.0
T3,2015-10-27,30905.0
T3,2015-10-28,36688.0
T3,2015-10-29,33604.0
T3,2015-10-30,26096.0
T3,2015-10-31,31587.0
T3,2015-11-01,26011.0
T3,2015-11-02,27781.0
T3,2015-11-03,25872.0
T3,2015-11-04,32408.0
T3,2015-11-05,34824.0
T3,2015-11-06,27636.0
T3,2015-11-07,27974.0
T3,2015-11-08,24870.0
T3,2015-11-09,30817.0
T3,2015-11-10,33030.0
T3,2015-11-11,37758.0
T3,2015-11-12,35236.0
T3,2015-11-13,27549.0
T3,2015-11-14,30158.0
T3,2015-11-15,30432.0
T3,2015-11-16,31986.0
T3,2015-11-17,32851.0
T3,2015-11-18,32818.0
T3,2015-11-19,33350.0
T3,2015-11-20,28450.0
T3,2015-11-21,30359.0
T3,2015-11-22,30595.0
T3,2015-11-23,28915.0
T3,2015-11-24,27702.0
T3,2015-11-25,42198.0
T3,2015-11-26,35472.0
T3,2015-11-27,26717.0
T3,2015-11-28,28214.0
T3,2015-11-29,29533.0
T3,2015-11-30,29484.0
T3,2015-12-01,30850.0
T3,2015-12-02,37927.0
T3,2015-12-03,33530.0
T3,2015-12-04,27330.0
T3,2015-12-05,27683.0
T3,2015-12-06,29067.0
T3,2015-12-07,30363.0
T3,2015-12-08,31340.0
T3,2015-12-09,33023.0
T3,2015-12-10,33530.0
T3,2015-12-11,27297.0
T3,2015-12-12,29684.0
T3,2015-12-13,31158.0
T3,2015-12-14,33498.0
T3,2015-12-15,30474.0
T3,2015-12-16,33602.0
T3,2015-12-17,24201.0
T3,2015-12-18,20386.0
T3,2015-12-19,31160.0
T3,2015-12-20,33615.0
T3,2015-12-21,33533.0
T3,2015-12-22,32061.0
T3,2015-12-23,25362.0
T3,2015-12-24,38066.0
T3,2015-12-25,30155.0
T3,2015-12-26,29615.0
T3,2015-12-27,29779.0
T3,2015-12-28,27534.0
T3,2015-12-29,37542.0
T3,2015-12-30,24151.0
T3,2015-12-31,28136.0
T3,2016-01-01,24340.0
T3,2016-01-02,27353.0
T3,2016-01-03,28878.0
T3,2016-01-04,29134.0
T3,2016-01-05,28189.0
T3,2016-01-06,31652.0
T3,2016-01-07,30280.0
T3,2016-01-08,23397.0
T3,2016-01-09,23215.0
T3,2016-01-10,27101.0
T3,2016-01-11,22047.0
T3,2016-01-12,25632.0
T3,2016-01-13,34404.0
T3,2016-01-14,28647.0
T3,2016-01-15,24112.0
T3,2016-01-16,24392.0
T3,2016-01-17,25727.0
T3,2016-01-18,26837.0
T3,2016-01-19,28312.0
T3,2016-01-20,29827.0
T3,2016-01-21,30243.0
T3,2016-01-22,25148.0
T3,2016-01-23,29664.0
T3,2016-01-24,30211.0
T3,2016-01-25,26225.0
T3,2016-01-26,26752.0
T3,2016-01-27,28633.0
T3,2016-01-28,30883.0
T3,2016-01-29,23712.0
T3,2016-01-30,25372.0
T3,2016-01-31,25539.0
T3,2016-02-01,24815.0
T3,2016-02-02,29436.0
T3,2016-02-03,34446.0
T3,2016-02-04,29792.0
T3,2016-02-05,23333.0
T3,2016-02-06,28813.0
T3,2016-02-07,27999.0
T3,2016-02-08,28600.0
T3,2016-02-09,29935.0
T3,2016-02-10,35523.0
T3,2016-02-11,33015.0
T3,2016-02-12,31005.0
T3,2016-02-13,29376.0
T3,2016-02-14,29133.0
T3,2016-02-15,30926.0
T3,2016-02-16,32416.0
T3,2016-02-17,37365.0
T3,2016-02-18,60730.0
T3,2016-02-19,33150.0
T3,2016-02-20,30444.0
T3,2016-02-21,28605.0
T3,2016-02-22,31428.0
T3,2016-02-23,33685.0
T3,2016-02-24,39599.0
T3,2016-02-25,42641.0
T3,2016-02-26,34197.0
T3,2016-02-27,34397.0
T3,2016-02-28,33619.0
T3,2016-02-29,34824.0
T3,2016-03-01,35936.0
T3,2016-03-02,39261.0
T3,2016-03-03,37082.0
T3,2016-03-04,27251.0
T3,2016-03-05,31312.0
T3,2016-03-06,30277.0
T3,2016-03-07,30552.0
T3,2016-03-08,28534.0
T3,2016-03-09,40989.0
T3,2016-03-10,37407.0
T3,2016-03-11,31794.0
T3,2016-03-12,28000.0
T3,2016-03-13,30668.0
T3,2016-03-14,32729.0
T3,2016-03-15,33223.0
T3,2016-03-16,32793.0
T3,2016-03-17,37698.0
T3,2016-03-18,31201.0
T3,2016-03-19,31739.0
T3,2016-03-20,31725.0
T3,2016-03-21,33389.0
T3,2016-03-22,37148.0
T3,2016-03-23,41039.0
T3,2016-03-24,37179.0
T3,2016-03-25,31142.0
T3,2016-03-26,27811.0
T3,2016-03-27,30582.0
T3,2016-03-28,32009.0
T3,2016-03-29,34744.0
T3,2016-03-30,39444.0
T3,2016-03-31,34244.0
T3,2016-04-01,27670.0
T3,2016-04-02,32140.0
T3,2016-04-03,33317.0
T3,2016-04-04,28730.0
T3,2016-04-05,35270.0
T3,2016-04-06,40675.0
T3,2016-04-07,36680.0
T3,2016-04-08,26340.0
T3,2016-04-09,27714.0
T3,2016-04-10,30942.0
T3,2016-04-11,32352.0
T3,2016-04-12,33150.0
T3,2016-04-13,40009.0
T3,2016-04-14,35095.0
T3,2016-04-15,29065.0
T3,2016-04-16,28315.0
T3,2016-04-17,30986.0
T3,2016-04-18,31727.0
T3,2016-04-19,24592.0
T3,2016-04-20,37807.0
T3,2016-04-21,36189.0
T3,2016-04-22,33255.0
T3,2016-04-23,30158.0
T3,2016-04-24,29677.0
T3,2016-04-25,31501.0
T3,2016-04-26,29425.0
T3,2016-04-27,33876.0
T3,2016-04-28,37131.0
T3,2016-04-29,24714.0
T3,2016-04-30,28504.0
T3,2016-05-01,26714.0
T3,2016-05-02,30383.0
T3,2016-05-03,34645.0
T3,2016-05-04,41159.0
T3,2016-05-05,38190.0
T3,2016-05-06,24396.0
T3,2016-05-07,25293.0
T3,2016-05-08,29271.0
T3,2016-05-09,30569.0
T3,2016-05-10,32102.0
T3,2016-05-11,40494.0
T3,2016-05-12,38831.0
T3,2016-05-13,26484.0
T3,2016-05-14,27741.0
T3,2016-05-15,29879.0
T3,2016-05-16,33205.0
T3,2016-05-17,31027.0
T3,2016-05-18,41052.0
T3,2016-05-19,37759.0
T3,2016-05-20,26740.0
T3,2016-05-21,27218.0
T3,2016-05-22,29215.0
T3,2016-05-23,27169.0
T3,2016-05-24,27989.0
T3,2016-05-25,38645.0
T3,2016-05-26,32903.0
T3,2016-05-27,25936.0
T3,2016-05-28,26425.0
T3,2016-05-29,27128.0
T3,2016-05-30,29059.0
T3,2016-05-31,28445.0
T3,2016-06-01,33425.0
T3,2016-06-02,30127.0
T3,2016-06-03,24000.0
T3,2016-06-04,25940.0
T3,2016-06-05,26555.0
T3,2016-06-06,26510.0
T3,2016-06-07,30009.0
T3,2016-06-08,33904.0
T3,2016-06-09,32910.0
T3,2016-06-10,30183.0
T3,2016-06-11,25952.0
T3,2016-06-12,26841.0
T3,2016-06-13,28916.0
T3,2016-06-14,27779.0
T3,2016-06-15,33448.0
T3,2016-06-16,35317.0
T3,2016-06-17,26075.0
T3,2016-06-18,24371.0
T3,2016-06-19,29191.0
T3,2016-06-20,30574.0
T3,2016-06-21,26029.0
T3,2016-06-22,32169.0
T3,2016-06-23,34801.0
T3,2016-06-24,26435.0
T3,2016-06-25,26908.0
T3,2016-06-26,30831.0
T3,2016-06-27,31255.0
T3,2016-06-28,26590.0
T3,2016-06-29,36910.0
T3,2016-06-30,33783.0
T3,2016-07-01,27595.0
T3,2016-07-02,30177.0
T3,2016-07-03,25462.0
T3,2016-07-04,31018.0
T3,2016-07-05,32447.0
T3,2016-07-06,40345.0
T3,2016-07-07,37140.0
T3,2016-07-08,24651.0
T3,2016-07-09,28702.0
T3,2016-07-10,27371.0
T3,2016-07-11,29841.0
T3,2016-07-12,31821.0
T3,2016-07-13,39183.0
T3,2016-07-14,40498.0
T3,2016-07-15,32301.0
T3,2016-07-16,31949.0
T3,2016-07-17,31825.0
T3,2016-07-18,35091.0
T3,2016-07-19,34484.0
T3,2016-07-20,38649.0
T3,2016-07-21,36820.0
T3,2016-07-22,28760.0
T3,2016-07-23,29453.0
T3,2016-07-24,32043.0
T3,2016-07-25,33686.0
T3,2016-07-26,35163.0
T3,2016-07-27,40237.0
T3,2016-07-28,44072.0
T3,2016-07-29,32701.0
T3,2016-07-30,26215.0
T3,2016-07-31,33815.0
T3,2016-08-01,32583.0
T3,2016-08-02,35579.0
T3,2016-08-03,43521.0
T3,2016-08-04,41010.0
T3,2016-08-05,30986.0
T3,2016-08-06,30161.0
T3,2016-08-07,32795.0
T3,2016-08-08,31808.0
T3,2016-08-09,34366.0
T3,2016-08-10,39847.0
T3,2016-08-11,40211.0
T3,2016-08-12,35771.0
T3,2016-08-13,31430.0
T3,2016-08-14,31885.0
T3,2016-08-15,32502.0
T3,2016-08-16,34607.0
T3,2016-08-17,32211.0
T3,2016-08-18,37151.0
T3,2016-08-19,26135.0
T3,2016-08-20,25492.0
T3,2016-08-21,30957.0
T3,2016-08-22,31227.0
T3,2016-08-23,32170.0
T3,2016-08-24,40598.0
T3,2016-08-25,38802.0
T3,2016-08-26,28067.0
T3,2016-08-27,27915.0
T3,2016-08-28,25933.0
T3,2016-08-29,28980.0
T3,2016-08-30,28170.0
T3,2016-08-31,37823.0
T3,2016-09-01,36444.0
T3,2016-09-02,26241.0
T3,2016-09-03,28992.0
T3,2016-09-04,30268.0
T3,2016-09-05,32702.0
T3,2016-09-06,32416.0
T3,2016-09-07,33192.0
T3,2016-09-08,33893.0
T3,2016-09-09,26763.0
T3,2016-09-10,27209.0
T3,2016-09-11,26019.0
T3,2016-09-12,28629.0
T3,2016-09-13,28556.0
T3,2016-09-14,38381.0
T3,2016-09-15,37368.0
T3,2016-09-16,25985.0
T3,2016-09-17,31271.0
T3,2016-09-18,32856.0
T3,2016-09-19,31580.0
T3,2016-09-20,33010.0
T3,2016-09-21,41196.0
T3,2016-09-22,35490.0
T3,2016-09-23,27940.0
T3,2016-09-24,29695.0
T3,2016-09-25,33289.0
T3,2016-09-26,36846.0
T3,2016-09-27,37082.0
T3,2016-09-28,35386.0
T3,2016-09-29,32320.0
T3,2016-09-30,31388.0
T3,2016-10-01,30661.0
T3,2016-10-02,31420.0
T3,2016-10-03,27524.0
T3,2016-10-04,24047.0
T3,2016-10-05,27278.0
T3,2016-10-06,27551.0
T3,2016-10-07,28022.0
T3,2016-10-08,34335.0
T3,2016-10-09,29281.0
T3,2016-10-10,20413.0
T3,2016-10-11,25471.0
T3,2016-10-12,28787.0
T3,2016-10-13,28590.0
T3,2016-10-14,26824.0
T3,2016-10-15,36423.0
T3,2016-10-16,34436.0
T3,2016-10-17,25904.0
T3,2016-10-18,28296.0
T3,2016-10-19,31590.0
T3,2016-10-20,28070.0
T3,2016-10-21,28512.0
T3,2016-10-22,37501.0
T3,2016-10-23,59204.0
T3,2016-10-24,27774.0
T3,2016-10-25,30883.0
T3,2016-10-26,33179.0
T3,2016-10-27,32923.0
T3,2016-10-28,34405.0
T3,2016-10-29,39378.0
T3,2016-10-30,41029.0
T3,2016-10-31,31798.0
T3,2016-11-01,30989.0
T3,2016-11-02,31621.0
T3,2016-11-03,31823.0
T3,2016-11-04,36171.0
T3,2016-11-05,41582.0
T3,2016-11-06,38616.0
T3,2016-11-07,27924.0
T3,2016-11-08,32584.0
T3,2016-11-09,34323.0
T3,2016-11-10,36643.0
T3,2016-11-11,35730.0
T3,2016-11-12,43069.0
T3,2016-11-13,39934.0
T3,2016-11-14,33630.0
T3,2016-11-15,30650.0
T3,2016-11-16,32058.0
T3,2016-11-17,31737.0
T3,2016-11-18,32595.0
T3,2016-11-19,42636.0
T3,2016-11-20,38803.0
T3,2016-11-21,27123.0
T3,2016-11-22,28445.0
T3,2016-11-23,29363.0
T3,2016-11-24,32125.0
T3,2016-11-25,33666.0
T3,2016-11-26,42061.0
T3,2016-11-27,39152.0
T3,2016-11-28,30673.0
T3,2016-11-29,26057.0
T3,2016-11-30,33174.0
T3,2016-12-01,30911.0
T3,2016-12-02,33116.0
T3,2016-12-03,40615.0
T3,2016-12-04,38109.0
T3,2016-12-05,29602.0
T3,2016-12-06,32935.0
T3,2016-12-07,35910.0
T3,2016-12-08,34961.0
T3,2016-12-09,37286.0
T3,2016-12-10,43278.0
T3,2016-12-11,31278.0
T3,2016-12-12,21301.0
T3,2016-12-13,28425.0
T3,2016-12-14,34724.0
T3,2016-12-15,36777.0
T3,2016-12-16,41530.0
T3,2016-12-17,36714.0
T3,2016-12-18,38395.0
T3,2016-12-19,31393.0
T3,2016-12-20,27593.0
T3,2016-12-21,28307.0
T3,2016-12-22,30287.0
T3,2016-12-23,32957.0
T3,2016-12-24,32490.0
T3,2016-12-25,36425.0
T3,2016-12-26,28372.0
T3,2016-12-27,32262.0
T3,2016-12-28,27687.0
T3,2016-12-29,25972.0
T3,2016-12-30,29863.0
T3,2016-12-31,38066.0
T3,2017-01-01,35450.0
T3,2017-01-02,27382.0
T3,2017-01-03,26708.0
T3,2017-01-04,27327.0
T3,2017-01-05,29551.0
T3,2017-01-06,31756.0
T3,2017-01-07,41632.0
T3,2017-01-08,32022.0
T3,2017-01-09,25463.0
T3,2017-01-10,26503.0
T3,2017-01-11,28314.0
T3,2017-01-12,30455.0
T3,2017-01-13,30357.0
T3,2017-01-14,38478.0
T3,2017-01-15,35230.0
T3,2017-01-16,24541.0
T3,2017-01-17,26906.0
T3,2017-01-18,28027.0
T3,2017-01-19,33616.0
T3,2017-01-20,30439.0
T3,2017-01-21,35717.0
T3,2017-01-22,36238.0
T3,2017-01-23,25690.0
T3,2017-01-24,26378.0
T3,2017-01-25,27294.0
T3,2017-01-26,28839.0
T3,2017-01-27,29114.0
T3,2017-01-28,36113.0
T3,2017-01-29,32925.0
T3,2017-01-30,22339.0
T3,2017-01-31,24466.0
T3,2017-02-01,24103.0
T3,2017-02-02,26180.0
T3,2017-02-03,26719.0
T3,2017-02-04,32114.0
T3,2017-02-05,32178.0
T3,2017-02-06,23620.0
T3,2017-02-07,24109.0
T3,2017-02-08,26032.0
T3,2017-02-09,27868.0
T3,2017-02-10,28151.0
T3,2017-02-11,37230.0
T3,2017-02-12,34336.0
T3,2017-02-13,30480.0
T3,2017-02-14,24904.0
T3,2017-02-15,26218.0
T3,2017-02-16,27835.0
T3,2017-02-17,27750.0
T3,2017-02-18,36248.0
T3,2017-02-19,34518.0
T3,2017-02-20,24783.0
T3,2017-02-21,26861.0
T3,2017-02-22,29173.0
T3,2017-02-23,26940.0
T3,2017-02-24,29361.0
T3,2017-02-25,34984.0
T3,2017-02-26,33874.0
T3,2017-02-27,25390.0
T3,2017-02-28,26427.0
T3,2017-03-01,26577.0
T3,2017-03-02,28341.0
T3,2017-03-03,25439.0
T3,2017-03-04,34518.0
T3,2017-03-05,32447.0
T3,2017-03-06,26691.0
T3,2017-03-07,26470.0
T3,2017-03-08,29788.0
T3,2017-03-09,31340.0
T3,2017-03-10,31717.0
T3,2017-03-11,39456.0
T3,2017-03-12,34677.0
T3,2017-03-13,27510.0
T3,2017-03-14,29534.0
T3,2017-03-15,31555.0
T3,2017-03-16,32031.0
T3,2017-03-17,31938.0
T3,2017-03-18,35880.0
T3,2017-03-19,33850.0
T3,2017-03-20,23740.0
T3,2017-03-21,27984.0
T3,2017-03-22,28312.0
T3,2017-03-23,30315.0
T3,2017-03-24,26846.0
T3,2017-03-25,35530.0
T3,2017-03-26,31318.0
T3,2017-03-27,23621.0
T3,2017-03-28,29875.0
T3,2017-03-29,29733.0
T3,2017-03-30,30809.0
T3,2017-03-31,30349.0
T3,2017-04-01,43237.0
T3,2017-04-02,36142.0
T3,2017-04-03,28652.0
T3,2017-04-04,30378.0
T3,2017-04-05,30697.0
T3,2017-04-06,31091.0
T3,2017-04-07,27151.0
T3,2017-04-08,39726.0
T3,2017-04-09,37936.0
T3,2017-04-10,24819.0
T3,2017-04-11,27308.0
T3,2017-04-12,31774.0
T3,2017-04-13,32755.0
T3,2017-04-14,32700.0
T3,2017-04-15,39596.0
T3,2017-04-16,35798.0
T3,2017-04-17,34048.0
T3,2017-04-18,30434.0
T3,2017-04-19,29271.0
T3,2017-04-20,31910.0
T3,2017-04-21,28490.0
T3,2017-04-22,32453.0
T3,2017-04-23,34722.0
T3,2017-04-24,29598.0
T3,2017-04-25,25654.0
T3,2017-04-26,30168.0
T3,2017-04-27,26726.0
T3,2017-04-28,30797.0
T3,2017-04-29,38262.0
T3,2017-04-30,42405.0
T3,2017-05-01,23815.0
T3,2017-05-02,25683.0
T3,2017-05-03,26221.0
T3,2017-05-04,27531.0
T3,2017-05-05,29512.0
T3,2017-05-06,36533.0
T3,2017-05-07,33119.0
T3,2017-05-08,22966.0
T3,2017-05-09,25836.0
T3,2017-05-10,25182.0
T3,2017-05-11,27364.0
T3,2017-05-12,29058.0
T3,2017-05-13,35062.0
T3,2017-05-14,34801.0
T3,2017-05-15,26244.0
T3,2017-05-16,26964.0
T3,2017-05-17,26833.0
T3,2017-05-18,27427.0
T3,2017-05-19,28934.0
T3,2017-05-20,33487.0
T3,2017-05-21,33678.0
T3,2017-05-22,28122.0
T3,2017-05-23,27042.0
T3,2017-05-24,28762.0
T3,2017-05-25,31512.0
T3,2017-05-26,31956.0
T3,2017-05-27,40111.0
T3,2017-05-28,36918.0
T3,2017-05-29,28229.0
T3,2017-05-30,29717.0
T3,2017-05-31,33546.0
T3,2017-06-01,35187.0
T3,2017-06-02,38456.0
T3,2017-06-03,36152.0
T3,2017-06-04,31440.0
T3,2017-06-05,28621.0
T3,2017-06-06,30871.0
T3,2017-06-07,32652.0
T3,2017-06-08,35985.0
T3,2017-06-09,31998.0
T3,2017-06-10,37766.0
T3,2017-06-11,35938.0
T3,2017-06-12,27252.0
T3,2017-06-13,27565.0
T3,2017-06-14,31292.0
T3,2017-06-15,27638.0
T3,2017-06-16,32398.0
T3,2017-06-17,36979.0
T3,2017-06-18,36381.0
T3,2017-06-19,28211.0
T3,2017-06-20,28353.0
T3,2017-06-21,29265.0
T3,2017-06-22,30031.0
T3,2017-06-23,27878.0
T3,2017-06-24,35982.0
T3,2017-06-25,33200.0
T3,2017-06-26,26126.0
T3,2017-06-27,27391.0
T3,2017-06-28,26866.0
T3,2017-06-29,28140.0
T3,2017-06-30,30149.0
T3,2017-07-01,37830.0
T3,2017-07-02,34565.0
T3,2017-07-03,25138.0
T3,2017-07-04,24343.0
T3,2017-07-05,28961.0
T3,2017-07-06,28070.0
T3,2017-07-07,28532.0
T3,2017-07-08,33297.0
T3,2017-07-09,37752.0
T3,2017-07-10,26588.0
T3,2017-07-11,34482.0
T3,2017-07-12,26042.0
T3,2017-07-13,29471.0
T3,2017-07-14,30863.0
T3,2017-07-15,38729.0
T3,2017-07-16,35779.0
T3,2017-07-17,25872.0
T3,2017-07-18,28817.0
T3,2017-07-19,29309.0
T3,2017-07-20,31775.0
T3,2017-07-21,30065.0
T3,2017-07-22,41568.0
T3,2017-07-23,32408.0
T3,2017-07-24,29157.0
T3,2017-07-25,29146.0
T3,2017-07-26,29345.0
T3,2017-07-27,30009.0
T3,2017-07-28,30039.0
T3,2017-07-29,41314.0
T3,2017-07-30,33904.0
T3,2017-07-31,27206.0
T3,2017-08-01,28734.0
T3,2017-08-02,29150.0
T3,2017-08-03,27393.0
T3,2017-08-04,28146.0
T3,2017-08-05,26317.0
T3,2017-08-06,18351.0
T3,2017-08-07,23685.0
T3,2017-08-08,26729.0
T3,2017-08-09,29482.0
T3,2017-08-10,32088.0
T3,2017-08-11,26425.0
T3,2017-08-12,36767.0
T3,2017-08-13,35017.0
T3,2017-08-14,27908.0
T3,2017-08-15,29114.0
T3,2017-08-16,31239.0
T3,2017-08-17,30845.0
T3,2017-08-18,31968.0
T3,2017-08-19,37590.0
T3,2017-08-20,33370.0
T3,2017-08-21,26489.0
T3,2017-08-22,27795.0
T3,2017-08-23,24892.0
T3,2017-08-24,30101.0
T3,2017-08-25,36164.0
T3,2017-08-26,35091.0
T3,2017-08-27,30205.0
T3,2017-08-28,31110.0
T3,2017-08-29,28670.0
T3,2017-08-30,38405.0
T3,2017-08-31,25794.0
T3,2017-09-01,25984.0
T3,2017-09-02,26684.0
T3,2017-09-03,28449.0
T3,2017-09-04,43393.0
T3,2017-09-05,22036.0
T3,2017-09-06,26213.0
T3,2017-09-07,26663.0
T3,2017-09-08,26856.0
T3,2017-09-09,29058.0
T3,2017-09-10,20831.0
T3,2017-09-11,22872.0
T3,2017-09-12,26398.0
T3,2017-09-13,27181.0
T3,2017-09-14,28256.0
T3,2017-09-15,25795.0
T3,2017-09-16,26563.0
T3,2017-09-17,23942.0
T3,2017-09-18,24142.0
T3,2017-09-19,25245.0
T3,2017-09-20,26246.0
T3,2017-09-21,27244.0
T3,2017-09-22,24648.0
T3,2017-09-23,26447.0
T3,2017-09-24,28692.0
T3,2017-09-25,21991.0
T3,2017-09-26,26120.0
T3,2017-09-27,27959.0
T3,2017-09-28,28883.0
T3,2017-09-29,31856.0
T3,2017-09-30,31328.0
T3,2017-10-01,27695.0
T3,2017-10-02,18862.0
T3,2017-10-03,18851.0
T3,2017-10-04,25834.0
T3,2017-10-05,25323.0
T3,2017-10-06,26431.0
T3,2017-10-07,32420.0
T3,2017-10-08,31036.0
T3,2017-10-09,23738.0
T3,2017-10-10,26625.0
T3,2017-10-11,27500.0
T3,2017-10-12,26837.0
T3,2017-10-13,28638.0
T3,2017-10-14,36615.0
T3,2017-10-15,33843.0
T3,2017-10-16,26369.0
T3,2017-10-17,28292.0
T3,2017-10-18,29430.0
T3,2017-10-19,32395.0
T3,2017-10-20,31669.0
T3,2017-10-21,36270.0
T3,2017-10-22,54898.0
T3,2017-10-23,30895.0
T3,2017-10-24,29543.0
T3,2017-10-25,31494.0
T3,2017-10-26,31769.0
T3,2017-10-27,33138.0
T3,2017-10-28,37212.0
T3,2017-10-29,34130.0
T3,2017-10-30,29629.0
T3,2017-10-31,34729.0
T3,2017-11-01,33817.0
T3,2017-11-02,33280.0
T3,2017-11-03,34583.0
T3,2017-11-04,41376.0
T3,2017-11-05,37170.0
T3,2017-11-06,27488.0
T3,2017-11-07,31572.0
T3,2017-11-08,33407.0
T3,2017-11-09,35218.0
T3,2017-11-10,36870.0
T3,2017-11-11,41580.0
T3,2017-11-12,39413.0
T3,2017-11-13,34647.0
T3,2017-11-14,30769.0
T3,2017-11-15,32520.0
T3,2017-11-16,33962.0
T3,2017-11-17,33982.0
T3,2017-11-18,40505.0
T3,2017-11-19,35102.0
T3,2017-11-20,25850.0
T3,2017-11-21,30892.0
T3,2017-11-22,31048.0
T3,2017-11-23,34329.0
T3,2017-11-24,34109.0
T3,2017-11-25,41733.0
T3,2017-11-26,34183.0
T3,2017-11-27,30741.0
T3,2017-11-28,29612.0
T3,2017-11-29,31958.0
T3,2017-11-30,33611.0
T3,2017-12-01,39687.0
T3,2017-12-02,41561.0
T3,2017-12-03,38753.0
T3,2017-12-04,32027.0
T3,2017-12-05,29973.0
T3,2017-12-06,31359.0
T3,2017-12-07,32774.0
T3,2017-12-08,35585.0
T3,2017-12-09,40862.0
T3,2017-12-10,37262.0
T3,2017-12-11,28058.0
T3,2017-12-12,32792.0
T3,2017-12-13,34042.0
T3,2017-12-14,33143.0
T3,2017-12-15,34069.0
T3,2017-12-16,40132.0
T3,2017-12-17,28471.0
T3,2017-12-18,24903.0
T3,2017-12-19,29922.0
T3,2017-12-20,32937.0
T3,2017-12-21,33806.0
T3,2017-12-22,34423.0
T3,2017-12-23,41392.0
T3,2017-12-24,37600.0
T3,2017-12-25,27734.0
T3,2017-12-26,30076.0
T3,2017-12-27,35395.0
T3,2017-12-28,35816.0
T3,2017-12-29,32759.0
T3,2017-12-30,38741.0
T3,2017-12-31,37985.0
T3,2018-01-01,27186.0
T3,2018-01-02,29849.0
T3,2018-01-03,31504.0
T3,2018-01-04,31995.0
T3,2018-01-05,31308.0
T3,2018-01-06,36679.0
T3,2018-01-07,38982.0
T3,2018-01-08,27049.0
T3,2018-01-09,28825.0
T3,2018-01-10,29958.0
T3,2018-01-11,33758.0
T3,2018-01-12,26202.0
T3,2018-01-13,28850.0
T3,2018-01-14,32350.0
T3,2018-01-15,24765.0
T3,2018-01-16,29216.0
T3,2018-01-17,27972.0
T3,2018-01-18,32320.0
T3,2018-01-19,31596.0
T3,2018-01-20,39731.0
T3,2018-01-21,37711.0
T3,2018-01-22,25546.0
T3,2018-01-23,29137.0
T3,2018-01-24,29786.0
T3,2018-01-25,31237.0
T3,2018-01-26,31995.0
T3,2018-01-27,40012.0
T3,2018-01-28,36567.0
T3,2018-01-29,26956.0
T3,2018-01-30,27834.0
T3,2018-01-31,27698.0
T3,2018-02-01,27142.0
T3,2018-02-02,28142.0
T3,2018-02-03,34121.0
T3,2018-02-04,30718.0
T3,2018-02-05,23263.0
T3,2018-02-06,25560.0
T3,2018-02-07,26460.0
T3,2018-02-08,28726.0
T3,2018-02-09,28239.0
T3,2018-02-10,32124.0
T3,2018-02-11,32847.0
T3,2018-02-12,29686.0
T3,2018-02-13,24896.0
T3,2018-02-14,26458.0
T3,2018-02-15,25425.0
T3,2018-02-16,27527.0
T3,2018-02-17,31866.0
T3,2018-02-18,32210.0
T3,2018-02-19,19291.0
T3,2018-02-20,25833.0
T3,2018-02-21,27813.0
T3,2018-02-22,28282.0
T3,2018-02-23,29700.0
T3,2018-02-24,34716.0
T3,2018-02-25,31682.0
T3,2018-02-26,24744.0
T3,2018-02-27,24764.0
T3,2018-02-28,26839.0
T3,2018-03-01,26711.0
T3,2018-03-02,26290.0
T3,2018-03-03,31954.0
T3,2018-03-04,29571.0
T3,2018-03-05,24209.0
T3,2018-03-06,27796.0
T3,2018-03-07,28262.0
T3,2018-03-08,28962.0
T3,2018-03-09,28958.0
T3,2018-03-10,36498.0
T3,2018-03-11,30438.0
T3,2018-03-12,25412.0
T3,2018-03-13,28090.0
T3,2018-03-14,29115.0
T3,2018-03-15,29533.0
T3,2018-03-16,30769.0
T3,2018-03-17,37868.0
T3,2018-03-18,33338.0
T3,2018-03-19,25669.0
T3,2018-03-20,28120.0
T3,2018-03-21,28691.0
T3,2018-03-22,31416.0
T3,2018-03-23,28735.0
T3,2018-03-24,36481.0
T3,2018-03-25,35593.0
T3,2018-03-26,27082.0
T3,2018-03-27,27774.0
T3,2018-03-28,28566.0
T3,2018-03-29,32095.0
T3,2018-03-30,32051.0
T3,2018-03-31,39953.0
T3,2018-04-01,35357.0
T3,2018-04-02,24592.0
T3,2018-04-03,28032.0
T3,2018-04-04,28890.0
T3,2018-04-05,31521.0
T3,2018-04-06,32817.0
T3,2018-04-07,35660.0
T3,2018-04-08,36971.0
T3,2018-04-09,27901.0
T3,2018-04-10,28802.0
T3,2018-04-11,31387.0
T3,2018-04-12,30762.0
T3,2018-04-13,31793.0
T3,2018-04-14,39820.0
T3,2018-04-15,32141.0
T3,2018-04-16,31590.0
T3,2018-04-17,29147.0
T3,2018-04-18,31047.0
T3,2018-04-19,31302.0
T3,2018-04-20,32677.0
T3,2018-04-21,40696.0
T3,2018-04-22,31714.0
T3,2018-04-23,24895.0
T3,2018-04-24,27375.0
T3,2018-04-25,28228.0
T3,2018-04-26,30095.0
T3,2018-04-27,31972.0
T3,2018-04-28,38550.0
T3,2018-04-29,37930.0
T3,2018-04-30,25512.0
T3,2018-05-01,25835.0
T3,2018-05-02,26091.0
T3,2018-05-03,28204.0
T3,2018-05-04,25925.0
T3,2018-05-05,34828.0
T3,2018-05-06,29994.0
T3,2018-05-07,23057.0
T3,2018-05-08,27335.0
T3,2018-05-09,29907.0
T3,2018-05-10,30896.0
T3,2018-05-11,28274.0
T3,2018-05-12,38871.0
T3,2018-05-13,36939.0
T3,2018-05-14,26269.0
T3,2018-05-15,28909.0
T3,2018-05-16,31208.0
T3,2018-05-17,31582.0
T3,2018-05-18,32261.0
T3,2018-05-19,39110.0
T3,2018-05-20,26759.0
T3,2018-05-21,24684.0
T3,2018-05-22,29055.0
T3,2018-05-23,28598.0
T3,2018-05-24,29417.0
T3,2018-05-25,32286.0
T3,2018-05-26,39750.0
T3,2018-05-27,36802.0
T3,2018-05-28,26643.0
T3,2018-05-29,32367.0
T3,2018-05-30,31109.0
T3,2018-05-31,35240.0
T3,2018-06-01,38313.0
T3,2018-06-02,31063.0
T3,2018-06-03,28967.0
T3,2018-06-04,29884.0
T3,2018-06-05,32838.0
T3,2018-06-06,32533.0
T3,2018-06-07,26441.0
T3,2018-06-08,35828.0
T3,2018-06-09,21234.0
T3,2018-06-10,27405.0
T3,2018-06-11,29292.0
T3,2018-06-12,24452.0
T3,2018-06-13,33310.0
T3,2018-06-14,24409.0
T3,2018-06-15,27558.0
T3,2018-06-16,25143.0
T3,2018-06-17,28614.0
T3,2018-06-18,31672.0
T3,2018-06-19,37026.0
T3,2018-06-20,34460.0
T3,2018-06-21,27342.0
T3,2018-06-22,28689.0
T3,2018-06-23,25941.0
T3,2018-06-24,28566.0
T3,2018-06-25,29069.0
T3,2018-06-26,32943.0
T3,2018-06-27,32463.0
T3,2018-06-28,26957.0
T3,2018-06-29,27585.0
T3,2018-06-30,27677.0
T3,2018-07-01,27905.0
T3,2018-07-02,28579.0
T3,2018-07-03,35719.0
T3,2018-07-04,32875.0
T3,2018-07-05,25110.0
T3,2018-07-06,26291.0
T3,2018-07-07,27986.0
T3,2018-07-08,30101.0
T3,2018-07-09,28614.0
T3,2018-07-10,28724.0
T3,2018-07-11,30184.0
T3,2018-07-12,24424.0
T3,2018-07-13,29654.0
T3,2018-07-14,29792.0
T3,2018-07-15,30447.0
T3,2018-07-16,24380.0
T3,2018-07-17,30753.0
T3,2018-07-18,30326.0
T3,2018-07-19,22243.0
T3,2018-07-20,26791.0
T3,2018-07-21,27209.0
T3,2018-07-22,27835.0
T3,2018-07-23,28204.0
T3,2018-07-24,27097.0
T3,2018-07-25,29690.0
T3,2018-07-26,28248.0
T3,2018-07-27,29063.0
T3,2018-07-28,28462.0
T3,2018-07-29,38266.0
T3,2018-07-30,24203.0
T3,2018-07-31,26157.0
T3,2018-08-01,27571.0
T3,2018-08-02,24247.0
T3,2018-08-03,12407.0
T3,2018-08-04,16333.0
T3,2018-08-05,17585.0
T3,2018-08-06,16935.0
T3,2018-08-07,18985.0
T3,2018-08-08,18222.0
T3,2018-08-09,14399.0
T3,2018-08-10,15056.0
T3,2018-08-11,15270.0
T3,2018-08-12,16902.0
T3,2018-08-13,17119.0
T3,2018-08-14,20002.0
T3,2018-08-15,20526.0
T3,2018-08-16,16092.0
T3,2018-08-17,16791.0
T3,2018-08-18,16904.0
T3,2018-08-19,18404.0
T3,2018-08-20,15764.0
T3,2018-08-21,15042.0
T3,2018-08-22,21978.0
T3,2018-08-23,17401.0
T3,2018-08-24,15517.0
T3,2018-08-25,15993.0
T3,2018-08-26,13450.0
T3,2018-08-27,19415.0
T3,2018-08-28,27224.0
T3,2018-08-29,31775.0
T3,2018-08-30,31019.0
T3,2018-08-31,34731.0
T3,2018-09-01,33819.0
T3,2018-09-02,27541.0
T3,2018-09-03,33787.0
T3,2018-09-04,34258.0
T3,2018-09-05,33610.0
T3,2018-09-06,35802.0
T3,2018-09-07,42970.0
T3,2018-09-08,41272.0
T3,2018-09-09,35097.0
T3,2018-09-10,35043.0
T3,2018-09-11,32214.0
T3,2018-09-12,33358.0
T3,2018-09-13,35314.0
T3,2018-09-14,44465.0
T3,2018-09-15,43271.0
T3,2018-09-16,31586.0
T3,2018-09-17,32871.0
T3,2018-09-18,33293.0
T3,2018-09-19,33336.0
T3,2018-09-20,33767.0
T3,2018-09-21,39772.0
T3,2018-09-22,36808.0
T3,2018-09-23,27693.0
T3,2018-09-24,28963.0
T3,2018-09-25,30608.0
T3,2018-09-26,32705.0
T3,2018-09-27,33846.0
T3,2018-09-28,36762.0
T3,2018-09-29,32691.0
T3,2018-09-30,27942.0
T3,2018-10-01,30018.0
T3,2018-10-02,31729.0
T3,2018-10-03,31273.0
T3,2018-10-04,33379.0
T3,2018-10-05,40139.0
T3,2018-10-06,38299.0
T3,2018-10-07,32671.0
T3,2018-10-08,29801.0
T3,2018-10-09,34249.0
T3,2018-10-10,33852.0
T3,2018-10-11,34875.0
T3,2018-10-12,42252.0
T3,2018-10-13,39251.0
T3,2018-10-14,31221.0
T3,2018-10-15,31762.0
T3,2018-10-16,33641.0
T3,2018-10-17,34143.0
T3,2018-10-18,41530.0
T3,2018-10-19,41592.0
T3,2018-10-20,38416.0
T3,2018-10-21,31224.0
T3,2018-10-22,28880.0
T3,2018-10-23,28521.0
T3,2018-10-24,36610.0
T3,2018-10-25,34737.0
T3,2018-10-26,32155.0
T3,2018-10-27,34751.0
T3,2018-10-28,26165.0
T3,2018-10-29,27960.0
T3,2018-10-30,30024.0
T3,2018-10-31,30820.0
T3,2018-11-01,30609.0
T3,2018-11-02,38005.0
T3,2018-11-03,34094.0
T3,2018-11-04,29252.0
T3,2018-11-05,26991.0
T3,2018-11-06,28324.0
T3,2018-11-07,28596.0
T3,2018-11-08,29054.0
T3,2018-11-09,29616.0
T3,2018-11-10,36261.0
T3,2018-11-11,26533.0
T3,2018-11-12,27159.0
T3,2018-11-13,28588.0
T3,2018-11-14,31809.0
T3,2018-11-15,37523.0
T3,2018-11-16,35255.0
T3,2018-11-17,27768.0
T3,2018-11-18,27553.0
T3,2018-11-19,29283.0
T3,2018-11-20,29731.0
T3,2018-11-21,30737.0
T3,2018-11-22,35404.0
T3,2018-11-23,29477.0
T3,2018-11-24,24050.0
T3,2018-11-25,24098.0
T3,2018-11-26,25647.0
T3,2018-11-27,23520.0
T3,2018-11-28,27548.0
T3,2018-11-29,32542.0
T3,2018-11-30,34424.0
T3,2018-12-01,21450.0
T3,2018-12-02,22137.0
T3,2018-12-03,26348.0
T3,2018-12-04,27194.0
T3,2018-12-05,29861.0
T3,2018-12-06,33444.0
T3,2018-12-07,34553.0
T3,2018-12-08,29257.0
T3,2018-12-09,26843.0
T3,2018-12-10,24268.0
T3,2018-12-11,25084.0
T3,2018-12-12,27376.0
T3,2018-12-13,31486.0
T3,2018-12-14,31926.0
T3,2018-12-15,23762.0
T3,2018-12-16,24173.0
T3,2018-12-17,22656.0
T3,2018-12-18,24865.0
T3,2018-12-19,25999.0
T3,2018-12-20,35114.0
T3,2018-12-21,31569.0
T3,2018-12-22,23933.0
T3,2018-12-23,24952.0
T3,2018-12-24,27340.0
T3,2018-12-25,27959.0
T3,2018-12-26,28669.0
T3,2018-12-27,33503.0
T3,2018-12-28,25901.0
T3,2018-12-29,26892.0
T3,2018-12-30,26116.0
T3,2018-12-31,28109.0
T3,2019-01-01,28565.0
T3,2019-01-02,29358.0
T3,2019-01-03,33824.0
T3,2019-01-04,32301.0
T3,2019-01-05,24823.0
T3,2019-01-06,26654.0
T3,2019-01-07,28041.0
T3,2019-01-08,26292.0
T3,2019-01-09,26496.0
T3,2019-01-10,29242.0
T3,2019-01-11,26974.0
T3,2019-01-12,21386.0
T3,2019-01-13,23621.0
T3,2019-01-14,24301.0
T3,2019-01-15,26541.0
T3,2019-01-16,28904.0
T3,2019-01-17,35080.0
T3,2019-01-18,35165.0
T3,2019-01-19,28194.0
T3,2019-01-20,27168.0
T3,2019-01-21,25698.0
T3,2019-01-22,30533.0
T3,2019-01-23,31091.0
T3,2019-01-24,31017.0
T3,2019-01-25,37223.0
T3,2019-01-26,29867.0
T3,2019-01-27,27468.0
T3,2019-01-28,29201.0
T3,2019-01-29,29650.0
T3,2019-01-30,30780.0
T3,2019-01-31,37324.0
T3,2019-02-01,36362.0
T3,2019-02-02,28414.0
T3,2019-02-03,28592.0
T3,2019-02-04,29012.0
T3,2019-02-05,30718.0
T3,2019-02-06,27961.0
T3,2019-02-07,32882.0
T3,2019-02-08,35413.0
T3,2019-02-09,27561.0
T3,2019-02-10,27486.0
T3,2019-02-11,30351.0
T3,2019-02-12,30195.0
T3,2019-02-13,30117.0
T3,2019-02-14,37152.0
T3,2019-02-15,38938.0
T3,2019-02-16,24703.0
T3,2019-02-17,25430.0
T3,2019-02-18,28634.0
T3,2019-02-19,29240.0
T3,2019-02-20,34440.0
T3,2019-02-21,45870.0
T3,2019-02-22,44983.0
T3,2019-02-23,27828.0
T3,2019-02-24,27063.0
T3,2019-02-25,27315.0
T3,2019-02-26,25222.0
T3,2019-02-27,31444.0
T3,2019-02-28,35742.0
T3,2019-03-01,33637.0
T3,2019-03-02,23281.0
T3,2019-03-03,24890.0
T3,2019-03-04,26198.0
T3,2019-03-05,26690.0
T3,2019-03-06,26651.0
T3,2019-03-07,32000.0
T3,2019-03-08,31545.0
T3,2019-03-09,21976.0
T3,2019-03-10,24745.0
T3,2019-03-11,27757.0
T3,2019-03-12,28737.0
T3,2019-03-13,29058.0
T3,2019-03-14,37117.0
T3,2019-03-15,35012.0
T3,2019-03-16,23199.0
T3,2019-03-17,25326.0
T3,2019-03-18,26494.0
T3,2019-03-19,28238.0
T3,2019-03-20,32337.0
T3,2019-03-21,39200.0
T3,2019-03-22,30662.0
T3,2019-03-23,27379.0
T3,2019-03-24,26842.0
T3,2019-03-25,29778.0
T3,2019-03-26,33260.0
T3,2019-03-27,36547.0
T3,2019-03-28,30010.0
T3,2019-03-29,30621.0
T3,2019-03-30,26891.0
T3,2019-03-31,29342.0
T3,2019-04-01,32896.0
T3,2019-04-02,33178.0
T3,2019-04-03,32933.0
T3,2019-04-04,32465.0
T3,2019-04-05,34155.0
T3,2019-04-06,27249.0
T3,2019-04-07,28202.0
T3,2019-04-08,25858.0
T3,2019-04-09,29361.0
T3,2019-04-10,28993.0
T3,2019-04-11,35290.0
T3,2019-04-12,36137.0
T3,2019-04-13,27868.0
T3,2019-04-14,26680.0
T3,2019-04-15,26702.0
T3,2019-04-16,24844.0
T3,2019-04-17,27793.0
T3,2019-04-18,34372.0
T3,2019-04-19,32474.0
T3,2019-04-20,26076.0
T3,2019-04-21,26393.0
T3,2019-04-22,27888.0
T3,2019-04-23,30310.0
T3,2019-04-24,28669.0
T3,2019-04-25,32203.0
T3,2019-04-26,28797.0
T3,2019-04-27,24713.0
T3,2019-04-28,27474.0
T3,2019-04-29,30022.0
T3,2019-04-30,28986.0
T3,2019-05-01,29636.0
T3,2019-05-02,29993.0
T3,2019-05-03,28408.0
T3,2019-05-04,27454.0
T3,2019-05-05,26953.0
T3,2019-05-06,29086.0
T3,2019-05-07,26317.0
T3,2019-05-08,23746.0
T3,2019-05-09,28070.0
T3,2019-05-10,30404.0
T3,2019-05-11,26767.0
T3,2019-05-12,27756.0
T3,2019-05-13,27189.0
T3,2019-05-14,29232.0
T3,2019-05-15,33796.0
T3,2019-05-16,35375.0
T3,2019-05-17,33441.0
T3,2019-05-18,26934.0
T3,2019-05-19,28084.0
T3,2019-05-20,30160.0
T3,2019-05-21,31881.0
T3,2019-05-22,29029.0
T3,2019-05-23,35934.0
T3,2019-05-24,33692.0
T3,2019-05-25,29316.0
T3,2019-05-26,27263.0
T3,2019-05-27,28136.0
T3,2019-05-28,31507.0
T3,2019-05-29,33619.0
T3,2019-05-30,37367.0
T3,2019-05-31,33689.0
T3,2019-06-01,23883.0
T3,2019-06-02,25249.0
T3,2019-06-03,26618.0
T3,2019-06-04,30154.0
T3,2019-06-05,29207.0
T3,2019-06-06,33532.0
T3,2019-06-07,32937.0
T3,2019-06-08,26603.0
T3,2019-06-09,24846.0
T3,2019-06-10,27405.0
T3,2019-06-11,28455.0
T3,2019-06-12,29336.0
T3,2019-06-13,33855.0
T3,2019-06-14,32003.0
T3,2019-06-15,27790.0
T3,2019-06-16,28339.0
T3,2019-06-17,28521.0
T3,2019-06-18,27380.0
T3,2019-06-19,29104.0
T3,2019-06-20,26007.0
T3,2019-06-21,32843.0
T3,2019-06-22,29842.0
T3,2019-06-23,30460.0
T3,2019-06-24,32294.0
T3,2019-06-25,38288.0
T3,2019-06-26,34336.0
T3,2019-06-27,28412.0
T3,2019-06-28,28108.0
T3,2019-06-29,24457.0
T3,2019-06-30,21132.0
T3,2019-07-01,47811.0
T3,2019-07-02,25074.0
T3,2019-07-03,24852.0
T3,2019-07-04,24173.0
T3,2019-07-05,24322.0
T3,2019-07-06,21415.0
T3,2019-07-07,21942.0
T3,2019-07-08,24376.0
T3,2019-07-09,24959.0
T3,2019-07-10,24018.0
T3,2019-07-11,27661.0
T3,2019-07-12,27700.0
T3,2019-07-13,23087.0
T3,2019-07-14,22039.0
T3,2019-07-15,21087.0
T3,2019-07-16,18933.0
T3,2019-07-17,25090.0
T3,2019-07-18,29252.0
T3,2019-07-19,28960.0
T3,2019-07-20,22009.0
T3,2019-07-21,18507.0
T3,2019-07-22,25511.0
T3,2019-07-23,22744.0
T3,2019-07-24,25462.0
T3,2019-07-25,28969.0
T3,2019-07-26,30250.0
T3,2019-07-27,25715.0
T3,2019-07-28,24555.0
T3,2019-07-29,22945.0
T3,2019-07-30,23407.0
T3,2019-07-31,20214.0
T3,2019-08-01,22285.0
T3,2019-08-02,21137.0
T3,2019-08-03,21775.0
T3,2019-08-04,21316.0
T3,2019-08-05,21913.0
T3,2019-08-06,22507.0
T3,2019-08-07,23199.0
T3,2019-08-08,27028.0
T3,2019-08-09,27157.0
T3,2019-08-10,21758.0
T3,2019-08-11,21942.0
T3,2019-08-12,23955.0
T3,2019-08-13,23835.0
T3,2019-08-14,24388.0
T3,2019-08-15,26576.0
T3,2019-08-16,27756.0
T3,2019-08-17,25668.0
T3,2019-08-18,23265.0
T3,2019-08-19,21725.0
T3,2019-08-20,27109.0
T3,2019-08-21,27476.0
T3,2019-08-22,31697.0
T3,2019-08-23,33505.0
T3,2019-08-24,24245.0
T3,2019-08-25,25544.0
T3,2019-08-26,25629.0
T3,2019-08-27,27181.0
T3,2019-08-28,28070.0
T3,2019-08-29,32390.0
T3,2019-08-30,33859.0
T3,2019-08-31,27990.0
T3,2019-09-01,27501.0
T3,2019-09-02,28006.0
T3,2019-09-03,25986.0
T3,2019-09-04,26903.0
T3,2019-09-05,32305.0
T3,2019-09-06,30568.0
T3,2019-09-07,27260.0
T3,2019-09-08,26044.0
T3,2019-09-09,26360.0
T3,2019-09-10,26907.0
T3,2019-09-11,27468.0
T3,2019-09-12,25756.0
T3,2019-09-13,23709.0
T3,2019-09-14,19428.0
T3,2019-09-15,19898.0
T3,2019-09-16,17583.0
T3,2019-09-17,15673.0
T3,2019-09-18,14708.0
T3,2019-09-19,14385.0
T3,2019-09-20,12112.0
T3,2019-09-21,10511.0
T3,2019-09-22,7841.0
T3,2019-09-23,5420.0
T3,2019-09-24,5184.0
T3,2019-09-25,5344.0
T3,2019-09-26,5343.0
T3,2019-09-27,4743.0
T3,2019-09-28,3730.0
T3,2019-09-29,4207.0
T3,2019-09-30,3890.0
T3,2019-10-01,3884.0
T3,2019-10-02,3392.0
T3,2019-10-03,3976.0
T3,2019-10-04,3413.0
T3,2019-10-05,3640.0
T3,2019-10-06,4062.0
T3,2019-10-07,3982.0
T3,2019-10-08,4199.0
T3,2019-10-09,4271.0
T3,2019-10-10,4235.0
T3,2019-10-11,3575.0
T3,2019-10-12,3663.0
T3,2019-10-13,4390.0
T3,2019-10-14,4302.0
T3,2019-10-15,4401.0
T3,2019-10-16,4371.0
T3,2019-10-17,4652.0
T3,2019-10-18,4493.0
T3,2019-10-19,4238.0
T3,2019-10-20,4201.0
T3,2019-10-21,4250.0
T3,2019-10-22,4653.0
T3,2019-10-23,4521.0
T3,2019-10-24,5485.0
T3,2019-10-25,5031.0
T3,2019-10-26,4959.0
T3,2019-10-27,4873.0
T3,2019-10-28,4437.0
T3,2019-10-29,3405.0
T3,2019-10-30,2848.0
T5,2009-05-01,25590.0
T5,2009-05-02,26182.0
T5,2009-05-03,21142.0
T5,2009-05-04,19720.0
T5,2009-05-05,27453.0
T5,2009-05-06,27041.0
T5,2009-05-07,25036.0
T5,2009-05-08,24397.0
T5,2009-05-09,21024.0
T5,2009-05-10,27991.0
T5,2009-05-11,18717.0
T5,2009-05-12,19903.0
T5,2009-05-13,21251.0
T5,2009-05-14,22920.0
T5,2009-05-15,28012.0
T5,2009-05-16,21940.0
T5,2009-05-17,19047.0
T5,2009-05-18,20447.0
T5,2009-05-19,24161.0
T5,2009-05-20,22281.0
T5,2009-05-21,21178.0
T5,2009-05-22,32571.0
T5,2009-05-23,23923.0
T5,2009-05-24,20620.0
T5,2009-05-25,18409.0
T5,2009-05-26,20443.0
T5,2009-05-27,20991.0
T5,2009-05-28,20780.0
T5,2009-05-29,26569.0
T5,2009-05-30,20427.0
T5,2009-05-31,21730.0
T5,2009-06-01,18294.0
T5,2009-06-02,17591.0
T5,2009-06-03,22028.0
T5,2009-06-04,21154.0
T5,2009-06-05,23874.0
T5,2009-06-06,21434.0
T5,2009-06-07,22421.0
T5,2009-06-08,13158.0
T5,2009-06-09,16063.0
T5,2009-06-10,19030.0
T5,2009-06-11,19374.0
T5,2009-06-12,21920.0
T5,2009-06-13,18814.0
T5,2009-06-14,18037.0
T5,2009-06-15,20166.0
T5,2009-06-16,20322.0
T5,2009-06-17,23368.0
T5,2009-06-18,22726.0
T5,2009-06-19,25204.0
T5,2009-06-20,21083.0
T5,2009-06-21,18779.0
T5,2009-06-22,24108.0
T5,2009-06-23,19947.0
T5,2009-06-24,24426.0
T5,2009-06-25,22520.0
T5,2009-06-26,27420.0
T5,2009-06-27,25524.0
T5,2009-06-28,24874.0
T5,2009-06-29,20994.0
T5,2009-06-30,20699.0
T5,2009-07-01,24709.0
T5,2009-07-02,22184.0
T5,2009-07-03,25872.0
T5,2009-07-04,23494.0
T5,2009-07-05,21272.0
T5,2009-07-06,21987.0
T5,2009-07-07,24497.0
T5,2009-07-08,29668.0
T5,2009-07-09,26890.0
T5,2009-07-10,29277.0
T5,2009-07-11,21777.0
T5,2009-07-12,23116.0
T5,2009-07-13,19414.0
T5,2009-07-14,20412.0
T5,2009-07-15,25117.0
T5,2009-07-16,25732.0
T5,2009-07-17,27032.0
T5,2009-07-18,23822.0
T5,2009-07-19,24211.0
T5,2009-07-20,20709.0
T5,2009-07-21,20506.0
T5,2009-07-22,22194.0
T5,2009-07-23,22649.0
T5,2009-07-24,28428.0
T5,2009-07-25,25762.0
T5,2009-07-26,23142.0
T5,2009-07-27,24047.0
T5,2009-07-28,21003.0
T5,2009-07-29,24479.0
T5,2009-07-30,22597.0
T5,2009-07-31,27247.0
T5,2009-08-01,23994.0
T5,2009-08-02,21474.0
T5,2009-08-03,21357.0
T5,2009-08-04,19552.0
T5,2009-08-05,23982.0
T5,2009-08-06,23136.0
T5,2009-08-07,27615.0
T5,2009-08-08,25986.0
T5,2009-08-09,22118.0
T5,2009-08-10,19335.0
T5,2009-08-11,18923.0
T5,2009-08-12,22746.0
T5,2009-08-13,24093.0
T5,2009-08-14,29464.0
T5,2009-08-15,26521.0
T5,2009-08-16,19184.0
T5,2009-08-17,19934.0
T5,2009-08-18,21027.0
T5,2009-08-19,25078.0
T5,2009-08-20,21929.0
T5,2009-08-21,25480.0
T5,2009-08-22,25245.0
T5,2009-08-23,20608.0
T5,2009-08-24,22151.0
T5,2009-08-25,17534.0
T5,2009-08-26,21932.0
T5,2009-08-27,22706.0
T5,2009-08-28,26983.0
T5,2009-08-29,23215.0
T5,2009-08-30,19386.0
T5,2009-08-31,17584.0
T5,2009-09-01,18325.0
T5,2009-09-02,23238.0
T5,2009-09-03,21633.0
T5,2009-09-04,26074.0
T5,2009-09-05,22773.0
T5,2009-09-06,18389.0
T5,2009-09-07,19159.0
T5,2009-09-08,19165.0
T5,2009-09-09,22426.0
T5,2009-09-10,22103.0
T5,2009-09-11,27175.0
T5,2009-09-12,25837.0
T5,2009-09-13,20953.0
T5,2009-09-14,23088.0
T5,2009-09-15,22232.0
T5,2009-09-16,25641.0
T5,2009-09-17,19252.0
T5,2009-09-18,28614.0
T5,2009-09-19,25028.0
T5,2009-09-20,22790.0
T5,2009-09-21,21685.0
T5,2009-09-22,23154.0
T5,2009-09-23,27081.0
T5,2009-09-24,24811.0
T5,2009-09-25,34409.0
T5,2009-09-26,20087.0
T5,2009-09-27,16932.0
T5,2009-09-28,21160.0
T5,2009-09-29,25429.0
T5,2009-09-30,30629.0
T5,2009-10-01,27289.0
T5,2009-10-02,29911.0
T5,2009-10-03,34310.0
T5,2009-10-04,30608.0
T5,2009-10-05,18500.0
T5,2009-10-06,18113.0
T5,2009-10-07,20911.0
T5,2009-10-08,20769.0
T5,2009-10-09,26513.0
T5,2009-10-10,27174.0
T5,2009-10-11,24758.0
T5,2009-10-12,20946.0
T5,2009-10-13,18627.0
T5,2009-10-14,19330.0
T5,2009-10-15,21698.0
T5,2009-10-16,24907.0
T5,2009-10-17,23735.0
T5,2009-10-18,20214.0
T5,2009-10-19,21469.0
T5,2009-10-20,20099.0
T5,2009-10-21,20599.0
T5,2009-10-22,23158.0
T5,2009-10-23,27919.0
T5,2009-10-24,24913.0
T5,2009-10-25,18672.0
T5,2009-10-26,21100.0
T5,2009-10-27,22197.0
T5,2009-10-28,22167.0
T5,2009-10-29,24400.0
T5,2009-10-30,25194.0
T5,2009-10-31,24848.0
T5,2009-11-01,18624.0
T5,2009-11-02,30219.0
T5,2009-11-03,19003.0
T5,2009-11-04,21637.0
T5,2009-11-05,23676.0
T5,2009-11-06,25736.0
T5,2009-11-07,23243.0
T5,2009-11-08,17787.0
T5,2009-11-09,20800.0
T5,2009-11-10,21682.0
T5,2009-11-11,23608.0
T5,2009-11-12,24194.0
T5,2009-11-13,30780.0
T5,2009-11-14,26587.0
T5,2009-11-15,22026.0
T5,2009-11-16,25060.0
T5,2009-11-17,23562.0
T5,2009-11-18,23510.0
T5,2009-11-19,22678.0
T5,2009-11-20,26049.0
T5,2009-11-21,24287.0
T5,2009-11-22,15859.0
T5,2009-11-23,23493.0
T5,2009-11-24,24429.0
T5,2009-11-25,24946.0
T5,2009-11-26,21428.0
T5,2009-11-27,28821.0
T5,2009-11-28,22841.0
T5,2009-11-29,21995.0
T5,2009-11-30,21782.0
T5,2009-12-01,22662.0
T5,2009-12-02,25020.0
T5,2009-12-03,22546.0
T5,2009-12-04,28775.0
T5,2009-12-05,24113.0
T5,2009-12-06,24142.0
T5,2009-12-07,22583.0
T5,2009-12-08,20701.0
T5,2009-12-09,25998.0
T5,2009-12-10,23356.0
T5,2009-12-11,27685.0
T5,2009-12-12,31148.0
T5,2009-12-13,21722.0
T5,2009-12-14,23106.0
T5,2009-12-15,24284.0
T5,2009-12-16,20665.0
T5,2009-12-17,19914.0
T5,2009-12-18,31587.0
T5,2009-12-19,22011.0
T5,2009-12-20,21477.0
T5,2009-12-21,24907.0
T5,2009-12-22,22721.0
T5,2009-12-23,21562.0
T5,2009-12-24,15717.0
T5,2009-12-25,13606.0
T5,2009-12-26,17894.0
T5,2009-12-27,21878.0
T5,2009-12-28,20804.0
T5,2009-12-29,21498.0
T5,2009-12-30,19612.0
T5,2009-12-31,21666.0
T5,2010-01-01,28378.0
T5,2010-01-02,17453.0
T5,2010-01-03,18375.0
T5,2010-01-04,20336.0
T5,2010-01-05,20665.0
T5,2010-01-06,23620.0
T5,2010-01-07,23513.0
T5,2010-01-08,21331.0
T5,2010-01-09,17977.0
T5,2010-01-10,17803.0
T5,2010-01-11,14317.0
T5,2010-01-12,17321.0
T5,2010-01-13,22809.0
T5,2010-01-14,23096.0
T5,2010-01-15,25317.0
T5,2010-01-16,19279.0
T5,2010-01-17,21484.0
T5,2010-01-18,20286.0
T5,2010-01-19,22222.0
T5,2010-01-20,26942.0
T5,2010-01-21,26551.0
T5,2010-01-22,26853.0
T5,2010-01-23,25841.0
T5,2010-01-24,23776.0
T5,2010-01-25,24445.0
T5,2010-01-26,37856.0
T5,2010-01-27,23751.0
T5,2010-01-28,23910.0
T5,2010-01-29,26829.0
T5,2010-01-30,23920.0
T5,2010-01-31,19023.0
T5,2010-02-01,20700.0
T5,2010-02-02,18861.0
T5,2010-02-03,20703.0
T5,2010-02-04,19099.0
T5,2010-02-05,24918.0
T5,2010-02-06,22056.0
T5,2010-02-07,21174.0
T5,2010-02-08,23404.0
T5,2010-02-09,19597.0
T5,2010-02-10,21041.0
T5,2010-02-11,22832.0
T5,2010-02-12,28051.0
T5,2010-02-13,26517.0
T5,2010-02-14,33261.0
T5,2010-02-15,22711.0
T5,2010-02-16,23329.0
T5,2010-02-17,26704.0
T5,2010-02-18,25610.0
T5,2010-02-19,29052.0
T5,2010-02-20,25925.0
T5,2010-02-21,22740.0
T5,2010-02-22,23725.0
T5,2010-02-23,25985.0
T5,2010-02-24,26602.0
T5,2010-02-25,26428.0
T5,2010-02-26,27834.0
T5,2010-02-27,25963.0
T5,2010-02-28,21625.0
T5,2010-03-01,20908.0
T5,2010-03-02,21747.0
T5,2010-03-03,25268.0
T5,2010-03-04,24398.0
T5,2010-03-05,29941.0
T5,2010-03-06,28694.0
T5,2010-03-07,22725.0
T5,2010-03-08,27336.0
T5,2010-03-09,21380.0
T5,2010-03-10,22151.0
T5,2010-03-11,24756.0
T5,2010-03-12,30156.0
T5,2010-03-13,29770.0
T5,2010-03-14,41974.0
T5,2010-03-15,24416.0
T5,2010-03-16,22143.0
T5,2010-03-17,25041.0
T5,2010-03-18,24022.0
T5,2010-03-19,29299.0
T5,2010-03-20,34101.0
T5,2010-03-21,31132.0
T5,2010-03-22,24174.0
T5,2010-03-23,23217.0
T5,2010-03-24,27542.0
T5,2010-03-25,25611.0
T5,2010-03-26,30919.0
T5,2010-03-27,30475.0
T5,2010-03-28,26823.0
T5,2010-03-29,23825.0
T5,2010-03-30,23781.0
T5,2010-03-31,25710.0
T5,2010-04-01,24113.0
T5,2010-04-02,19135.0
T5,2010-04-03,24919.0
T5,2010-04-04,25732.0
T5,2010-04-05,20214.0
T5,2010-04-06,22352.0
T5,2010-04-07,25226.0
T5,2010-04-08,26216.0
T5,2010-04-09,28956.0
T5,2010-04-10,25062.0
T5,2010-04-11,19874.0
T5,2010-04-12,23004.0
T5,2010-04-13,22008.0
T5,2010-04-14,24432.0
T5,2010-04-15,25212.0
T5,2010-04-16,33328.0
T5,2010-04-17,29497.0
T5,2010-04-18,23299.0
T5,2010-04-19,21045.0
T5,2010-04-20,21509.0
T5,2010-04-21,24056.0
T5,2010-04-22,24013.0
T5,2010-04-23,25191.0
T5,2010-04-24,21959.0
T5,2010-04-25,42662.0
T5,2010-04-26,18104.0
T5,2010-04-27,24808.0
T5,2010-04-28,27529.0
T5,2010-04-29,25985.0
T5,2010-04-30,24509.0
T5,2010-05-01,26470.0
T5,2010-05-02,19959.0
T5,2010-05-03,21083.0
T5,2010-05-04,21619.0
T5,2010-05-05,21613.0
T5,2010-05-06,21737.0
T5,2010-05-07,25614.0
T5,2010-05-08,23952.0
T5,2010-05-09,24934.0
T5,2010-05-10,19630.0
T5,2010-05-11,17893.0
T5,2010-05-12,19274.0
T5,2010-05-13,20044.0
T5,2010-05-14,24436.0
T5,2010-05-15,22451.0
T5,2010-05-16,18868.0
T5,2010-05-17,19559.0
T5,2010-05-18,21400.0
T5,2010-05-19,20777.0
T5,2010-05-20,21214.0
T5,2010-05-21,28253.0
T5,2010-05-22,25887.0
T5,2010-05-23,18623.0
T5,2010-05-24,17565.0
T5,2010-05-25,18988.0
T5,2010-05-26,21641.0
T5,2010-05-27,20132.0
T5,2010-05-28,24494.0
T5,2010-05-29,19566.0
T5,2010-05-30,18677.0
T5,2010-05-31,18753.0
T5,2010-06-01,19917.0
T5,2010-06-02,20499.0
T5,2010-06-03,19882.0
T5,2010-06-04,24082.0
T5,2010-06-05,20676.0
T5,2010-06-06,18555.0
T5,2010-06-07,20831.0
T5,2010-06-08,17889.0
T5,2010-06-09,18866.0
T5,2010-06-10,19870.0
T5,2010-06-11,22693.0
T5,2010-06-12,22269.0
T5,2010-06-13,20902.0
T5,2010-06-14,16745.0
T5,2010-06-15,18193.0
T5,2010-06-16,20863.0
T5,2010-06-17,18357.0
T5,2010-06-18,23445.0
T5,2010-06-19,23347.0
T5,2010-06-20,18251.0
T5,2010-06-21,20019.0
T5,2010-06-22,19136.0
T5,2010-06-23,20632.0
T5,2010-06-24,21596.0
T5,2010-06-25,22363.0
T5,2010-06-26,22494.0
T5,2010-06-27,19335.0
T5,2010-06-28,20820.0
T5,2010-06-29,17369.0
T5,2010-06-30,22295.0
T5,2010-07-01,21497.0
T5,2010-07-02,24828.0
T5,2010-07-03,23102.0
T5,2010-07-04,21688.0
T5,2010-07-05,21712.0
T5,2010-07-06,22933.0
T5,2010-07-07,24665.0
T5,2010-07-08,22952.0
T5,2010-07-09,27716.0
T5,2010-07-10,19833.0
T5,2010-07-11,22576.0
T5,2010-07-12,20249.0
T5,2010-07-13,18722.0
T5,2010-07-14,19869.0
T5,2010-07-15,21397.0
T5,2010-07-16,27731.0
T5,2010-07-17,23740.0
T5,2010-07-18,24857.0
T5,2010-07-19,18980.0
T5,2010-07-20,17474.0
T5,2010-07-21,22214.0
T5,2010-07-22,19650.0
T5,2010-07-23,24637.0
T5,2010-07-24,22559.0
T5,2010-07-25,22241.0
T5,2010-07-26,18777.0
T5,2010-07-27,17726.0
T5,2010-07-28,19707.0
T5,2010-07-29,21216.0
T5,2010-07-30,27703.0
T5,2010-07-31,25437.0
T5,2010-08-01,19138.0
T5,2010-08-02,18452.0
T5,2010-08-03,18907.0
T5,2010-08-04,21812.0
T5,2010-08-05,21447.0
T5,2010-08-06,25731.0
T5,2010-08-07,25241.0
T5,2010-08-08,21636.0
T5,2010-08-09,20989.0
T5,2010-08-10,19458.0
T5,2010-08-11,22314.0
T5,2010-08-12,18943.0
T5,2010-08-13,24129.0
T5,2010-08-14,19354.0
T5,2010-08-15,19199.0
T5,2010-08-16,17216.0
T5,2010-08-17,18765.0
T5,2010-08-18,19667.0
T5,2010-08-19,19752.0
T5,2010-08-20,22230.0
T5,2010-08-21,19513.0
T5,2010-08-22,19811.0
T5,2010-08-23,16800.0
T5,2010-08-24,15624.0
T5,2010-08-25,17875.0
T5,2010-08-26,17597.0
T5,2010-08-27,20643.0
T5,2010-08-28,29400.0
T5,2010-08-29,23877.0
T5,2010-08-30,19024.0
T5,2010-08-31,16057.0
T5,2010-09-01,18963.0
T5,2010-09-02,18682.0
T5,2010-09-03,22967.0
T5,2010-09-04,16364.0
T5,2010-09-05,13556.0
T5,2010-09-06,16117.0
T5,2010-09-07,17191.0
T5,2010-09-08,19493.0
T5,2010-09-09,18075.0
T5,2010-09-10,21000.0
T5,2010-09-11,20932.0
T5,2010-09-12,16516.0
T5,2010-09-13,17125.0
T5,2010-09-14,18499.0
T5,2010-09-15,19256.0
T5,2010-09-16,18718.0
T5,2010-09-17,22213.0
T5,2010-09-18,19922.0
T5,2010-09-19,18651.0
T5,2010-09-20,17501.0
T5,2010-09-21,18348.0
T5,2010-09-22,21709.0
T5,2010-09-23,21130.0
T5,2010-09-24,34377.0
T5,2010-09-25,22106.0
T5,2010-09-26,20969.0
T5,2010-09-27,17338.0
T5,2010-09-28,18094.0
T5,2010-09-29,22562.0
T5,2010-09-30,21662.0
T5,2010-10-01,28191.0
T5,2010-10-02,30291.0
T5,2010-10-03,26789.0
T5,2010-10-04,17853.0
T5,2010-10-05,17774.0
T5,2010-10-06,17271.0
T5,2010-10-07,19800.0
T5,2010-10-08,24658.0
T5,2010-10-09,23098.0
T5,2010-10-10,24440.0
T5,2010-10-11,18167.0
T5,2010-10-12,15561.0
T5,2010-10-13,17843.0
T5,2010-10-14,18296.0
T5,2010-10-15,15417.0
T5,2010-10-16,16982.0
T5,2010-10-17,15960.0
T5,2010-10-18,15548.0
T5,2010-10-19,17568.0
T5,2010-10-20,20775.0
T5,2010-10-21,21893.0
T5,2010-10-22,23948.0
T5,2010-10-23,18693.0
T5,2010-10-24,17188.0
T5,2010-10-25,18117.0
T5,2010-10-26,18030.0
T5,2010-10-27,18093.0
T5,2010-10-28,23087.0
T5,2010-10-29,25298.0
T5,2010-10-30,13878.0
T5,2010-10-31,12596.0
T5,2010-11-01,25669.0
T5,2010-11-02,14506.0
T5,2010-11-03,17804.0
T5,2010-11-04,20078.0
T5,2010-11-05,22124.0
T5,2010-11-06,19246.0
T5,2010-11-07,14219.0
T5,2010-11-08,17888.0
T5,2010-11-09,18740.0
T5,2010-11-10,17661.0
T5,2010-11-11,19239.0
T5,2010-11-12,21184.0
T5,2010-11-13,14675.0
T5,2010-11-14,15863.0
T5,2010-11-15,16849.0
T5,2010-11-16,19428.0
T5,2010-11-17,21355.0
T5,2010-11-18,18376.0
T5,2010-11-19,25629.0
T5,2010-11-20,21654.0
T5,2010-11-21,20751.0
T5,2010-11-22,20441.0
T5,2010-11-23,19031.0
T5,2010-11-24,17407.0
T5,2010-11-25,18218.0
T5,2010-11-26,19493.0
T5,2010-11-27,16240.0
T5,2010-11-28,14635.0
T5,2010-11-29,16847.0
T5,2010-11-30,18444.0
T5,2010-12-01,19199.0
T5,2010-12-02,19224.0
T5,2010-12-03,24692.0
T5,2010-12-04,21917.0
T5,2010-12-05,20090.0
T5,2010-12-06,17207.0
T5,2010-12-07,17173.0
T5,2010-12-08,19648.0
T5,2010-12-09,20263.0
T5,2010-12-10,25779.0
T5,2010-12-11,21414.0
T5,2010-12-12,16420.0
T5,2010-12-13,19915.0
T5,2010-12-14,20995.0
T5,2010-12-15,19398.0
T5,2010-12-16,21296.0
T5,2010-12-17,22890.0
T5,2010-12-18,20034.0
T5,2010-12-19,13472.0
T5,2010-12-20,16468.0
T5,2010-12-21,20849.0
T5,2010-12-22,21781.0
T5,2010-12-23,20331.0
T5,2010-12-24,19595.0
T5,2010-12-25,12750.0
T5,2010-12-26,14778.0
T5,2010-12-27,16734.0
T5,2010-12-28,20251.0
T5,2010-12-29,20402.0
T5,2010-12-30,19059.0
T5,2010-12-31,36975.0
T5,2011-01-01,31210.0
T5,2011-01-02,18109.0
T5,2011-01-03,14201.0
T5,2011-01-04,16908.0
T5,2011-01-05,18813.0
T5,2011-01-06,20309.0
T5,2011-01-07,19035.0
T5,2011-01-08,16827.0
T5,2011-01-09,17111.0
T5,2011-01-10,16783.0
T5,2011-01-11,15644.0
T5,2011-01-12,20761.0
T5,2011-01-13,17316.0
T5,2011-01-14,20731.0
T5,2011-01-15,22565.0
T5,2011-01-16,23790.0
T5,2011-01-17,20369.0
T5,2011-01-18,19747.0
T5,2011-01-19,22780.0
T5,2011-01-20,22713.0
T5,2011-01-21,24958.0
T5,2011-01-22,21693.0
T5,2011-01-23,19680.0
T5,2011-01-24,19790.0
T5,2011-01-25,20879.0
T5,2011-01-26,32170.0
T5,2011-01-27,19460.0
T5,2011-01-28,25253.0
T5,2011-01-29,20965.0
T5,2011-01-30,14513.0
T5,2011-01-31,17703.0
T5,2011-02-01,14751.0
T5,2011-02-02,21726.0
T5,2011-02-03,18715.0
T5,2011-02-04,19386.0
T5,2011-02-05,15919.0
T5,2011-02-06,21795.0
T5,2011-02-07,17265.0
T5,2011-02-08,16724.0
T5,2011-02-09,22156.0
T5,2011-02-10,18432.0
T5,2011-02-11,19105.0
T5,2011-02-12,21677.0
T5,2011-02-13,19604.0
T5,2011-02-14,20044.0
T5,2011-02-15,18135.0
T5,2011-02-16,19209.0
T5,2011-02-17,20509.0
T5,2011-02-18,21973.0
T5,2011-02-19,22388.0
T5,2011-02-20,16642.0
T5,2011-02-21,16559.0
T5,2011-02-22,17665.0
T5,2011-02-23,20180.0
T5,2011-02-24,19773.0
T5,2011-02-25,25259.0
T5,2011-02-26,21603.0
T5,2011-02-27,16650.0
T5,2011-02-28,17276.0
T5,2011-03-01,18226.0
T5,2011-03-02,20314.0
T5,2011-03-03,20658.0
T5,2011-03-04,22874.0
T5,2011-03-05,29936.0
T5,2011-03-06,19815.0
T5,2011-03-07,20409.0
T5,2011-03-08,19716.0
T5,2011-03-09,19968.0
T5,2011-03-10,19044.0
T5,2011-03-11,27606.0
T5,2011-03-12,29323.0
T5,2011-03-13,25267.0
T5,2011-03-14,36614.0
T5,2011-03-15,17860.0
T5,2011-03-16,20876.0
T5,2011-03-17,20288.0
T5,2011-03-18,22212.0
T5,2011-03-19,21623.0
T5,2011-03-20,20186.0
T5,2011-03-21,17747.0
T5,2011-03-22,18098.0
T5,2011-03-23,20956.0
T5,2011-03-24,19449.0
T5,2011-03-25,24541.0
T5,2011-03-26,25816.0
T5,2011-03-27,24845.0
T5,2011-03-28,20001.0
T5,2011-03-29,22846.0
T5,2011-03-30,20836.0
T5,2011-03-31,19719.0
T5,2011-04-01,27128.0
T5,2011-04-02,21533.0
T5,2011-04-03,17236.0
T5,2011-04-04,17671.0
T5,2011-04-05,20385.0
T5,2011-04-06,21527.0
T5,2011-04-07,21860.0
T5,2011-04-08,26701.0
T5,2011-04-09,19712.0
T5,2011-04-10,18369.0
T5,2011-04-11,19398.0
T5,2011-04-12,19133.0
T5,2011-04-13,20459.0
T5,2011-04-14,22823.0
T5,2011-04-15,27629.0
T5,2011-04-16,25604.0
T5,2011-04-17,36277.0
T5,2011-04-18,19863.0
T5,2011-04-19,21677.0
T5,2011-04-20,19717.0
T5,2011-04-21,23440.0
T5,2011-04-22,18378.0
T5,2011-04-23,21947.0
T5,2011-04-24,23276.0
T5,2011-04-25,35963.0
T5,2011-04-26,16178.0
T5,2011-04-27,19729.0
T5,2011-04-28,19446.0
T5,2011-04-29,20499.0
T5,2011-04-30,20789.0
T5,2011-05-01,14498.0
T5,2011-05-02,18651.0
T5,2011-05-03,18431.0
T5,2011-05-04,18079.0
T5,2011-05-05,18670.0
T5,2011-05-06,20750.0
T5,2011-05-07,18988.0
T5,2011-05-08,17884.0
T5,2011-05-09,16860.0
T5,2011-05-10,16847.0
T5,2011-05-11,16251.0
T5,2011-05-12,15674.0
T5,2011-05-13,22357.0
T5,2011-05-14,15454.0
T5,2011-05-15,15214.0
T5,2011-05-16,16704.0
T5,2011-05-17,18313.0
T5,2011-05-18,17267.0
T5,2011-05-19,18288.0
T5,2011-05-20,21452.0
T5,2011-05-21,31914.0
T5,2011-05-22,22078.0
T5,2011-05-23,15244.0
T5,2011-05-24,15486.0
T5,2011-05-25,17329.0
T5,2011-05-26,17642.0
T5,2011-05-27,22011.0
T5,2011-05-28,22899.0
T5,2011-05-29,18792.0
T5,2011-05-30,15212.0
T5,2011-05-31,18184.0
T5,2011-06-01,16816.0
T5,2011-06-02,18032.0
T5,2011-06-03,21193.0
T5,2011-06-04,21204.0
T5,2011-06-05,16072.0
T5,2011-06-06,16086.0
T5,2011-06-07,13447.0
T5,2011-06-08,15155.0
T5,2011-06-09,16376.0
T5,2011-06-10,21125.0
T5,2011-06-11,22844.0
T5,2011-06-12,26760.0
T5,2011-06-13,15109.0
T5,2011-06-14,16432.0
T5,2011-06-15,18208.0
T5,2011-06-16,18642.0
T5,2011-06-17,20776.0
T5,2011-06-18,20333.0
T5,2011-06-19,15956.0
T5,2011-06-20,15778.0
T5,2011-06-21,14862.0
T5,2011-06-22,18596.0
T5,2011-06-23,18439.0
T5,2011-06-24,24223.0
T5,2011-06-25,23251.0
T5,2011-06-26,18006.0
T5,2011-06-27,18420.0
T5,2011-06-28,18128.0
T5,2011-06-29,21474.0
T5,2011-06-30,21755.0
T5,2011-07-01,23480.0
T5,2011-07-02,22789.0
T5,2011-07-03,16431.0
T5,2011-07-04,19456.0
T5,2011-07-05,16957.0
T5,2011-07-06,20598.0
T5,2011-07-07,20222.0
T5,2011-07-08,22559.0
T5,2011-07-09,22178.0
T5,2011-07-10,14630.0
T5,2011-07-11,17915.0
T5,2011-07-12,17453.0
T5,2011-07-13,20612.0
T5,2011-07-14,20987.0
T5,2011-07-15,24061.0
T5,2011-07-16,21590.0
T5,2011-07-17,22634.0
T5,2011-07-18,15151.0
T5,2011-07-19,15870.0
T5,2011-07-20,18406.0
T5,2011-07-21,16765.0
T5,2011-07-22,24587.0
T5,2011-07-23,20666.0
T5,2011-07-24,15630.0
T5,2011-07-25,15846.0
T5,2011-07-26,16606.0
T5,2011-07-27,20535.0
T5,2011-07-28,19016.0
T5,2011-07-29,22894.0
T5,2011-07-30,19244.0
T5,2011-07-31,21818.0
T5,2011-08-01,16300.0
T5,2011-08-02,18344.0
T5,2011-08-03,21239.0
T5,2011-08-04,19471.0
T5,2011-08-05,22439.0
T5,2011-08-06,19041.0
T5,2011-08-07,16124.0
T5,2011-08-08,19878.0
T5,2011-08-09,16386.0
T5,2011-08-10,18158.0
T5,2011-08-11,19200.0
T5,2011-08-12,28208.0
T5,2011-08-13,18256.0
T5,2011-08-14,17945.0
T5,2011-08-15,16692.0
T5,2011-08-16,17446.0
T5,2011-08-17,18632.0
T5,2011-08-18,18784.0
T5,2011-08-19,25619.0
T5,2011-08-20,23030.0
T5,2011-08-21,21459.0
T5,2011-08-22,17243.0
T5,2011-08-23,18168.0
T5,2011-08-24,21748.0
T5,2011-08-25,19263.0
T5,2011-08-26,22810.0
T5,2011-08-27,20444.0
T5,2011-08-28,18993.0
T5,2011-08-29,17055.0
T5,2011-08-30,17340.0
T5,2011-08-31,20209.0
T5,2011-09-01,19612.0
T5,2011-09-02,25792.0
T5,2011-09-03,21511.0
T5,2011-09-04,14077.0
T5,2011-09-05,17150.0
T5,2011-09-06,15345.0
T5,2011-09-07,19078.0
T5,2011-09-08,18241.0
T5,2011-09-09,19971.0
T5,2011-09-10,18167.0
T5,2011-09-11,15778.0
T5,2011-09-12,16749.0
T5,2011-09-13,17893.0
T5,2011-09-14,18629.0
T5,2011-09-15,19538.0
T5,2011-09-16,25953.0
T5,2011-09-17,21213.0
T5,2011-09-18,17429.0
T5,2011-09-19,18146.0
T5,2011-09-20,17245.0
T5,2011-09-21,22357.0
T5,2011-09-22,22861.0
T5,2011-09-23,23222.0
T5,2011-09-24,24919.0
T5,2011-09-25,19440.0
T5,2011-09-26,19208.0
T5,2011-09-27,20130.0
T5,2011-09-28,17765.0
T5,2011-09-29,17854.0
T5,2011-09-30,28948.0
T5,2011-10-01,15995.0
T5,2011-10-02,17493.0
T5,2011-10-03,19692.0
T5,2011-10-04,20801.0
T5,2011-10-05,22725.0
T5,2011-10-06,23770.0
T5,2011-10-07,25261.0
T5,2011-10-08,21438.0
T5,2011-10-09,20331.0
T5,2011-10-10,15194.0
T5,2011-10-11,16283.0
T5,2011-10-12,20071.0
T5,2011-10-13,20126.0
T5,2011-10-14,24704.0
T5,2011-10-15,19786.0
T5,2011-10-16,15759.0
T5,2011-10-17,18004.0
T5,2011-10-18,18909.0
T5,2011-10-19,20939.0
T5,2011-10-20,19373.0
T5,2011-10-21,24708.0
T5,2011-10-22,18081.0
T5,2011-10-23,18608.0
T5,2011-10-24,18876.0
T5,2011-10-25,17408.0
T5,2011-10-26,27323.0
T5,2011-10-27,20284.0
T5,2011-10-28,20650.0
T5,2011-10-29,17646.0
T5,2011-10-30,13419.0
T5,2011-10-31,24138.0
T5,2011-11-01,14897.0
T5,2011-11-02,16514.0
T5,2011-11-03,19026.0
T5,2011-11-04,22231.0
T5,2011-11-05,19988.0
T5,2011-11-06,15239.0
T5,2011-11-07,20085.0
T5,2011-11-08,17457.0
T5,2011-11-09,17406.0
T5,2011-11-10,19461.0
T5,2011-11-11,25138.0
T5,2011-11-12,21373.0
T5,2011-11-13,20827.0
T5,2011-11-14,19407.0
T5,2011-11-15,19280.0
T5,2011-11-16,20238.0
T5,2011-11-17,21799.0
T5,2011-11-18,23333.0
T5,2011-11-19,17688.0
T5,2011-11-20,20464.0
T5,2011-11-21,20805.0
T5,2011-11-22,19273.0
T5,2011-11-23,20915.0
T5,2011-11-24,22391.0
T5,2011-11-25,27594.0
T5,2011-11-26,15877.0
T5,2011-11-27,19412.0
T5,2011-11-28,18974.0
T5,2011-11-29,19474.0
T5,2011-11-30,20037.0
T5,2011-12-01,22192.0
T5,2011-12-02,26683.0
T5,2011-12-03,23302.0
T5,2011-12-04,17268.0
T5,2011-12-05,20633.0
T5,2011-12-06,20489.0
T5,2011-12-07,22913.0
T5,2011-12-08,22544.0
T5,2011-12-09,25004.0
T5,2011-12-10,20860.0
T5,2011-12-11,16459.0
T5,2011-12-12,18796.0
T5,2011-12-13,19077.0
T5,2011-12-14,21715.0
T5,2011-12-15,22041.0
T5,2011-12-16,24971.0
T5,2011-12-17,22121.0
T5,2011-12-18,17071.0
T5,2011-12-19,21419.0
T5,2011-12-20,19955.0
T5,2011-12-21,21157.0
T5,2011-12-22,25806.0
T5,2011-12-23,23710.0
T5,2011-12-24,17394.0
T5,2011-12-25,8535.0
T5,2011-12-26,14947.0
T5,2011-12-27,18472.0
T5,2011-12-28,22242.0
T5,2011-12-29,20179.0
T5,2011-12-30,20639.0
T5,2011-12-31,30712.0
T5,2012-01-01,29987.0
T5,2012-01-02,10743.0
T5,2012-01-03,14824.0
T5,2012-01-04,18658.0
T5,2012-01-05,18798.0
T5,2012-01-06,20311.0
T5,2012-01-07,16964.0
T5,2012-01-08,14585.0
T5,2012-01-09,18115.0
T5,2012-01-10,17078.0
T5,2012-01-11,15782.0
T5,2012-01-12,18769.0
T5,2012-01-13,20444.0
T5,2012-01-14,16719.0
T5,2012-01-15,19228.0
T5,2012-01-16,20449.0
T5,2012-01-17,18366.0
T5,2012-01-18,22879.0
T5,2012-01-19,24913.0
T5,2012-01-20,24541.0
T5,2012-01-21,23085.0
T5,2012-01-22,22236.0
T5,2012-01-23,20844.0
T5,2012-01-24,21344.0
T5,2012-01-25,24140.0
T5,2012-01-26,35771.0
T5,2012-01-27,23822.0
T5,2012-01-28,21823.0
T5,2012-01-29,17605.0
T5,2012-01-30,20341.0
T5,2012-01-31,18605.0
T5,2012-02-01,20944.0
T5,2012-02-02,20225.0
T5,2012-02-03,22922.0
T5,2012-02-04,32967.0
T5,2012-02-05,26214.0
T5,2012-02-06,18927.0
T5,2012-02-07,18472.0
T5,2012-02-08,21042.0
T5,2012-02-09,20424.0
T5,2012-02-10,23353.0
T5,2012-02-11,19420.0
T5,2012-02-12,16332.0
T5,2012-02-13,19859.0
T5,2012-02-14,22351.0
T5,2012-02-15,22546.0
T5,2012-02-16,18668.0
T5,2012-02-17,24559.0
T5,2012-02-18,26219.0
T5,2012-02-19,20964.0
T5,2012-02-20,19340.0
T5,2012-02-21,20553.0
T5,2012-02-22,24837.0
T5,2012-02-23,22654.0
T5,2012-02-24,25119.0
T5,2012-02-25,22467.0
T5,2012-02-26,16817.0
T5,2012-02-27,18493.0
T5,2012-02-28,19362.0
T5,2012-02-29,23051.0
T5,2012-03-01,20869.0
T5,2012-03-02,26708.0
T5,2012-03-03,22397.0
T5,2012-03-04,22364.0
T5,2012-03-05,21649.0
T5,2012-03-06,21407.0
T5,2012-03-07,21016.0
T5,2012-03-08,24283.0
T5,2012-03-09,26066.0
T5,2012-03-10,28575.0
T5,2012-03-11,38644.0
T5,2012-03-12,43873.0
T5,2012-03-13,21085.0
T5,2012-03-14,22001.0
T5,2012-03-15,21149.0
T5,2012-03-16,25094.0
T5,2012-03-17,33295.0
T5,2012-03-18,30121.0
T5,2012-03-19,22435.0
T5,2012-03-20,20849.0
T5,2012-03-21,19265.0
T5,2012-03-22,22001.0
T5,2012-03-23,22741.0
T5,2012-03-24,18201.0
T5,2012-03-25,18112.0
T5,2012-03-26,19383.0
T5,2012-03-27,25601.0
T5,2012-03-28,25209.0
T5,2012-03-29,23017.0
T5,2012-03-30,26552.0
T5,2012-03-31,20956.0
T5,2012-04-01,34533.0
T5,2012-04-02,20983.0
T5,2012-04-03,22407.0
T5,2012-04-04,23011.0
T5,2012-04-05,23736.0
T5,2012-04-06,20902.0
T5,2012-04-07,25427.0
T5,2012-04-08,24793.0
T5,2012-04-09,15187.0
T5,2012-04-10,23736.0
T5,2012-04-11,27598.0
T5,2012-04-12,23778.0
T5,2012-04-13,28922.0
T5,2012-04-14,23542.0
T5,2012-04-15,20413.0
T5,2012-04-16,19992.0
T5,2012-04-17,21371.0
T5,2012-04-18,22424.0
T5,2012-04-19,22463.0
T5,2012-04-20,26146.0
T5,2012-04-21,24621.0
T5,2012-04-22,17453.0
T5,2012-04-23,17302.0
T5,2012-04-24,19142.0
T5,2012-04-25,32130.0
T5,2012-04-26,21424.0
T5,2012-04-27,23919.0
T5,2012-04-28,20208.0
T5,2012-04-29,16056.0
T5,2012-04-30,18049.0
T5,2012-05-01,21076.0
T5,2012-05-02,19195.0
T5,2012-05-03,17921.0
T5,2012-05-04,21800.0
T5,2012-05-05,18413.0
T5,2012-05-06,15039.0
T5,2012-05-07,17992.0
T5,2012-05-08,20034.0
T5,2012-05-09,19744.0
T5,2012-05-10,21651.0
T5,2012-05-11,23986.0
T5,2012-05-12,19801.0
T5,2012-05-13,15029.0
T5,2012-05-14,15857.0
T5,2012-05-15,18404.0
T5,2012-05-16,19064.0
T5,2012-05-17,19504.0
T5,2012-05-18,23361.0
T5,2012-05-19,20311.0
T5,2012-05-20,17154.0
T5,2012-05-21,17188.0
T5,2012-05-22,17059.0
T5,2012-05-23,21059.0
T5,2012-05-24,19378.0
T5,2012-05-25,18549.0
T5,2012-05-26,17777.0
T5,2012-05-27,15041.0
T5,2012-05-28,15449.0
T5,2012-05-29,19692.0
T5,2012-05-30,18847.0
T5,2012-05-31,19197.0
T5,2012-06-01,24126.0
T5,2012-06-02,18764.0
T5,2012-06-03,15103.0
T5,2012-06-04,15024.0
T5,2012-06-05,15457.0
T5,2012-06-06,17399.0
T5,2012-06-07,18297.0
T5,2012-06-08,19262.0
T5,2012-06-09,18039.0
T5,2012-06-10,18289.0
T5,2012-06-11,14582.0
T5,2012-06-12,16655.0
T5,2012-06-13,19052.0
T5,2012-06-14,17807.0
T5,2012-06-15,22306.0
T5,2012-06-16,18302.0
T5,2012-06-17,13624.0
T5,2012-06-18,16247.0
T5,2012-06-19,17136.0
T5,2012-06-20,17274.0
T5,2012-06-21,16806.0
T5,2012-06-22,20020.0
T5,2012-06-23,19885.0
T5,2012-06-24,16139.0
T5,2012-06-25,16812.0
T5,2012-06-26,17491.0
T5,2012-06-27,22777.0
T5,2012-06-28,19695.0
T5,2012-06-29,21581.0
T5,2012-06-30,21091.0
T5,2012-07-01,13393.0
T5,2012-07-02,18161.0
T5,2012-07-03,19303.0
T5,2012-07-04,21619.0
T5,2012-07-05,20888.0
T5,2012-07-06,23881.0
T5,2012-07-07,21510.0
T5,2012-07-08,18849.0
T5,2012-07-09,18997.0
T5,2012-07-10,17516.0
T5,2012-07-11,21786.0
T5,2012-07-12,18582.0
T5,2012-07-13,25481.0
T5,2012-07-14,22435.0
T5,2012-07-15,23919.0
T5,2012-07-16,17172.0
T5,2012-07-17,18927.0
T5,2012-07-18,19165.0
T5,2012-07-19,18561.0
T5,2012-07-20,22536.0
T5,2012-07-21,22854.0
T5,2012-07-22,18043.0
T5,2012-07-23,17705.0
T5,2012-07-24,18257.0
T5,2012-07-25,20632.0
T5,2012-07-26,22306.0
T5,2012-07-27,24411.0
T5,2012-07-28,29731.0
T5,2012-07-29,27607.0
T5,2012-07-30,17864.0
T5,2012-07-31,19906.0
T5,2012-08-01,21276.0
T5,2012-08-02,20932.0
T5,2012-08-03,24768.0
T5,2012-08-04,22309.0
T5,2012-08-05,18451.0
T5,2012-08-06,22198.0
T5,2012-08-07,19035.0
T5,2012-08-08,17346.0
T5,2012-08-09,18484.0
T5,2012-08-10,21780.0
T5,2012-08-11,20031.0
T5,2012-08-12,20185.0
T5,2012-08-13,19952.0
T5,2012-08-14,17526.0
T5,2012-08-15,20527.0
T5,2012-08-16,21858.0
T5,2012-08-17,21913.0
T5,2012-08-18,21036.0
T5,2012-08-19,20649.0
T5,2012-08-20,18089.0
T5,2012-08-21,20085.0
T5,2012-08-22,21945.0
T5,2012-08-23,20180.0
T5,2012-08-24,24495.0
T5,2012-08-25,22169.0
T5,2012-08-26,19900.0
T5,2012-08-27,20031.0
T5,2012-08-28,18659.0
T5,2012-08-29,20374.0
T5,2012-08-30,19284.0
T5,2012-08-31,24969.0
T5,2012-09-01,24038.0
T5,2012-09-02,20301.0
T5,2012-09-03,20125.0
T5,2012-09-04,20087.0
T5,2012-09-05,20330.0
T5,2012-09-06,19594.0
T5,2012-09-07,22634.0
T5,2012-09-08,20489.0
T5,2012-09-09,18176.0
T5,2012-09-10,23522.0
T5,2012-09-11,22454.0
T5,2012-09-12,21507.0
T5,2012-09-13,20553.0
T5,2012-09-14,23023.0
T5,2012-09-15,22787.0
T5,2012-09-16,19924.0
T5,2012-09-17,18448.0
T5,2012-09-18,17825.0
T5,2012-09-19,21042.0
T5,2012-09-20,21869.0
T5,2012-09-21,24579.0
T5,2012-09-22,28454.0
T5,2012-09-23,20222.0
T5,2012-09-24,21368.0
T5,2012-09-25,22914.0
T5,2012-09-26,27881.0
T5,2012-09-27,26523.0
T5,2012-09-28,32563.0
T5,2012-09-29,20873.0
T5,2012-09-30,19859.0
T5,2012-10-01,21513.0
T5,2012-10-02,21855.0
T5,2012-10-03,27019.0
T5,2012-10-04,25743.0
T5,2012-10-05,28024.0
T5,2012-10-06,22362.0
T5,2012-10-07,17960.0
T5,2012-10-08,20418.0
T5,2012-10-09,19313.0
T5,2012-10-10,19228.0
T5,2012-10-11,17612.0
T5,2012-10-12,22140.0
T5,2012-10-13,20253.0
T5,2012-10-14,23481.0
T5,2012-10-15,17706.0
T5,2012-10-16,17223.0
T5,2012-10-17,19599.0
T5,2012-10-18,20505.0
T5,2012-10-19,27128.0
T5,2012-10-20,23691.0
T5,2012-10-21,20075.0
T5,2012-10-22,19403.0
T5,2012-10-23,21278.0
T5,2012-10-24,20449.0
T5,2012-10-25,21884.0
T5,2012-10-26,22287.0
T5,2012-10-27,19240.0
T5,2012-10-28,21679.0
T5,2012-10-29,20002.0
T5,2012-10-30,20833.0
T5,2012-10-31,22282.0
T5,2012-11-01,21548.0
T5,2012-11-02,22584.0
T5,2012-11-03,23552.0
T5,2012-11-04,20390.0
T5,2012-11-05,27244.0
T5,2012-11-06,15504.0
T5,2012-11-07,22895.0
T5,2012-11-08,23753.0
T5,2012-11-09,21521.0
T5,2012-11-10,27266.0
T5,2012-11-11,27046.0
T5,2012-11-12,24205.0
T5,2012-11-13,20431.0
T5,2012-11-14,22689.0
T5,2012-11-15,23650.0
T5,2012-11-16,27466.0
T5,2012-11-17,24779.0
T5,2012-11-18,21900.0
T5,2012-11-19,24344.0
T5,2012-11-20,21531.0
T5,2012-11-21,20975.0
T5,2012-11-22,22982.0
T5,2012-11-23,27146.0
T5,2012-11-24,24495.0
T5,2012-11-25,22688.0
T5,2012-11-26,21677.0
T5,2012-11-27,19965.0
T5,2012-11-28,25283.0
T5,2012-11-29,20946.0
T5,2012-11-30,25123.0
T5,2012-12-01,24541.0
T5,2012-12-02,21352.0
T5,2012-12-03,22435.0
T5,2012-12-04,19303.0
T5,2012-12-05,20863.0
T5,2012-12-06,23162.0
T5,2012-12-07,27929.0
T5,2012-12-08,24166.0
T5,2012-12-09,21084.0
T5,2012-12-10,21504.0
T5,2012-12-11,23205.0
T5,2012-12-12,25247.0
T5,2012-12-13,19862.0
T5,2012-12-14,24714.0
T5,2012-12-15,25375.0
T5,2012-12-16,21447.0
T5,2012-12-17,24640.0
T5,2012-12-18,22936.0
T5,2012-12-19,20649.0
T5,2012-12-20,22805.0
T5,2012-12-21,26949.0
T5,2012-12-22,25535.0
T5,2012-12-23,20160.0
T5,2012-12-24,20906.0
T5,2012-12-25,14826.0
T5,2012-12-26,20931.0
T5,2012-12-27,20600.0
T5,2012-12-28,23854.0
T5,2012-12-29,23337.0
T5,2012-12-30,23458.0
T5,2012-12-31,33531.0
T5,2013-01-01,30879.0
T5,2013-01-02,22696.0
T5,2013-01-03,20437.0
T5,2013-01-04,16448.0
T5,2013-01-05,22503.0
T5,2013-01-06,20730.0
T5,2013-01-07,20337.0
T5,2013-01-08,20163.0
T5,2013-01-09,23775.0
T5,2013-01-10,22602.0
T5,2013-01-11,21818.0
T5,2013-01-12,22281.0
T5,2013-01-13,20643.0
T5,2013-01-14,23419.0
T5,2013-01-15,25753.0
T5,2013-01-16,28991.0
T5,2013-01-17,22777.0
T5,2013-01-18,27404.0
T5,2013-01-19,27856.0
T5,2013-01-20,24032.0
T5,2013-01-21,21594.0
T5,2013-01-22,23524.0
T5,2013-01-23,27619.0
T5,2013-01-24,23256.0
T5,2013-01-25,25875.0
T5,2013-01-26,39726.0
T5,2013-01-27,25248.0
T5,2013-01-28,19190.0
T5,2013-01-29,19978.0
T5,2013-01-30,26619.0
T5,2013-01-31,20509.0
T5,2013-02-01,23362.0
T5,2013-02-02,22741.0
T5,2013-02-03,19886.0
T5,2013-02-04,23155.0
T5,2013-02-05,21447.0
T5,2013-02-06,21624.0
T5,2013-02-07,22020.0
T5,2013-02-08,25830.0
T5,2013-02-09,31039.0
T5,2013-02-10,31529.0
T5,2013-02-11,20496.0
T5,2013-02-12,23220.0
T5,2013-02-13,27663.0
T5,2013-02-14,27092.0
T5,2013-02-15,28353.0
T5,2013-02-16,28528.0
T5,2013-02-17,21584.0
T5,2013-02-18,22387.0
T5,2013-02-19,20177.0
T5,2013-02-20,28402.0
T5,2013-02-21,21712.0
T5,2013-02-22,26054.0
T5,2013-02-23,37941.0
T5,2013-02-24,30560.0
T5,2013-02-25,20922.0
T5,2013-02-26,25704.0
T5,2013-02-27,26768.0
T5,2013-02-28,22420.0
T5,2013-03-01,28253.0
T5,2013-03-02,33032.0
T5,2013-03-03,25084.0
T5,2013-03-04,22553.0
T5,2013-03-05,23610.0
T5,2013-03-06,26854.0
T5,2013-03-07,25851.0
T5,2013-03-08,31252.0
T5,2013-03-09,34702.0
T5,2013-03-10,35392.0
T5,2013-03-11,34950.0
T5,2013-03-12,19926.0
T5,2013-03-13,24603.0
T5,2013-03-14,27558.0
T5,2013-03-15,31892.0
T5,2013-03-16,26177.0
T5,2013-03-17,27697.0
T5,2013-03-18,24891.0
T5,2013-03-19,26418.0
T5,2013-03-20,26520.0
T5,2013-03-21,23983.0
T5,2013-03-22,27766.0
T5,2013-03-23,27469.0
T5,2013-03-24,34868.0
T5,2013-03-25,25410.0
T5,2013-03-26,25644.0
T5,2013-03-27,25172.0
T5,2013-03-28,25017.0
T5,2013-03-29,22473.0
T5,2013-03-30,24015.0
T5,2013-03-31,20507.0
T5,2013-04-01,17005.0
T5,2013-04-02,18738.0
T5,2013-04-03,22539.0
T5,2013-04-04,24371.0
T5,2013-04-05,27713.0
T5,2013-04-06,26633.0
T5,2013-04-07,23122.0
T5,2013-04-08,21431.0
T5,2013-04-09,23838.0
T5,2013-04-10,26008.0
T5,2013-04-11,23047.0
T5,2013-04-12,29147.0
T5,2013-04-13,24958.0
T5,2013-04-14,20059.0
T5,2013-04-15,17939.0
T5,2013-04-16,21879.0
T5,2013-04-17,23861.0
T5,2013-04-18,24443.0
T5,2013-04-19,29012.0
T5,2013-04-20,27069.0
T5,2013-04-21,21009.0
T5,2013-04-22,22245.0
T5,2013-04-23,20394.0
T5,2013-04-24,22821.0
T5,2013-04-25,49560.0
T5,2013-04-26,26082.0
T5,2013-04-27,25520.0
T5,2013-04-28,19263.0
T5,2013-04-29,20399.0
T5,2013-04-30,21328.0
T5,2013-05-01,20840.0
T5,2013-05-02,22053.0
T5,2013-05-03,24478.0
T5,2013-05-04,24188.0
T5,2013-05-05,17162.0
T5,2013-05-06,20599.0
T5,2013-05-07,19913.0
T5,2013-05-08,23170.0
T5,2013-05-09,24572.0
T5,2013-05-10,26274.0
T5,2013-05-11,25588.0
T5,2013-05-12,23532.0
T5,2013-05-13,17684.0
T5,2013-05-14,19311.0
T5,2013-05-15,17962.0
T5,2013-05-16,17931.0
T5,2013-05-17,23540.0
T5,2013-05-18,22719.0
T5,2013-05-19,21660.0
T5,2013-05-20,17226.0
T5,2013-05-21,21097.0
T5,2013-05-22,21061.0
T5,2013-05-23,21273.0
T5,2013-05-24,26110.0
T5,2013-05-25,25321.0
T5,2013-05-26,20026.0
T5,2013-05-27,18712.0
T5,2013-05-28,19944.0
T5,2013-05-29,25190.0
T5,2013-05-30,20305.0
T5,2013-05-31,23746.0
T5,2013-06-01,19668.0
T5,2013-06-02,18130.0
T5,2013-06-03,18744.0
T5,2013-06-04,18904.0
T5,2013-06-05,20701.0
T5,2013-06-06,21387.0
T5,2013-06-07,26868.0
T5,2013-06-08,26544.0
T5,2013-06-09,25142.0
T5,2013-06-10,18143.0
T5,2013-06-11,17983.0
T5,2013-06-12,20709.0
T5,2013-06-13,19362.0
T5,2013-06-14,25149.0
T5,2013-06-15,25780.0
T5,2013-06-16,17730.0
T5,2013-06-17,19188.0
T5,2013-06-18,18806.0
T5,2013-06-19,21134.0
T5,2013-06-20,21466.0
T5,2013-06-21,25474.0
T5,2013-06-22,24036.0
T5,2013-06-23,19510.0
T5,2013-06-24,24089.0
T5,2013-06-25,22189.0
T5,2013-06-26,24771.0
T5,2013-06-27,24217.0
T5,2013-06-28,31008.0
T5,2013-06-29,28417.0
T5,2013-06-30,25301.0
T5,2013-07-01,22396.0
T5,2013-07-02,23678.0
T5,2013-07-03,24587.0
T5,2013-07-04,21050.0
T5,2013-07-05,28426.0
T5,2013-07-06,25390.0
T5,2013-07-07,21539.0
T5,2013-07-08,24437.0
T5,2013-07-09,23146.0
T5,2013-07-10,26362.0
T5,2013-07-11,25418.0
T5,2013-07-12,32677.0
T5,2013-07-13,23611.0
T5,2013-07-14,20873.0
T5,2013-07-15,19930.0
T5,2013-07-16,21190.0
T5,2013-07-17,23592.0
T5,2013-07-18,21846.0
T5,2013-07-19,25946.0
T5,2013-07-20,20399.0
T5,2013-07-21,30345.0
T5,2013-07-22,22633.0
T5,2013-07-23,20022.0
T5,2013-07-24,29411.0
T5,2013-07-25,23700.0
T5,2013-07-26,27477.0
T5,2013-07-27,28466.0
T5,2013-07-28,21171.0
T5,2013-07-29,21280.0
T5,2013-07-30,20087.0
T5,2013-07-31,22140.0
T5,2013-08-01,23211.0
T5,2013-08-02,25514.0
T5,2013-08-03,20609.0
T5,2013-08-04,20306.0
T5,2013-08-05,21145.0
T5,2013-08-06,19736.0
T5,2013-08-07,21204.0
T5,2013-08-08,24805.0
T5,2013-08-09,26174.0
T5,2013-08-10,29695.0
T5,2013-08-11,23579.0
T5,2013-08-12,19498.0
T5,2013-08-13,22739.0
T5,2013-08-14,21358.0
T5,2013-08-15,22592.0
T5,2013-08-16,29337.0
T5,2013-08-17,27640.0
T5,2013-08-18,21440.0
T5,2013-08-19,20577.0
T5,2013-08-20,19071.0
T5,2013-08-21,22734.0
T5,2013-08-22,21356.0
T5,2013-08-23,28475.0
T5,2013-08-24,28959.0
T5,2013-08-25,24150.0
T5,2013-08-26,22054.0
T5,2013-08-27,22540.0
T5,2013-08-28,24380.0
T5,2013-08-29,22360.0
T5,2013-08-30,27254.0
T5,2013-08-31,29402.0
T5,2013-09-01,24356.0
T5,2013-09-02,23858.0
T5,2013-09-03,23837.0
T5,2013-09-04,25909.0
T5,2013-09-05,23478.0
T5,2013-09-06,29439.0
T5,2013-09-07,27052.0
T5,2013-09-08,21459.0
T5,2013-09-09,18942.0
T5,2013-09-10,18650.0
T5,2013-09-11,22603.0
T5,2013-09-12,19528.0
T5,2013-09-13,23923.0
T5,2013-09-14,22008.0
T5,2013-09-15,21345.0
T5,2013-09-16,18523.0
T5,2013-09-17,20715.0
T5,2013-09-18,20601.0
T5,2013-09-19,20271.0
T5,2013-09-20,22965.0
T5,2013-09-21,24558.0
T5,2013-09-22,20943.0
T5,2013-09-23,26725.0
T5,2013-09-24,23232.0
T5,2013-09-25,27073.0
T5,2013-09-26,20719.0
T5,2013-09-27,40435.0
T5,2013-09-28,24215.0
T5,2013-09-29,22633.0
T5,2013-09-30,21654.0
T5,2013-10-01,20583.0
T5,2013-10-02,21191.0
T5,2013-10-03,22465.0
T5,2013-10-04,28821.0
T5,2013-10-05,25119.0
T5,2013-10-06,18450.0
T5,2013-10-07,18902.0
T5,2013-10-08,20005.0
T5,2013-10-09,21520.0
T5,2013-10-10,19040.0
T5,2013-10-11,26898.0
T5,2013-10-12,28819.0
T5,2013-10-13,17356.0
T5,2013-10-14,18115.0
T5,2013-10-15,20778.0
T5,2013-10-16,21168.0
T5,2013-10-17,19429.0
T5,2013-10-18,29409.0
T5,2013-10-19,26276.0
T5,2013-10-20,20571.0
T5,2013-10-21,17837.0
T5,2013-10-22,17536.0
T5,2013-10-23,18807.0
T5,2013-10-24,21553.0
T5,2013-10-25,24005.0
T5,2013-10-26,23106.0
T5,2013-10-27,18915.0
T5,2013-10-28,18795.0
T5,2013-10-29,21315.0
T5,2013-10-30,22330.0
T5,2013-10-31,22657.0
T5,2013-11-01,26190.0
T5,2013-11-02,26030.0
T5,2013-11-03,18036.0
T5,2013-11-04,27551.0
T5,2013-11-05,21081.0
T5,2013-11-06,24897.0
T5,2013-11-07,23311.0
T5,2013-11-08,22960.0
T5,2013-11-09,20172.0
T5,2013-11-10,16526.0
T5,2013-11-11,17998.0
T5,2013-11-12,16236.0
T5,2013-11-13,19741.0
T5,2013-11-14,22495.0
T5,2013-11-15,27793.0
T5,2013-11-16,26658.0
T5,2013-11-17,28919.0
T5,2013-11-18,31001.0
T5,2013-11-19,24346.0
T5,2013-11-20,24664.0
T5,2013-11-21,25927.0
T5,2013-11-22,33678.0
T5,2013-11-23,25978.0
T5,2013-11-24,22085.0
T5,2013-11-25,28665.0
T5,2013-11-26,27443.0
T5,2013-11-27,29779.0
T5,2013-11-28,23358.0
T5,2013-11-29,28280.0
T5,2013-11-30,31216.0
T5,2013-12-01,26630.0
T5,2013-12-02,23836.0
T5,2013-12-03,23196.0
T5,2013-12-04,23287.0
T5,2013-12-05,21912.0
T5,2013-12-06,31757.0
T5,2013-12-07,31464.0
T5,2013-12-08,23340.0
T5,2013-12-09,21854.0
T5,2013-12-10,23442.0
T5,2013-12-11,23756.0
T5,2013-12-12,26894.0
T5,2013-12-13,28682.0
T5,2013-12-14,31858.0
T5,2013-12-15,23812.0
T5,2013-12-16,21501.0
T5,2013-12-17,23818.0
T5,2013-12-18,27275.0
T5,2013-12-19,24527.0
T5,2013-12-20,26900.0
T5,2013-12-21,24314.0
T5,2013-12-22,20962.0
T5,2013-12-23,22312.0
T5,2013-12-24,25798.0
T5,2013-12-25,20076.0
T5,2013-12-26,19736.0
T5,2013-12-27,24559.0
T5,2013-12-28,19748.0
T5,2013-12-29,25411.0
T5,2013-12-30,24027.0
T5,2013-12-31,43765.0
T5,2014-01-01,21445.0
T5,2014-01-02,23207.0
T5,2014-01-03,24127.0
T5,2014-01-04,22823.0
T5,2014-01-05,20980.0
T5,2014-01-06,21702.0
T5,2014-01-07,22161.0
T5,2014-01-08,27154.0
T5,2014-01-09,27260.0
T5,2014-01-10,26903.0
T5,2014-01-11,25569.0
T5,2014-01-12,30277.0
T5,2014-01-13,22427.0
T5,2014-01-14,17628.0
T5,2014-01-15,21754.0
T5,2014-01-16,19435.0
T5,2014-01-17,23555.0
T5,2014-01-18,26833.0
T5,2014-01-19,27014.0
T5,2014-01-20,23545.0
T5,2014-01-21,25466.0
T5,2014-01-22,28239.0
T5,2014-01-23,24834.0
T5,2014-01-24,24370.0
T5,2014-01-25,24589.0
T5,2014-01-26,42175.0
T5,2014-01-27,16356.0
T5,2014-01-28,16144.0
T5,2014-01-29,20933.0
T5,2014-01-30,22011.0
T5,2014-01-31,27374.0
T5,2014-02-01,26508.0
T5,2014-02-02,17526.0
T5,2014-02-03,17606.0
T5,2014-02-04,20822.0
T5,2014-02-05,25445.0
T5,2014-02-06,22869.0
T5,2014-02-07,25356.0
T5,2014-02-08,21865.0
T5,2014-02-09,19247.0
T5,2014-02-10,21802.0
T5,2014-02-11,22217.0
T5,2014-02-12,23293.0
T5,2014-02-13,25109.0
T5,2014-02-14,30046.0
T5,2014-02-15,26271.0
T5,2014-02-16,20123.0
T5,2014-02-17,22777.0
T5,2014-02-18,23329.0
T5,2014-02-19,24184.0
T5,2014-02-20,24317.0
T5,2014-02-21,24204.0
T5,2014-02-22,49995.0
T5,2014-02-23,33038.0
T5,2014-02-24,29317.0
T5,2014-02-25,20934.0
T5,2014-02-26,22796.0
T5,2014-02-27,24649.0
T5,2014-02-28,31248.0
T5,2014-03-01,27837.0
T5,2014-03-02,22808.0
T5,2014-03-03,22206.0
T5,2014-03-04,24916.0
T5,2014-03-05,23093.0
T5,2014-03-06,23977.0
T5,2014-03-07,31519.0
T5,2014-03-08,36743.0
T5,2014-03-09,44700.0
T5,2014-03-10,40212.0
T5,2014-03-11,20050.0
T5,2014-03-12,28932.0
T5,2014-03-13,27248.0
T5,2014-03-14,33183.0
T5,2014-03-15,30586.0
T5,2014-03-16,29825.0
T5,2014-03-17,26590.0
T5,2014-03-18,23740.0
T5,2014-03-19,27070.0
T5,2014-03-20,25796.0
T5,2014-03-21,30457.0
T5,2014-03-22,26060.0
T5,2014-03-23,19429.0
T5,2014-03-24,23929.0
T5,2014-03-25,22580.0
T5,2014-03-26,23894.0
T5,2014-03-27,25065.0
T5,2014-03-28,31533.0
T5,2014-03-29,28321.0
T5,2014-03-30,20742.0
T5,2014-03-31,21187.0
T5,2014-04-01,21899.0
T5,2014-04-02,26991.0
T5,2014-04-03,26261.0
T5,2014-04-04,31431.0
T5,2014-04-05,29153.0
T5,2014-04-06,24922.0
T5,2014-04-07,23796.0
T5,2014-04-08,20473.0
T5,2014-04-09,25295.0
T5,2014-04-10,24723.0
T5,2014-04-11,28845.0
T5,2014-04-12,28985.0
T5,2014-04-13,46316.0
T5,2014-04-14,27282.0
T5,2014-04-15,25837.0
T5,2014-04-16,27436.0
T5,2014-04-17,30358.0
T5,2014-04-18,20644.0
T5,2014-04-19,25520.0
T5,2014-04-20,21963.0
T5,2014-04-21,19866.0
T5,2014-04-22,18176.0
T5,2014-04-23,23893.0
T5,2014-04-24,22778.0
T5,2014-04-25,52339.0
T5,2014-04-26,22974.0
T5,2014-04-27,19103.0
T5,2014-04-28,19735.0
T5,2014-04-29,19330.0
T5,2014-04-30,21573.0
T5,2014-05-01,24259.0
T5,2014-05-02,24877.0
T5,2014-05-03,19341.0
T5,2014-05-04,16547.0
T5,2014-05-05,19056.0
T5,2014-05-06,22889.0
T5,2014-05-07,20730.0
T5,2014-05-08,22761.0
T5,2014-05-09,25847.0
T5,2014-05-10,21141.0
T5,2014-05-11,23488.0
T5,2014-05-12,21528.0
T5,2014-05-13,20517.0
T5,2014-05-14,22456.0
T5,2014-05-15,23725.0
T5,2014-05-16,28537.0
T5,2014-05-17,25833.0
T5,2014-05-18,20107.0
T5,2014-05-19,20459.0
T5,2014-05-20,21514.0
T5,2014-05-21,24962.0
T5,2014-05-22,23853.0
T5,2014-05-23,26053.0
T5,2014-05-24,26067.0
T5,2014-05-25,20999.0
T5,2014-05-26,19251.0
T5,2014-05-27,18958.0
T5,2014-05-28,21719.0
T5,2014-05-29,22592.0
T5,2014-05-30,28910.0
T5,2014-05-31,30507.0
T5,2014-06-01,18860.0
T5,2014-06-02,20332.0
T5,2014-06-03,18803.0
T5,2014-06-04,19618.0
T5,2014-06-05,24132.0
T5,2014-06-06,27543.0
T5,2014-06-07,25122.0
T5,2014-06-08,24835.0
T5,2014-06-09,19166.0
T5,2014-06-10,19156.0
T5,2014-06-11,22134.0
T5,2014-06-12,20947.0
T5,2014-06-13,26145.0
T5,2014-06-14,23347.0
T5,2014-06-15,19280.0
T5,2014-06-16,17734.0
T5,2014-06-17,20221.0
T5,2014-06-18,21216.0
T5,2014-06-19,21366.0
T5,2014-06-20,26242.0
T5,2014-06-21,27518.0
T5,2014-06-22,20997.0
T5,2014-06-23,23737.0
T5,2014-06-24,18367.0
T5,2014-06-25,21895.0
T5,2014-06-26,22857.0
T5,2014-06-27,25143.0
T5,2014-06-28,22735.0
T5,2014-06-29,14208.0
T5,2014-06-30,21993.0
T5,2014-07-01,21077.0
T5,2014-07-02,25542.0
T5,2014-07-03,25098.0
T5,2014-07-04,26728.0
T5,2014-07-05,24597.0
T5,2014-07-06,21068.0
T5,2014-07-07,22851.0
T5,2014-07-08,23248.0
T5,2014-07-09,21593.0
T5,2014-07-10,22961.0
T5,2014-07-11,27890.0
T5,2014-07-12,22012.0
T5,2014-07-13,20975.0
T5,2014-07-14,22110.0
T5,2014-07-15,19198.0
T5,2014-07-16,22694.0
T5,2014-07-17,21430.0
T5,2014-07-18,24571.0
T5,2014-07-19,25238.0
T5,2014-07-20,19921.0
T5,2014-07-21,21087.0
T5,2014-07-22,20579.0
T5,2014-07-23,23860.0
T5,2014-07-24,23070.0
T5,2014-07-25,29257.0
T5,2014-07-26,28011.0
T5,2014-07-27,34961.0
T5,2014-07-28,20199.0
T5,2014-07-29,19621.0
T5,2014-07-30,22945.0
T5,2014-07-31,19966.0
T5,2014-08-01,21172.0
T5,2014-08-02,22569.0
T5,2014-08-03,21868.0
T5,2014-08-04,24306.0
T5,2014-08-05,22722.0
T5,2014-08-06,21459.0
T5,2014-08-07,21175.0
T5,2014-08-08,27283.0
T5,2014-08-09,23694.0
T5,2014-08-10,17156.0
T5,2014-08-11,20831.0
T5,2014-08-12,19252.0
T5,2014-08-13,21306.0
T5,2014-08-14,22548.0
T5,2014-08-15,28467.0
T5,2014-08-16,26002.0
T5,2014-08-17,23091.0
T5,2014-08-18,18051.0
T5,2014-08-19,19871.0
T5,2014-08-20,23870.0
T5,2014-08-21,23983.0
T5,2014-08-22,31408.0
T5,2014-08-23,32189.0
T5,2014-08-24,18885.0
T5,2014-08-25,20014.0
T5,2014-08-26,23364.0
T5,2014-08-27,23673.0
T5,2014-08-28,25444.0
T5,2014-08-29,29448.0
T5,2014-08-30,33080.0
T5,2014-08-31,22553.0
T5,2014-09-01,17885.0
T5,2014-09-02,21226.0
T5,2014-09-03,25744.0
T5,2014-09-04,23261.0
T5,2014-09-05,29017.0
T5,2014-09-06,27162.0
T5,2014-09-07,18710.0
T5,2014-09-08,20130.0
T5,2014-09-09,18862.0
T5,2014-09-10,21700.0
T5,2014-09-11,20847.0
T5,2014-09-12,27838.0
T5,2014-09-13,26230.0
T5,2014-09-14,21026.0
T5,2014-09-15,24843.0
T5,2014-09-16,18979.0
T5,2014-09-17,22190.0
T5,2014-09-18,21519.0
T5,2014-09-19,25322.0
T5,2014-09-20,25521.0
T5,2014-09-21,19627.0
T5,2014-09-22,25223.0
T5,2014-09-23,28061.0
T5,2014-09-24,23638.0
T5,2014-09-25,24151.0
T5,2014-09-26,38732.0
T5,2014-09-27,25819.0
T5,2014-09-28,20933.0
T5,2014-09-29,23405.0
T5,2014-09-30,19353.0
T5,2014-10-01,23583.0
T5,2014-10-02,24986.0
T5,2014-10-03,32557.0
T5,2014-10-04,30076.0
T5,2014-10-05,19698.0
T5,2014-10-06,20344.0
T5,2014-10-07,21417.0
T5,2014-10-08,22862.0
T5,2014-10-09,22998.0
T5,2014-10-10,29740.0
T5,2014-10-11,25948.0
T5,2014-10-12,24505.0
T5,2014-10-13,18113.0
T5,2014-10-14,20011.0
T5,2014-10-15,21443.0
T5,2014-10-16,22141.0
T5,2014-10-17,26869.0
T5,2014-10-18,23974.0
T5,2014-10-19,22291.0
T5,2014-10-20,26446.0
T5,2014-10-21,24185.0
T5,2014-10-22,24885.0
T5,2014-10-23,23804.0
T5,2014-10-24,29853.0
T5,2014-10-25,29626.0
T5,2014-10-26,23613.0
T5,2014-10-27,20696.0
T5,2014-10-28,20815.0
T5,2014-10-29,22715.0
T5,2014-10-30,24475.0
T5,2014-10-31,29895.0
T5,2014-11-01,21475.0
T5,2014-11-02,21658.0
T5,2014-11-03,32580.0
T5,2014-11-04,19497.0
T5,2014-11-05,24881.0
T5,2014-11-06,26942.0
T5,2014-11-07,30435.0
T5,2014-11-08,23166.0
T5,2014-11-09,19725.0
T5,2014-11-10,22523.0
T5,2014-11-11,23060.0
T5,2014-11-12,26839.0
T5,2014-11-13,27499.0
T5,2014-11-14,31858.0
T5,2014-11-15,26299.0
T5,2014-11-16,23290.0
T5,2014-11-17,27375.0
T5,2014-11-18,27961.0
T5,2014-11-19,28613.0
T5,2014-11-20,24977.0
T5,2014-11-21,33910.0
T5,2014-11-22,31249.0
T5,2014-11-23,25365.0
T5,2014-11-24,22745.0
T5,2014-11-25,24621.0
T5,2014-11-26,24759.0
T5,2014-11-27,26409.0
T5,2014-11-28,35130.0
T5,2014-11-29,33491.0
T5,2014-11-30,24332.0
T5,2014-12-01,23794.0
T5,2014-12-02,25923.0
T5,2014-12-03,25205.0
T5,2014-12-04,26452.0
T5,2014-12-05,31601.0
T5,2014-12-06,28749.0
T5,2014-12-07,20786.0
T5,2014-12-08,25105.0
T5,2014-12-09,24701.0
T5,2014-12-10,27928.0
T5,2014-12-11,24292.0
T5,2014-12-12,32911.0
T5,2014-12-13,30832.0
T5,2014-12-14,24509.0
T5,2014-12-15,26588.0
T5,2014-12-16,22498.0
T5,2014-12-17,28670.0
T5,2014-12-18,26076.0
T5,2014-12-19,33028.0
T5,2014-12-20,30608.0
T5,2014-12-21,23555.0
T5,2014-12-22,24356.0
T5,2014-12-23,24565.0
T5,2014-12-24,26657.0
T5,2014-12-25,18799.0
T5,2014-12-26,21098.0
T5,2014-12-27,26465.0
T5,2014-12-28,23690.0
T5,2014-12-29,21720.0
T5,2014-12-30,23100.0
T5,2014-12-31,36338.0
T5,2015-01-01,25106.0
T5,2015-01-02,20791.0
T5,2015-01-03,15367.0
T5,2015-01-04,25111.0
T5,2015-01-05,25068.0
T5,2015-01-06,25608.0
T5,2015-01-07,21163.0
T5,2015-01-08,24363.0
T5,2015-01-09,26113.0
T5,2015-01-10,25175.0
T5,2015-01-11,24205.0
T5,2015-01-12,26679.0
T5,2015-01-13,22216.0
T5,2015-01-14,24807.0
T5,2015-01-15,25659.0
T5,2015-01-16,37772.0
T5,2015-01-17,30610.0
T5,2015-01-18,30340.0
T5,2015-01-19,25355.0
T5,2015-01-20,27092.0
T5,2015-01-21,29472.0
T5,2015-01-22,28645.0
T5,2015-01-23,36081.0
T5,2015-01-24,38213.0
T5,2015-01-25,30496.0
T5,2015-01-26,37972.0
T5,2015-01-27,22882.0
T5,2015-01-28,27698.0
T5,2015-01-29,29237.0
T5,2015-01-30,34419.0
T5,2015-01-31,29656.0
T5,2015-02-01,22923.0
T5,2015-02-02,26003.0
T5,2015-02-03,27321.0
T5,2015-02-04,30280.0
T5,2015-02-05,29669.0
T5,2015-02-06,35904.0
T5,2015-02-07,30333.0
T5,2015-02-08,25591.0
T5,2015-02-09,25032.0
T5,2015-02-10,25953.0
T5,2015-02-11,22745.0
T5,2015-02-12,28311.0
T5,2015-02-13,29292.0
T5,2015-02-14,39727.0
T5,2015-02-15,28245.0
T5,2015-02-16,24038.0
T5,2015-02-17,23485.0
T5,2015-02-18,30944.0
T5,2015-02-19,29526.0
T5,2015-02-20,33617.0
T5,2015-02-21,57788.0
T5,2015-02-22,40241.0
T5,2015-02-23,25754.0
T5,2015-02-24,25040.0
T5,2015-02-25,29559.0
T5,2015-02-26,28003.0
T5,2015-02-27,32846.0
T5,2015-02-28,28820.0
T5,2015-03-01,27744.0
T5,2015-03-02,26869.0
T5,2015-03-03,27474.0
T5,2015-03-04,29903.0
T5,2015-03-05,27412.0
T5,2015-03-06,29964.0
T5,2015-03-07,35485.0
T5,2015-03-08,48061.0
T5,2015-03-09,43991.0
T5,2015-03-10,24146.0
T5,2015-03-11,29836.0
T5,2015-03-12,29003.0
T5,2015-03-13,36624.0
T5,2015-03-14,37959.0
T5,2015-03-15,31996.0
T5,2015-03-16,27368.0
T5,2015-03-17,27148.0
T5,2015-03-18,28833.0
T5,2015-03-19,28139.0
T5,2015-03-20,33943.0
T5,2015-03-21,34550.0
T5,2015-03-22,34951.0
T5,2015-03-23,27105.0
T5,2015-03-24,22993.0
T5,2015-03-25,26720.0
T5,2015-03-26,29358.0
T5,2015-03-27,32740.0
T5,2015-03-28,35598.0
T5,2015-03-29,32010.0
T5,2015-03-30,29243.0
T5,2015-03-31,31022.0
T5,2015-04-01,29995.0
T5,2015-04-02,31896.0
T5,2015-04-03,28580.0
T5,2015-04-04,33988.0
T5,2015-04-05,27622.0
T5,2015-04-06,22482.0
T5,2015-04-07,20405.0
T5,2015-04-08,29472.0
T5,2015-04-09,33805.0
T5,2015-04-10,44669.0
T5,2015-04-11,35208.0
T5,2015-04-12,25745.0
T5,2015-04-13,25079.0
T5,2015-04-14,26181.0
T5,2015-04-15,31129.0
T5,2015-04-16,32058.0
T5,2015-04-17,34900.0
T5,2015-04-18,32566.0
T5,2015-04-19,20239.0
T5,2015-04-20,24839.0
T5,2015-04-21,22880.0
T5,2015-04-22,25375.0
T5,2015-04-23,28828.0
T5,2015-04-24,32945.0
T5,2015-04-25,58779.0
T5,2015-04-26,20613.0
T5,2015-04-27,21612.0
T5,2015-04-28,21156.0
T5,2015-04-29,24644.0
T5,2015-04-30,25590.0
T5,2015-05-01,38778.0
T5,2015-05-02,33187.0
T5,2015-05-03,25819.0
T5,2015-05-04,24450.0
T5,2015-05-05,20097.0
T5,2015-05-06,23414.0
T5,2015-05-07,22342.0
T5,2015-05-08,29991.0
T5,2015-05-09,26617.0
T5,2015-05-10,25302.0
T5,2015-05-11,20798.0
T5,2015-05-12,22526.0
T5,2015-05-13,20856.0
T5,2015-05-14,22733.0
T5,2015-05-15,28409.0
T5,2015-05-16,31267.0
T5,2015-05-17,24064.0
T5,2015-05-18,23201.0
T5,2015-05-19,21416.0
T5,2015-05-20,22324.0
T5,2015-05-21,22749.0
T5,2015-05-22,29753.0
T5,2015-05-23,30191.0
T5,2015-05-24,20379.0
T5,2015-05-25,22044.0
T5,2015-05-26,22446.0
T5,2015-05-27,25218.0
T5,2015-05-28,26468.0
T5,2015-05-29,29301.0
T5,2015-05-30,30084.0
T5,2015-05-31,16880.0
T5,2015-06-01,25562.0
T5,2015-06-02,26207.0
T5,2015-06-03,30569.0
T5,2015-06-04,27003.0
T5,2015-06-05,36828.0
T5,2015-06-06,50928.0
T5,2015-06-07,40051.0
T5,2015-06-08,35997.0
T5,2015-06-09,25858.0
T5,2015-06-10,29899.0
T5,2015-06-11,30784.0
T5,2015-06-12,36347.0
T5,2015-06-13,32705.0
T5,2015-06-14,23534.0
T5,2015-06-15,26490.0
T5,2015-06-16,23304.0
T5,2015-06-17,29260.0
T5,2015-06-18,24823.0
T5,2015-06-19,29875.0
T5,2015-06-20,29008.0
T5,2015-06-21,22462.0
T5,2015-06-22,22270.0
T5,2015-06-23,23056.0
T5,2015-06-24,25551.0
T5,2015-06-25,25778.0
T5,2015-06-26,31665.0
T5,2015-06-27,28440.0
T5,2015-06-28,22347.0
T5,2015-06-29,25006.0
T5,2015-06-30,23878.0
T5,2015-07-01,27315.0
T5,2015-07-02,25634.0
T5,2015-07-03,31489.0
T5,2015-07-04,24618.0
T5,2015-07-05,24833.0
T5,2015-07-06,22226.0
T5,2015-07-07,25436.0
T5,2015-07-08,29577.0
T5,2015-07-09,25972.0
T5,2015-07-10,30213.0
T5,2015-07-11,23679.0
T5,2015-07-12,13711.0
T5,2015-07-13,18065.0
T5,2015-07-14,17851.0
T5,2015-07-15,23501.0
T5,2015-07-16,24174.0
T5,2015-07-17,27731.0
T5,2015-07-18,33633.0
T5,2015-07-19,22895.0
T5,2015-07-20,25271.0
T5,2015-07-21,23304.0
T5,2015-07-22,26165.0
T5,2015-07-23,27083.0
T5,2015-07-24,34143.0
T5,2015-07-25,29928.0
T5,2015-07-26,28292.0
T5,2015-07-27,22377.0
T5,2015-07-28,23733.0
T5,2015-07-29,23338.0
T5,2015-07-30,22626.0
T5,2015-07-31,33543.0
T5,2015-08-01,28010.0
T5,2015-08-02,20218.0
T5,2015-08-03,20402.0
T5,2015-08-04,21042.0
T5,2015-08-05,22211.0
T5,2015-08-06,23543.0
T5,2015-08-07,30124.0
T5,2015-08-08,31166.0
T5,2015-08-09,21652.0
T5,2015-08-10,22688.0
T5,2015-08-11,22268.0
T5,2015-08-12,22695.0
T5,2015-08-13,24165.0
T5,2015-08-14,29753.0
T5,2015-08-15,31766.0
T5,2015-08-16,24110.0
T5,2015-08-17,21497.0
T5,2015-08-18,21530.0
T5,2015-08-19,26484.0
T5,2015-08-20,26677.0
T5,2015-08-21,30793.0
T5,2015-08-22,32942.0
T5,2015-08-23,22785.0
T5,2015-08-24,23721.0
T5,2015-08-25,23727.0
T5,2015-08-26,23998.0
T5,2015-08-27,26497.0
T5,2015-08-28,32301.0
T5,2015-08-29,25296.0
T5,2015-08-30,22073.0
T5,2015-08-31,22431.0
T5,2015-09-01,24096.0
T5,2015-09-02,23513.0
T5,2015-09-03,24085.0
T5,2015-09-04,30640.0
T5,2015-09-05,30763.0
T5,2015-09-06,17380.0
T5,2015-09-07,19972.0
T5,2015-09-08,21639.0
T5,2015-09-09,26056.0
T5,2015-09-10,27839.0
T5,2015-09-11,33129.0
T5,2015-09-12,30040.0
T5,2015-09-13,31865.0
T5,2015-09-14,27883.0
T5,2015-09-15,22515.0
T5,2015-09-16,25810.0
T5,2015-09-17,24693.0
T5,2015-09-18,33515.0
T5,2015-09-19,37265.0
T5,2015-09-20,25950.0
T5,2015-09-21,22085.0
T5,2015-09-22,22781.0
T5,2015-09-23,28723.0
T5,2015-09-24,29489.0
T5,2015-09-25,35160.0
T5,2015-09-26,33465.0
T5,2015-09-27,25655.0
T5,2015-09-28,26253.0
T5,2015-09-29,28981.0
T5,2015-09-30,30778.0
T5,2015-10-01,37804.0
T5,2015-10-02,40702.0
T5,2015-10-03,32218.0
T5,2015-10-04,26887.0
T5,2015-10-05,25428.0
T5,2015-10-06,22824.0
T5,2015-10-07,24167.0
T5,2015-10-08,27160.0
T5,2015-10-09,34943.0
T5,2015-10-10,29491.0
T5,2015-10-11,23342.0
T5,2015-10-12,22581.0
T5,2015-10-13,26605.0
T5,2015-10-14,27972.0
T5,2015-10-15,29080.0
T5,2015-10-16,32200.0
T5,2015-10-17,36013.0
T5,2015-10-18,30490.0
T5,2015-10-19,27284.0
T5,2015-10-20,25934.0
T5,2015-10-21,23818.0
T5,2015-10-22,24883.0
T5,2015-10-23,34625.0
T5,2015-10-24,31945.0
T5,2015-10-25,24369.0
T5,2015-10-26,23822.0
T5,2015-10-27,27462.0
T5,2015-10-28,27898.0
T5,2015-10-29,30778.0
T5,2015-10-30,38231.0
T5,2015-10-31,29995.0
T5,2015-11-01,22959.0
T5,2015-11-02,34360.0
T5,2015-11-03,23846.0
T5,2015-11-04,27468.0
T5,2015-11-05,28035.0
T5,2015-11-06,33403.0
T5,2015-11-07,36111.0
T5,2015-11-08,27215.0
T5,2015-11-09,26234.0
T5,2015-11-10,29646.0
T5,2015-11-11,30686.0
T5,2015-11-12,32726.0
T5,2015-11-13,36973.0
T5,2015-11-14,35877.0
T5,2015-11-15,27235.0
T5,2015-11-16,28582.0
T5,2015-11-17,28235.0
T5,2015-11-18,30164.0
T5,2015-11-19,32579.0
T5,2015-11-20,32820.0
T5,2015-11-21,31990.0
T5,2015-11-22,26078.0
T5,2015-11-23,35675.0
T5,2015-11-24,28136.0
T5,2015-11-25,27921.0
T5,2015-11-26,25576.0
T5,2015-11-27,38514.0
T5,2015-11-28,38111.0
T5,2015-11-29,26926.0
T5,2015-11-30,27301.0
T5,2015-12-01,26299.0
T5,2015-12-02,27521.0
T5,2015-12-03,28502.0
T5,2015-12-04,39254.0
T5,2015-12-05,37754.0
T5,2015-12-06,29666.0
T5,2015-12-07,27500.0
T5,2015-12-08,26517.0
T5,2015-12-09,30419.0
T5,2015-12-10,33155.0
T5,2015-12-11,35479.0
T5,2015-12-12,34763.0
T5,2015-12-13,29907.0
T5,2015-12-14,31362.0
T5,2015-12-15,28901.0
T5,2015-12-16,33251.0
T5,2015-12-17,30289.0
T5,2015-12-18,39011.0
T5,2015-12-19,24364.0
T5,2015-12-20,20777.0
T5,2015-12-21,31333.0
T5,2015-12-22,34893.0
T5,2015-12-23,36766.0
T5,2015-12-24,29309.0
T5,2015-12-25,22003.0
T5,2015-12-26,23467.0
T5,2015-12-27,32703.0
T5,2015-12-28,33245.0
T5,2015-12-29,34190.0
T5,2015-12-30,29636.0
T5,2015-12-31,36906.0
T5,2016-01-01,27996.0
T5,2016-01-02,33480.0
T5,2016-01-03,29735.0
T5,2016-01-04,27447.0
T5,2016-01-05,33250.0
T5,2016-01-06,32615.0
T5,2016-01-07,34701.0
T5,2016-01-08,37656.0
T5,2016-01-09,34309.0
T5,2016-01-10,26746.0
T5,2016-01-11,23658.0
T5,2016-01-12,30535.0
T5,2016-01-13,22963.0
T5,2016-01-14,27266.0
T5,2016-01-15,39883.0
T5,2016-01-16,36972.0
T5,2016-01-17,33684.0
T5,2016-01-18,26744.0
T5,2016-01-19,29605.0
T5,2016-01-20,32439.0
T5,2016-01-21,35140.0
T5,2016-01-22,38750.0
T5,2016-01-23,41797.0
T5,2016-01-24,32420.0
T5,2016-01-25,33557.0
T5,2016-01-26,45953.0
T5,2016-01-27,28208.0
T5,2016-01-28,26862.0
T5,2016-01-29,33294.0
T5,2016-01-30,36445.0
T5,2016-01-31,30417.0
T5,2016-02-01,27743.0
T5,2016-02-02,26858.0
T5,2016-02-03,28577.0
T5,2016-02-04,29710.0
T5,2016-02-05,40115.0
T5,2016-02-06,49732.0
T5,2016-02-07,33259.0
T5,2016-02-08,33098.0
T5,2016-02-09,31124.0
T5,2016-02-10,30955.0
T5,2016-02-11,32330.0
T5,2016-02-12,40337.0
T5,2016-02-13,39983.0
T5,2016-02-14,40389.0
T5,2016-02-15,28905.0
T5,2016-02-16,29562.0
T5,2016-02-17,34681.0
T5,2016-02-18,34804.0
T5,2016-02-19,37492.0
T5,2016-02-20,68109.0
T5,2016-02-21,33563.0
T5,2016-02-22,26312.0
T5,2016-02-23,27087.0
T5,2016-02-24,28674.0
T5,2016-02-25,29477.0
T5,2016-02-26,40161.0
T5,2016-02-27,38020.0
T5,2016-02-28,31412.0
T5,2016-02-29,27309.0
T5,2016-03-01,29360.0
T5,2016-03-02,29130.0
T5,2016-03-03,29932.0
T5,2016-03-04,39525.0
T5,2016-03-05,41456.0
T5,2016-03-06,32514.0
T5,2016-03-07,31822.0
T5,2016-03-08,26806.0
T5,2016-03-09,26924.0
T5,2016-03-10,31217.0
T5,2016-03-11,41648.0
T5,2016-03-12,44169.0
T5,2016-03-13,44976.0
T5,2016-03-14,40157.0
T5,2016-03-15,28342.0
T5,2016-03-16,31649.0
T5,2016-03-17,34894.0
T5,2016-03-18,35527.0
T5,2016-03-19,41182.0
T5,2016-03-20,44284.0
T5,2016-03-21,33646.0
T5,2016-03-22,29628.0
T5,2016-03-23,27897.0
T5,2016-03-24,30959.0
T5,2016-03-25,39042.0
T5,2016-03-26,34072.0
T5,2016-03-27,31389.0
T5,2016-03-28,25767.0
T5,2016-03-29,28223.0
T5,2016-03-30,29754.0
T5,2016-03-31,32224.0
T5,2016-04-01,43428.0
T5,2016-04-02,37529.0
T5,2016-04-03,31994.0
T5,2016-04-04,30120.0
T5,2016-04-05,32967.0
T5,2016-04-06,30595.0
T5,2016-04-07,37236.0
T5,2016-04-08,42286.0
T5,2016-04-09,40457.0
T5,2016-04-10,28918.0
T5,2016-04-11,28971.0
T5,2016-04-12,29313.0
T5,2016-04-13,29534.0
T5,2016-04-14,32016.0
T5,2016-04-15,42291.0
T5,2016-04-16,38170.0
T5,2016-04-17,31316.0
T5,2016-04-18,27681.0
T5,2016-04-19,30163.0
T5,2016-04-20,32775.0
T5,2016-04-21,30017.0
T5,2016-04-22,40067.0
T5,2016-04-23,36961.0
T5,2016-04-24,40931.0
T5,2016-04-25,55708.0
T5,2016-04-26,25831.0
T5,2016-04-27,27068.0
T5,2016-04-28,27482.0
T5,2016-04-29,30971.0
T5,2016-04-30,34003.0
T5,2016-05-01,20693.0
T5,2016-05-02,23031.0
T5,2016-05-03,22278.0
T5,2016-05-04,25162.0
T5,2016-05-05,28339.0
T5,2016-05-06,34266.0
T5,2016-05-07,31752.0
T5,2016-05-08,22637.0
T5,2016-05-09,20732.0
T5,2016-05-10,26604.0
T5,2016-05-11,24801.0
T5,2016-05-12,25801.0
T5,2016-05-13,32887.0
T5,2016-05-14,33649.0
T5,2016-05-15,22196.0
T5,2016-05-16,24325.0
T5,2016-05-17,25211.0
T5,2016-05-18,26297.0
T5,2016-05-19,24426.0
T5,2016-05-20,32852.0
T5,2016-05-21,32932.0
T5,2016-05-22,21063.0
T5,2016-05-23,22239.0
T5,2016-05-24,26337.0
T5,2016-05-25,22137.0
T5,2016-05-26,22503.0
T5,2016-05-27,31116.0
T5,2016-05-28,27205.0
T5,2016-05-29,20950.0
T5,2016-05-30,20740.0
T5,2016-05-31,22548.0
T5,2016-06-01,22396.0
T5,2016-06-02,23028.0
T5,2016-06-03,27834.0
T5,2016-06-04,24342.0
T5,2016-06-05,17387.0
T5,2016-06-06,23442.0
T5,2016-06-07,21364.0
T5,2016-06-08,23039.0
T5,2016-06-09,25782.0
T5,2016-06-10,29345.0
T5,2016-06-11,28127.0
T5,2016-06-12,29720.0
T5,2016-06-13,20334.0
T5,2016-06-14,22196.0
T5,2016-06-15,25510.0
T5,2016-06-16,22601.0
T5,2016-06-17,26515.0
T5,2016-06-18,28916.0
T5,2016-06-19,19614.0
T5,2016-06-20,23581.0
T5,2016-06-21,21739.0
T5,2016-06-22,23305.0
T5,2016-06-23,23213.0
T5,2016-06-24,26693.0
T5,2016-06-25,28987.0
T5,2016-06-26,22331.0
T5,2016-06-27,23186.0
T5,2016-06-28,26107.0
T5,2016-06-29,31161.0
T5,2016-06-30,23974.0
T5,2016-07-01,33027.0
T5,2016-07-02,31241.0
T5,2016-07-03,26216.0
T5,2016-07-04,25480.0
T5,2016-07-05,22910.0
T5,2016-07-06,29040.0
T5,2016-07-07,30719.0
T5,2016-07-08,39249.0
T5,2016-07-09,37374.0
T5,2016-07-10,20671.0
T5,2016-07-11,24396.0
T5,2016-07-12,23778.0
T5,2016-07-13,24982.0
T5,2016-07-14,28286.0
T5,2016-07-15,37200.0
T5,2016-07-16,37580.0
T5,2016-07-17,29262.0
T5,2016-07-18,27892.0
T5,2016-07-19,25238.0
T5,2016-07-20,28084.0
T5,2016-07-21,27853.0
T5,2016-07-22,30199.0
T5,2016-07-23,32443.0
T5,2016-07-24,30476.0
T5,2016-07-25,24994.0
T5,2016-07-26,23338.0
T5,2016-07-27,28785.0
T5,2016-07-28,30440.0
T5,2016-07-29,33823.0
T5,2016-07-30,41707.0
T5,2016-07-31,30420.0
T5,2016-08-01,24003.0
T5,2016-08-02,26297.0
T5,2016-08-03,25224.0
T5,2016-08-04,29658.0
T5,2016-08-05,40291.0
T5,2016-08-06,32180.0
T5,2016-08-07,25774.0
T5,2016-08-08,25976.0
T5,2016-08-09,24043.0
T5,2016-08-10,26050.0
T5,2016-08-11,28364.0
T5,2016-08-12,31872.0
T5,2016-08-13,33497.0
T5,2016-08-14,29832.0
T5,2016-08-15,30108.0
T5,2016-08-16,26998.0
T5,2016-08-17,26441.0
T5,2016-08-18,30488.0
T5,2016-08-19,28227.0
T5,2016-08-20,30293.0
T5,2016-08-21,21559.0
T5,2016-08-22,22465.0
T5,2016-08-23,27955.0
T5,2016-08-24,27137.0
T5,2016-08-25,27307.0
T5,2016-08-26,34756.0
T5,2016-08-27,36209.0
T5,2016-08-28,27293.0
T5,2016-08-29,28313.0
T5,2016-08-30,22147.0
T5,2016-08-31,27178.0
T5,2016-09-01,25381.0
T5,2016-09-02,32439.0
T5,2016-09-03,31587.0
T5,2016-09-04,24253.0
T5,2016-09-05,26823.0
T5,2016-09-06,26278.0
T5,2016-09-07,29749.0
T5,2016-09-08,28206.0
T5,2016-09-09,33455.0
T5,2016-09-10,32119.0
T5,2016-09-11,25959.0
T5,2016-09-12,24468.0
T5,2016-09-13,25192.0
T5,2016-09-14,26660.0
T5,2016-09-15,25040.0
T5,2016-09-16,37322.0
T5,2016-09-17,38569.0
T5,2016-09-18,24285.0
T5,2016-09-19,29340.0
T5,2016-09-20,28083.0
T5,2016-09-21,25658.0
T5,2016-09-22,28049.0
T5,2016-09-23,35814.0
T5,2016-09-24,31468.0
T5,2016-09-25,26594.0
T5,2016-09-26,23604.0
T5,2016-09-27,27975.0
T5,2016-09-28,31408.0
T5,2016-09-29,28534.0
T5,2016-09-30,32488.0
T5,2016-10-01,28288.0
T5,2016-10-02,21587.0
T5,2016-10-03,23098.0
T5,2016-10-04,20759.0
T5,2016-10-05,24570.0
T5,2016-10-06,31379.0
T5,2016-10-07,32534.0
T5,2016-10-08,34471.0
T5,2016-10-09,18790.0
T5,2016-10-10,20638.0
T5,2016-10-11,24784.0
T5,2016-10-12,27359.0
T5,2016-10-13,27418.0
T5,2016-10-14,36620.0
T5,2016-10-15,31964.0
T5,2016-10-16,24034.0
T5,2016-10-17,25043.0
T5,2016-10-18,21728.0
T5,2016-10-19,27271.0
T5,2016-10-20,30238.0
T5,2016-10-21,28374.0
T5,2016-10-22,24136.0
T5,2016-10-23,21089.0
T5,2016-10-24,29193.0
T5,2016-10-25,29731.0
T5,2016-10-26,26382.0
T5,2016-10-27,27451.0
T5,2016-10-28,34934.0
T5,2016-10-29,37612.0
T5,2016-10-30,23956.0
T5,2016-10-31,38217.0
T5,2016-11-01,20527.0
T5,2016-11-02,29111.0
T5,2016-11-03,31629.0
T5,2016-11-04,36326.0
T5,2016-11-05,29043.0
T5,2016-11-06,25341.0
T5,2016-11-07,24181.0
T5,2016-11-08,27490.0
T5,2016-11-09,24541.0
T5,2016-11-10,31859.0
T5,2016-11-11,42013.0
T5,2016-11-12,36692.0
T5,2016-11-13,23117.0
T5,2016-11-14,25879.0
T5,2016-11-15,29521.0
T5,2016-11-16,33537.0
T5,2016-11-17,36756.0
T5,2016-11-18,38737.0
T5,2016-11-19,42272.0
T5,2016-11-20,33226.0
T5,2016-11-21,27207.0
T5,2016-11-22,23592.0
T5,2016-11-23,31854.0
T5,2016-11-24,29819.0
T5,2016-11-25,36717.0
T5,2016-11-26,41889.0
T5,2016-11-27,29291.0
T5,2016-11-28,35081.0
T5,2016-11-29,28478.0
T5,2016-11-30,29842.0
T5,2016-12-01,31745.0
T5,2016-12-02,39872.0
T5,2016-12-03,37739.0
T5,2016-12-04,22551.0
T5,2016-12-05,28981.0
T5,2016-12-06,28682.0
T5,2016-12-07,32552.0
T5,2016-12-08,28411.0
T5,2016-12-09,37575.0
T5,2016-12-10,39102.0
T5,2016-12-11,31471.0
T5,2016-12-12,32614.0
T5,2016-12-13,30358.0
T5,2016-12-14,31967.0
T5,2016-12-15,36318.0
T5,2016-12-16,46950.0
T5,2016-12-17,34547.0
T5,2016-12-18,29180.0
T5,2016-12-19,29441.0
T5,2016-12-20,32743.0
T5,2016-12-21,37394.0
T5,2016-12-22,36525.0
T5,2016-12-23,38022.0
T5,2016-12-24,26435.0
T5,2016-12-25,19347.0
T5,2016-12-26,22628.0
T5,2016-12-27,25954.0
T5,2016-12-28,29196.0
T5,2016-12-29,22757.0
T5,2016-12-30,33518.0
T5,2016-12-31,51457.0
T5,2017-01-01,25044.0
T5,2017-01-02,22793.0
T5,2017-01-03,31121.0
T5,2017-01-04,31232.0
T5,2017-01-05,30280.0
T5,2017-01-06,33343.0
T5,2017-01-07,27322.0
T5,2017-01-08,25102.0
T5,2017-01-09,32854.0
T5,2017-01-10,29678.0
T5,2017-01-11,31526.0
T5,2017-01-12,32992.0
T5,2017-01-13,32458.0
T5,2017-01-14,35178.0
T5,2017-01-15,36613.0
T5,2017-01-16,28831.0
T5,2017-01-17,27849.0
T5,2017-01-18,33600.0
T5,2017-01-19,34664.0
T5,2017-01-20,45652.0
T5,2017-01-21,45201.0
T5,2017-01-22,30754.0
T5,2017-01-23,25664.0
T5,2017-01-24,35601.0
T5,2017-01-25,38667.0
T5,2017-01-26,44876.0
T5,2017-01-27,38621.0
T5,2017-01-28,44076.0
T5,2017-01-29,34190.0
T5,2017-01-30,23044.0
T5,2017-01-31,27811.0
T5,2017-02-01,33018.0
T5,2017-02-02,29634.0
T5,2017-02-03,36815.0
T5,2017-02-04,34031.0
T5,2017-02-05,21472.0
T5,2017-02-06,28172.0
T5,2017-02-07,30409.0
T5,2017-02-08,31958.0
T5,2017-02-09,25841.0
T5,2017-02-10,36271.0
T5,2017-02-11,39758.0
T5,2017-02-12,26038.0
T5,2017-02-13,27264.0
T5,2017-02-14,35726.0
T5,2017-02-15,31730.0
T5,2017-02-16,31255.0
T5,2017-02-17,38329.0
T5,2017-02-18,63597.0
T5,2017-02-19,24900.0
T5,2017-02-20,26176.0
T5,2017-02-21,29492.0
T5,2017-02-22,30810.0
T5,2017-02-23,32804.0
T5,2017-02-24,36696.0
T5,2017-02-25,37426.0
T5,2017-02-26,37885.0
T5,2017-02-27,27209.0
T5,2017-02-28,29679.0
T5,2017-03-01,30540.0
T5,2017-03-02,32090.0
T5,2017-03-03,38882.0
T5,2017-03-04,38405.0
T5,2017-03-05,25305.0
T5,2017-03-06,31012.0
T5,2017-03-07,30670.0
T5,2017-03-08,30496.0
T5,2017-03-09,30200.0
T5,2017-03-10,41929.0
T5,2017-03-11,46247.0
T5,2017-03-12,47596.0
T5,2017-03-13,46313.0
T5,2017-03-14,27253.0
T5,2017-03-15,25354.0
T5,2017-03-16,28476.0
T5,2017-03-17,39575.0
T5,2017-03-18,37509.0
T5,2017-03-19,26023.0
T5,2017-03-20,25766.0
T5,2017-03-21,24464.0
T5,2017-03-22,26705.0
T5,2017-03-23,30703.0
T5,2017-03-24,41419.0
T5,2017-03-25,44300.0
T5,2017-03-26,32492.0
T5,2017-03-27,23374.0
T5,2017-03-28,28544.0
T5,2017-03-29,25217.0
T5,2017-03-30,27862.0
T5,2017-03-31,37227.0
T5,2017-04-01,41216.0
T5,2017-04-02,33404.0
T5,2017-04-03,31541.0
T5,2017-04-04,30096.0
T5,2017-04-05,32564.0
T5,2017-04-06,33750.0
T5,2017-04-07,43741.0
T5,2017-04-08,34301.0
T5,2017-04-09,28659.0
T5,2017-04-10,22631.0
T5,2017-04-11,30765.0
T5,2017-04-12,34738.0
T5,2017-04-13,38718.0
T5,2017-04-14,36972.0
T5,2017-04-15,35945.0
T5,2017-04-16,35014.0
T5,2017-04-17,25122.0
T5,2017-04-18,28678.0
T5,2017-04-19,29255.0
T5,2017-04-20,31129.0
T5,2017-04-21,33983.0
T5,2017-04-22,39330.0
T5,2017-04-23,31459.0
T5,2017-04-24,27640.0
T5,2017-04-25,41935.0
T5,2017-04-26,21599.0
T5,2017-04-27,25202.0
T5,2017-04-28,36711.0
T5,2017-04-29,34077.0
T5,2017-04-30,26189.0
T5,2017-05-01,24794.0
T5,2017-05-02,26232.0
T5,2017-05-03,28460.0
T5,2017-05-04,34744.0
T5,2017-05-05,37520.0
T5,2017-05-06,32388.0
T5,2017-05-07,26098.0
T5,2017-05-08,25661.0
T5,2017-05-09,30571.0
T5,2017-05-10,29389.0
T5,2017-05-11,28813.0
T5,2017-05-12,36539.0
T5,2017-05-13,38079.0
T5,2017-05-14,33519.0
T5,2017-05-15,26261.0
T5,2017-05-16,28295.0
T5,2017-05-17,37185.0
T5,2017-05-18,33020.0
T5,2017-05-19,37970.0
T5,2017-05-20,40312.0
T5,2017-05-21,28515.0
T5,2017-05-22,28029.0
T5,2017-05-23,28336.0
T5,2017-05-24,30008.0
T5,2017-05-25,30510.0
T5,2017-05-26,38575.0
T5,2017-05-27,35851.0
T5,2017-05-28,23011.0
T5,2017-05-29,25241.0
T5,2017-05-30,26033.0
T5,2017-05-31,26839.0
T5,2017-06-01,26649.0
T5,2017-06-02,37040.0
T5,2017-06-03,35514.0
T5,2017-06-04,26292.0
T5,2017-06-05,28619.0
T5,2017-06-06,26789.0
T5,2017-06-07,30448.0
T5,2017-06-08,26178.0
T5,2017-06-09,40181.0
T5,2017-06-10,39751.0
T5,2017-06-11,35681.0
T5,2017-06-12,24842.0
T5,2017-06-13,25842.0
T5,2017-06-14,27907.0
T5,2017-06-15,29482.0
T5,2017-06-16,37848.0
T5,2017-06-17,35927.0
T5,2017-06-18,23977.0
T5,2017-06-19,27721.0
T5,2017-06-20,30259.0
T5,2017-06-21,31013.0
T5,2017-06-22,29892.0
T5,2017-06-23,36383.0
T5,2017-06-24,34269.0
T5,2017-06-25,32525.0
T5,2017-06-26,34177.0
T5,2017-06-27,40424.0
T5,2017-06-28,45491.0
T5,2017-06-29,34453.0
T5,2017-06-30,48149.0
T5,2017-07-01,28189.0
T5,2017-07-02,35877.0
T5,2017-07-03,33373.0
T5,2017-07-04,39163.0
T5,2017-07-05,37641.0
T5,2017-07-06,29537.0
T5,2017-07-07,30310.0
T5,2017-07-08,29561.0
T5,2017-07-09,33706.0
T5,2017-07-10,29338.0
T5,2017-07-11,45388.0
T5,2017-07-12,34823.0
T5,2017-07-13,37041.0
T5,2017-07-14,32458.0
T5,2017-07-15,34351.0
T5,2017-07-16,33922.0
T5,2017-07-17,35593.0
T5,2017-07-18,42689.0
T5,2017-07-19,37116.0
T5,2017-07-20,32566.0
T5,2017-07-21,32204.0
T5,2017-07-22,33873.0
T5,2017-07-23,30371.0
T5,2017-07-24,32158.0
T5,2017-07-25,26252.0
T5,2017-07-26,17607.0
T5,2017-07-27,21654.0
T5,2017-07-28,26733.0
T5,2017-07-29,31151.0
T5,2017-07-30,34362.0
T5,2017-07-31,30220.0
T5,2017-08-01,45654.0
T5,2017-08-02,40270.0
T5,2017-08-03,33019.0
T5,2017-08-04,37481.0
T5,2017-08-05,35420.0
T5,2017-08-06,33068.0
T5,2017-08-07,39011.0
T5,2017-08-08,47864.0
T5,2017-08-09,45422.0
T5,2017-08-10,36031.0
T5,2017-08-11,33730.0
T5,2017-08-12,31140.0
T5,2017-08-13,38912.0
T5,2017-08-14,44371.0
T5,2017-08-15,41317.0
T5,2017-08-16,35358.0
T5,2017-08-17,34161.0
T5,2017-08-18,30925.0
T5,2017-08-19,30754.0
T5,2017-08-20,35546.0
T5,2017-08-21,35987.0
T5,2017-08-22,33809.0
T5,2017-08-23,36693.0
T5,2017-08-24,50898.0
T5,2017-08-25,28810.0
T5,2017-08-26,37810.0
T5,2017-08-27,40578.0
T5,2017-08-28,40381.0
T5,2017-08-29,41922.0
T5,2017-08-30,28789.0
T5,2017-08-31,37565.0
T5,2017-09-01,35607.0
T5,2017-09-02,41207.0
T5,2017-09-03,42493.0
T5,2017-09-04,35656.0
T5,2017-09-05,34600.0
T5,2017-09-06,34122.0
T5,2017-09-07,42067.0
T5,2017-09-08,33151.0
T5,2017-09-09,41763.0
T5,2017-09-10,39738.0
T5,2017-09-11,33096.0
T5,2017-09-12,40020.0
T5,2017-09-13,54346.0
T5,2017-09-14,39422.0
T5,2017-09-15,38973.0
T5,2017-09-16,44283.0
T5,2017-09-17,47117.0
T5,2017-09-18,51250.0
T5,2017-09-19,47895.0
T5,2017-09-20,45511.0
T5,2017-09-21,26316.0
T5,2017-09-22,22503.0
T5,2017-09-23,29443.0
T5,2017-09-24,34867.0
T5,2017-09-25,36473.0
T5,2017-09-26,39653.0
T5,2017-09-27,44901.0
T5,2017-09-28,32650.0
T5,2017-09-29,31101.0
T5,2017-09-30,32215.0
T5,2017-10-01,34415.0
T5,2017-10-02,36948.0
T5,2017-10-03,42766.0
T5,2017-10-04,44235.0
T5,2017-10-05,33485.0
T5,2017-10-06,34074.0
T5,2017-10-07,34813.0
T5,2017-10-08,42693.0
T5,2017-10-09,40425.0
T5,2017-10-10,47124.0
T5,2017-10-11,71214.0
T5,2017-10-12,43822.0
T5,2017-10-13,38747.0
T5,2017-10-14,37399.0
T5,2017-10-15,39303.0
T5,2017-10-16,40219.0
T5,2017-10-17,41965.0
T5,2017-10-18,43716.0
T5,2017-10-19,34264.0
T5,2017-10-20,35372.0
T5,2017-10-21,33734.0
T5,2017-10-22,34736.0
T5,2017-10-23,41957.0
T5,2017-10-24,44376.0
T5,2017-10-25,41728.0
T5,2017-10-26,31117.0
T5,2017-10-27,30737.0
T5,2017-10-28,35842.0
T5,2017-10-29,35886.0
T5,2017-10-30,40204.0
T5,2017-10-31,46522.0
T5,2017-11-01,51634.0
T5,2017-11-02,54741.0
T5,2017-11-03,48068.0
T5,2017-11-04,32057.0
T5,2017-11-05,35535.0
T5,2017-11-06,35367.0
T5,2017-11-07,45729.0
T5,2017-11-08,49217.0
T5,2017-11-09,45591.0
T5,2017-11-10,35293.0
T5,2017-11-11,35033.0
T5,2017-11-12,36195.0
T5,2017-11-13,38090.0
T5,2017-11-14,44998.0
T5,2017-11-15,37285.0
T5,2017-11-16,35313.0
T5,2017-11-17,35044.0
T5,2017-11-18,31985.0
T5,2017-11-19,35394.0
T5,2017-11-20,37285.0
T5,2017-11-21,40890.0
T5,2017-11-22,46376.0
T5,2017-11-23,39131.0
T5,2017-11-24,32383.0
T5,2017-11-25,36081.0
T5,2017-11-26,40153.0
T5,2017-11-27,39953.0
T5,2017-11-28,47961.0
T5,2017-11-29,44689.0
T5,2017-11-30,38504.0
T5,2017-12-01,35063.0
T5,2017-12-02,43467.0
T5,2017-12-03,43309.0
T5,2017-12-04,45634.0
T5,2017-12-05,53564.0
T5,2017-12-06,35791.0
T5,2017-12-07,31845.0
T5,2017-12-08,30558.0
T5,2017-12-09,33527.0
T5,2017-12-10,34048.0
T5,2017-12-11,34884.0
T5,2017-12-12,42665.0
T5,2017-12-13,44204.0
T5,2017-12-14,32479.0
T5,2017-12-15,29053.0
T5,2017-12-16,33458.0
T5,2017-12-17,50780.0
T5,2017-12-18,33628.0
T5,2017-12-19,36114.0
T5,2017-12-20,40480.0
T5,2017-12-21,24418.0
T5,2017-12-22,27072.0
T5,2017-12-23,29015.0
T5,2017-12-24,28368.0
T5,2017-12-25,27417.0
T5,2017-12-26,32493.0
T5,2017-12-27,33535.0
T5,2017-12-28,26072.0
T5,2017-12-29,24338.0
T5,2017-12-30,28216.0
T5,2017-12-31,30629.0
T5,2018-01-01,24871.0
T5,2018-01-02,22775.0
T5,2018-01-03,32129.0
T5,2018-01-04,25459.0
T5,2018-01-05,24156.0
T5,2018-01-06,25655.0
T5,2018-01-07,25501.0
T5,2018-01-08,25816.0
T5,2018-01-09,30985.0
T5,2018-01-10,32233.0
T5,2018-01-11,19978.0
T5,2018-01-12,23487.0
T5,2018-01-13,25384.0
T5,2018-01-14,27767.0
T5,2018-01-15,27110.0
T5,2018-01-16,34656.0
T5,2018-01-17,33685.0
T5,2018-01-18,23713.0
T5,2018-01-19,24495.0
T5,2018-01-20,26836.0
T5,2018-01-21,26743.0
T5,2018-01-22,26692.0
T5,2018-01-23,33841.0
T5,2018-01-24,36552.0
T5,2018-01-25,24300.0
T5,2018-01-26,23354.0
T5,2018-01-27,24564.0
T5,2018-01-28,33320.0
T5,2018-01-29,27015.0
T5,2018-01-30,27547.0
T5,2018-01-31,41742.0
T5,2018-02-01,36218.0
T5,2018-02-02,29360.0
T5,2018-02-03,24426.0
T5,2018-02-04,26433.0
T5,2018-02-05,26344.0
T5,2018-02-06,31093.0
T5,2018-02-07,32227.0
T5,2018-02-08,16057.0
T5,2018-02-09,25642.0
T5,2018-02-10,28029.0
T5,2018-02-11,29251.0
T5,2018-02-12,30546.0
T5,2018-02-13,35872.0
T5,2018-02-14,32310.0
T5,2018-02-15,24959.0
T5,2018-02-16,31148.0
T5,2018-02-17,25875.0
T5,2018-02-18,27741.0
T5,2018-02-19,27530.0
T5,2018-02-20,33221.0
T5,2018-02-21,31153.0
T5,2018-02-22,27496.0
T5,2018-02-23,28790.0
T5,2018-02-24,28878.0
T5,2018-02-25,30596.0
T5,2018-02-26,32235.0
T5,2018-02-27,45818.0
T5,2018-02-28,32327.0
T5,2018-03-01,30015.0
T5,2018-03-02,30225.0
T5,2018-03-03,33288.0
T5,2018-03-04,32799.0
T5,2018-03-05,33090.0
T5,2018-03-06,41653.0
T5,2018-03-07,38263.0
T5,2018-03-08,15479.0
T5,2018-03-09,29211.0
T5,2018-03-10,27130.0
T5,2018-03-11,29390.0
T5,2018-03-12,26109.0
T5,2018-03-13,36802.0
T5,2018-03-14,33371.0
T5,2018-03-15,26244.0
T5,2018-03-16,24119.0
T5,2018-03-17,26713.0
T5,2018-03-18,29839.0
T5,2018-03-19,28320.0
T5,2018-03-20,40193.0
T5,2018-03-21,42384.0
T5,2018-03-22,30517.0
T5,2018-03-23,25051.0
T5,2018-03-24,27710.0
T5,2018-03-25,30734.0
T5,2018-03-26,31459.0
T5,2018-03-27,37162.0
T5,2018-03-28,36439.0
T5,2018-03-29,29170.0
T5,2018-03-30,29161.0
T5,2018-03-31,26977.0
T5,2018-04-01,27973.0
T5,2018-04-02,28580.0
T5,2018-04-03,37826.0
T5,2018-04-04,31828.0
T5,2018-04-05,26442.0
T5,2018-04-06,26566.0
T5,2018-04-07,29002.0
T5,2018-04-08,30912.0
T5,2018-04-09,29630.0
T5,2018-04-10,39037.0
T5,2018-04-11,29255.0
T5,2018-04-12,20784.0
T5,2018-04-13,23653.0
T5,2018-04-14,24910.0
T5,2018-04-15,27772.0
T5,2018-04-16,28897.0
T5,2018-04-17,37671.0
T5,2018-04-18,34466.0
T5,2018-04-19,23962.0
T5,2018-04-20,27244.0
T5,2018-04-21,27205.0
T5,2018-04-22,29484.0
T5,2018-04-23,27513.0
T5,2018-04-24,38207.0
T5,2018-04-25,49843.0
T5,2018-04-26,37521.0
T5,2018-04-27,27203.0
T5,2018-04-28,28638.0
T5,2018-04-29,33078.0
T5,2018-04-30,27770.0
T5,2018-05-01,41019.0
T5,2018-05-02,37421.0
T5,2018-05-03,23196.0
T5,2018-05-04,29156.0
T5,2018-05-05,31165.0
T5,2018-05-06,30940.0
T5,2018-05-07,30090.0
T5,2018-05-08,41545.0
T5,2018-05-09,25137.0
T5,2018-05-10,23927.0
T5,2018-05-11,29923.0
T5,2018-05-12,28332.0
T5,2018-05-13,29128.0
T5,2018-05-14,31149.0
T5,2018-05-15,42705.0
T5,2018-05-16,37736.0
T5,2018-05-17,25377.0
T5,2018-05-18,32482.0
T5,2018-05-19,34450.0
T5,2018-05-20,39151.0
T5,2018-05-21,42287.0
T5,2018-05-22,36137.0
T5,2018-05-23,38613.0
T5,2018-05-24,30134.0
T5,2018-05-25,37784.0
T5,2018-05-26,33605.0
T5,2018-05-27,33156.0
T5,2018-05-28,37954.0
T5,2018-05-29,49090.0
T5,2018-05-30,48553.0
T5,2018-05-31,32959.0
T5,2018-06-01,29482.0
T5,2018-06-02,22212.0
T5,2018-06-03,28691.0
T5,2018-06-04,33255.0
T5,2018-06-05,43158.0
T5,2018-06-06,41238.0
T5,2018-06-07,31333.0
T5,2018-06-08,26358.0
T5,2018-06-09,21609.0
T5,2018-06-10,29079.0
T5,2018-06-11,29083.0
T5,2018-06-12,40204.0
T5,2018-06-13,27262.0
T5,2018-06-14,21216.0
T5,2018-06-15,20780.0
T5,2018-06-16,19774.0
T5,2018-06-17,11089.0
T5,2018-06-18,22021.0
T5,2018-06-19,13040.0
T5,2018-06-20,14083.0
T5,2018-06-21,16705.0
T5,2018-06-22,20630.0
T5,2018-06-23,17716.0
T5,2018-06-24,14178.0
T5,2018-06-25,19567.0
T5,2018-06-26,20728.0
T5,2018-06-27,27776.0
T5,2018-06-28,13146.0
T5,2018-06-29,16877.0
T5,2018-06-30,11535.0
T5,2018-07-01,10711.0
T5,2018-07-02,20308.0
T5,2018-07-03,19030.0
T5,2018-07-04,15667.0
T5,2018-07-05,11788.0
T5,2018-07-06,23898.0
T5,2018-07-07,15249.0
T5,2018-07-08,9254.0
T5,2018-07-09,14292.0
T5,2018-07-10,12889.0
T5,2018-07-11,14238.0
T5,2018-07-12,16534.0
T5,2018-07-13,19044.0
T5,2018-07-14,19353.0
T5,2018-07-15,13167.0
T5,2018-07-16,15151.0
T5,2018-07-17,13120.0
T5,2018-07-18,17968.0
T5,2018-07-19,17786.0
T5,2018-07-20,18163.0
T5,2018-07-21,17234.0
T5,2018-07-22,8897.0
T5,2018-07-23,35839.0
T5,2018-07-24,37107.0
T5,2018-07-25,36320.0
T5,2018-07-26,28021.0
T5,2018-07-27,43502.0
T5,2018-07-28,40400.0
T5,2018-07-29,30127.0
T5,2018-07-30,32219.0
T5,2018-07-31,32383.0
T5,2018-08-01,36934.0
T5,2018-08-02,37430.0
T5,2018-08-03,35133.0
T5,2018-08-04,41932.0
T5,2018-08-05,43004.0
T5,2018-08-06,36541.0
T5,2018-08-07,28995.0
T5,2018-08-08,31341.0
T5,2018-08-09,30764.0
T5,2018-08-10,37699.0
T5,2018-08-11,38008.0
T5,2018-08-12,33323.0
T5,2018-08-13,48270.0
T5,2018-08-14,28545.0
T5,2018-08-15,47790.0
T5,2018-08-16,46958.0
T5,2018-08-17,36845.0
T5,2018-08-18,42730.0
T5,2018-08-19,36582.0
T5,2018-08-20,41049.0
T5,2018-08-21,42764.0
T5,2018-08-22,47319.0
T5,2018-08-23,44035.0
T5,2018-08-24,49903.0
T5,2018-08-25,43537.0
T5,2018-08-26,36034.0
T5,2018-08-27,15391.0
T5,2018-08-28,12573.0
T5,2018-08-29,13821.0
T5,2018-08-30,13360.0
T5,2018-08-31,18335.0
T5,2018-09-01,19745.0
T5,2018-09-02,14233.0
T5,2018-09-03,13193.0
T5,2018-09-04,13536.0
T5,2018-09-05,15022.0
T5,2018-09-06,11619.0
T5,2018-09-07,14222.0
T5,2018-09-08,18687.0
T5,2018-09-09,15759.0
T5,2018-09-10,10033.0
T5,2018-09-11,9414.0
T5,2018-09-12,7690.0
T5,2018-09-13,10863.0
T5,2018-09-14,17270.0
T5,2018-09-15,18260.0
T5,2018-09-16,10551.0
T5,2018-09-17,10574.0
T5,2018-09-18,12299.0
T5,2018-09-19,9271.0
T5,2018-09-20,13493.0
T5,2018-09-21,18223.0
T5,2018-09-22,18009.0
T5,2018-09-23,17892.0
T5,2018-09-24,11096.0
T5,2018-09-25,8681.0
T5,2018-09-26,12251.0
T5,2018-09-27,13947.0
T5,2018-09-28,17442.0
T5,2018-09-29,17784.0
T5,2018-09-30,12047.0
T5,2018-10-01,9842.0
T5,2018-10-02,9912.0
T5,2018-10-03,11074.0
T5,2018-10-04,10718.0
T5,2018-10-05,15511.0
T5,2018-10-06,17751.0
T5,2018-10-07,15352.0
T5,2018-10-08,10206.0
T5,2018-10-09,10660.0
T5,2018-10-10,13007.0
T5,2018-10-11,13069.0
T5,2018-10-12,16324.0
T5,2018-10-13,16470.0
T5,2018-10-14,10793.0
T5,2018-10-15,11025.0
T5,2018-10-16,11604.0
T5,2018-10-17,10724.0
T5,2018-10-18,13083.0
T5,2018-10-19,28445.0
T5,2018-10-20,48371.0
T5,2018-10-21,46982.0
T5,2018-10-22,47479.0
T5,2018-10-23,12285.0
T5,2018-10-24,12529.0
T5,2018-10-25,13398.0
T5,2018-10-26,18772.0
T5,2018-10-27,21928.0
T5,2018-10-28,16826.0
T5,2018-10-29,12724.0
T5,2018-10-30,11421.0
T5,2018-10-31,11444.0
T5,2018-11-01,14648.0
T5,2018-11-02,23937.0
T5,2018-11-03,24635.0
T5,2018-11-04,37129.0
T5,2018-11-05,30084.0
T5,2018-11-06,32696.0
T5,2018-11-07,40181.0
T5,2018-11-08,46276.0
T5,2018-11-09,46642.0
T5,2018-11-10,33332.0
T5,2018-11-11,28990.0
T5,2018-11-12,32702.0
T5,2018-11-13,39387.0
T5,2018-11-14,37392.0
T5,2018-11-15,41119.0
T5,2018-11-16,51415.0
T5,2018-11-17,60433.0
T5,2018-11-18,51903.0
T5,2018-11-19,55552.0
T5,2018-11-20,50569.0
T5,2018-11-21,54171.0
T5,2018-11-22,54503.0
T5,2018-11-23,62064.0
T5,2018-11-24,58597.0
T5,2018-11-25,46807.0
T5,2018-11-26,52184.0
T5,2018-11-27,56598.0
T5,2018-11-28,53613.0
T5,2018-11-29,55101.0
T5,2018-11-30,51164.0
T5,2018-12-01,54272.0
T5,2018-12-02,45447.0
T5,2018-12-03,33338.0
T5,2018-12-04,43964.0
T5,2018-12-05,37933.0
T5,2018-12-06,52649.0
T5,2018-12-07,31980.0
T5,2018-12-08,33977.0
T5,2018-12-09,22278.0
T5,2018-12-10,27944.0
T5,2018-12-11,32077.0
T5,2018-12-12,30435.0
T5,2018-12-13,30558.0
T5,2018-12-14,38890.0
T5,2018-12-15,33411.0
T5,2018-12-16,26049.0
T5,2018-12-17,28793.0
T5,2018-12-18,31522.0
T5,2018-12-19,29660.0
T5,2018-12-20,29225.0
T5,2018-12-21,29285.0
T5,2018-12-22,34501.0
T5,2018-12-23,27441.0
T5,2018-12-24,28549.0
T5,2018-12-25,30471.0
T5,2018-12-26,31103.0
T5,2018-12-27,31497.0
T5,2018-12-28,37634.0
T5,2018-12-29,39504.0
T5,2018-12-30,29828.0
T5,2018-12-31,28247.0
T5,2019-01-01,33233.0
T5,2019-01-02,33932.0
T5,2019-01-03,35814.0
T5,2019-01-04,36025.0
T5,2019-01-05,35523.0
T5,2019-01-06,24247.0
T5,2019-01-07,24895.0
T5,2019-01-08,27127.0
T5,2019-01-09,25206.0
T5,2019-01-10,26145.0
T5,2019-01-11,30693.0
T5,2019-01-12,33072.0
T5,2019-01-13,21367.0
T5,2019-01-14,19976.0
T5,2019-01-15,25322.0
T5,2019-01-16,27930.0
T5,2019-01-17,26260.0
T5,2019-01-18,36968.0
T5,2019-01-19,35893.0
T5,2019-01-20,30903.0
T5,2019-01-21,24418.0
T5,2019-01-22,28300.0
T5,2019-01-23,23670.0
T5,2019-01-24,27236.0
T5,2019-01-25,38186.0
T5,2019-01-26,52915.0
T5,2019-01-27,34976.0
T5,2019-01-28,26663.0
T5,2019-01-29,22315.0
T5,2019-01-30,26564.0
T5,2019-01-31,26647.0
T5,2019-02-01,33138.0
T5,2019-02-02,31549.0
T5,2019-02-03,21606.0
T5,2019-02-04,30129.0
T5,2019-02-05,28844.0
T5,2019-02-06,28923.0
T5,2019-02-07,29751.0
T5,2019-02-08,37192.0
T5,2019-02-09,23512.0
T5,2019-02-10,24207.0
T5,2019-02-11,29148.0
T5,2019-02-12,29049.0
T5,2019-02-13,34035.0
T5,2019-02-14,33981.0
T5,2019-02-15,43388.0
T5,2019-02-16,50350.0
T5,2019-02-17,29384.0
T5,2019-02-18,43418.0
T5,2019-02-19,41309.0
T5,2019-02-20,40845.0
T5,2019-02-21,38293.0
T5,2019-02-22,41450.0
T5,2019-02-23,35995.0
T5,2019-02-24,25937.0
T5,2019-02-25,24885.0
T5,2019-02-26,26668.0
T5,2019-02-27,25666.0
T5,2019-02-28,28754.0
T5,2019-03-01,37930.0
T5,2019-03-02,36768.0
T5,2019-03-03,25367.0
T5,2019-03-04,29162.0
T5,2019-03-05,23270.0
T5,2019-03-06,27895.0
T5,2019-03-07,28169.0
T5,2019-03-08,31047.0
T5,2019-03-09,37318.0
T5,2019-03-10,34125.0
T5,2019-03-11,24760.0
T5,2019-03-12,27184.0
T5,2019-03-13,26857.0
T5,2019-03-14,27115.0
T5,2019-03-15,35771.0
T5,2019-03-16,32577.0
T5,2019-03-17,29083.0
T5,2019-03-18,27326.0
T5,2019-03-19,25006.0
T5,2019-03-20,30025.0
T5,2019-03-21,30432.0
T5,2019-03-22,28732.0
T5,2019-03-23,30271.0
T5,2019-03-24,21699.0
T5,2019-03-25,26116.0
T5,2019-03-26,28217.0
T5,2019-03-27,27706.0
T5,2019-03-28,29446.0
T5,2019-03-29,31843.0
T5,2019-03-30,40531.0
T5,2019-03-31,21638.0
T5,2019-04-01,26367.0
T5,2019-04-02,24670.0
T5,2019-04-03,27711.0
T5,2019-04-04,34953.0
T5,2019-04-05,50206.0
T5,2019-04-06,49490.0
T5,2019-04-07,30122.0
T5,2019-04-08,27609.0
T5,2019-04-09,28039.0
T5,2019-04-10,21818.0
T5,2019-04-11,27811.0
T5,2019-04-12,44088.0
T5,2019-04-13,48258.0
T5,2019-04-14,30108.0
T5,2019-04-15,27437.0
T5,2019-04-16,29968.0
T5,2019-04-17,28854.0
T5,2019-04-18,29262.0
T5,2019-04-19,38020.0
T5,2019-04-20,30956.0
T5,2019-04-21,19470.0
T5,2019-04-22,23578.0
T5,2019-04-23,27198.0
T5,2019-04-24,32118.0
T5,2019-04-25,27909.0
T5,2019-04-26,36466.0
T5,2019-04-27,29903.0
T5,2019-04-28,20435.0
T5,2019-04-29,29813.0
T5,2019-04-30,28158.0
T5,2019-05-01,29882.0
T5,2019-05-02,34437.0
T5,2019-05-03,45947.0
T5,2019-05-04,31359.0
T5,2019-05-05,28117.0
T5,2019-05-06,28020.0
T5,2019-05-07,31494.0
T5,2019-05-08,35274.0
T5,2019-05-09,46635.0
T5,2019-05-10,31502.0
T5,2019-05-11,34996.0
T5,2019-05-12,28264.0
T5,2019-05-13,28588.0
T5,2019-05-14,33315.0
T5,2019-05-15,36504.0
T5,2019-05-16,39482.0
T5,2019-05-17,38360.0
T5,2019-05-18,41771.0
T5,2019-05-19,32142.0
T5,2019-05-20,34761.0
T5,2019-05-21,28529.0
T5,2019-05-22,30147.0
T5,2019-05-23,32246.0
T5,2019-05-24,41860.0
T5,2019-05-25,42073.0
T5,2019-05-26,38665.0
T5,2019-05-27,29329.0
T5,2019-05-28,29945.0
T5,2019-05-29,26409.0
T5,2019-05-30,27855.0
T5,2019-05-31,37242.0
T5,2019-06-01,33116.0
T5,2019-06-02,24950.0
T5,2019-06-03,31638.0
T5,2019-06-04,33366.0
T5,2019-06-05,36249.0
T5,2019-06-06,34647.0
T5,2019-06-07,36864.0
T5,2019-06-08,29333.0
T5,2019-06-09,24620.0
T5,2019-06-10,29473.0
T5,2019-06-11,32128.0
T5,2019-06-12,31705.0
T5,2019-06-13,29828.0
T5,2019-06-14,35387.0
T5,2019-06-15,24210.0
T5,2019-06-16,21211.0
T5,2019-06-17,28178.0
T5,2019-06-18,24676.0
T5,2019-06-19,28255.0
T5,2019-06-20,21900.0
T5,2019-06-21,22333.0
T5,2019-06-22,21244.0
T5,2019-06-23,20857.0
T5,2019-06-24,24826.0
T5,2019-06-25,16024.0
T5,2019-06-26,14293.0
T5,2019-06-27,18096.0
T5,2019-06-28,15817.0
T5,2019-06-29,19367.0
T5,2019-06-30,15752.0
T5,2019-07-01,16745.0
T5,2019-07-02,15285.0
T5,2019-07-03,22667.0
T5,2019-07-04,18636.0
T5,2019-07-05,27390.0
T5,2019-07-06,29803.0
T5,2019-07-07,24812.0
T5,2019-07-08,20510.0
T5,2019-07-09,18468.0
T5,2019-07-10,24139.0
T5,2019-07-11,28268.0
T5,2019-07-12,28041.0
T5,2019-07-13,27580.0
T5,2019-07-14,14718.0
T5,2019-07-15,20368.0
T5,2019-07-16,22778.0
T5,2019-07-17,25997.0
T5,2019-07-18,29550.0
T5,2019-07-19,29581.0
T5,2019-07-20,38280.0
T5,2019-07-21,32719.0
T5,2019-07-22,29646.0
T5,2019-07-23,33159.0
T5,2019-07-24,35733.0
T5,2019-07-25,39661.0
T5,2019-07-26,45278.0
T5,2019-07-27,44413.0
T5,2019-07-28,39643.0
T5,2019-07-29,38192.0
T5,2019-07-30,36294.0
T5,2019-07-31,34424.0
T5,2019-08-01,39578.0
T5,2019-08-02,31948.0
T5,2019-08-03,39164.0
T5,2019-08-04,39863.0
T5,2019-08-05,39183.0
T5,2019-08-06,38666.0
T5,2019-08-07,31149.0
T5,2019-08-08,33600.0
T5,2019-08-09,42206.0
T5,2019-08-10,39091.0
T5,2019-08-11,35619.0
T5,2019-08-12,22808.0
T5,2019-08-13,50483.0
T5,2019-08-14,29423.0
T5,2019-08-15,48649.0
T5,2019-08-16,44323.0
T5,2019-08-17,41568.0
T5,2019-08-18,28965.0
T5,2019-08-19,32502.0
T5,2019-08-20,37971.0
T5,2019-08-21,45330.0
T5,2019-08-22,41839.0
T5,2019-08-23,36630.0
T5,2019-08-24,43525.0
T5,2019-08-25,35966.0
T5,2019-08-26,38081.0
T5,2019-08-27,35629.0
T5,2019-08-28,33693.0
T5,2019-08-29,44060.0
T5,2019-08-30,54455.0
T5,2019-08-31,46275.0
T5,2019-09-01,37599.0
T5,2019-09-02,35153.0
T5,2019-09-03,48421.0
T5,2019-09-04,44990.0
T5,2019-09-05,43998.0
T5,2019-09-06,57626.0
T5,2019-09-07,50610.0
T5,2019-09-08,43582.0
T5,2019-09-09,27819.0
T5,2019-09-10,33694.0
T5,2019-09-11,34200.0
T5,2019-09-12,33860.0
T5,2019-09-13,32139.0
T5,2019-09-14,23229.0
T5,2019-09-15,30384.0
T5,2019-09-16,26243.0
T5,2019-09-17,28101.0
T5,2019-09-18,31978.0
T5,2019-09-19,30150.0
T5,2019-09-20,36128.0
T5,2019-09-21,38084.0
T5,2019-09-22,25809.0
T5,2019-09-23,30824.0
T5,2019-09-24,27732.0
T5,2019-09-25,31324.0
T5,2019-09-26,31553.0
T5,2019-09-27,34565.0
T5,2019-09-28,29939.0
T5,2019-09-29,29459.0
T5,2019-09-30,32122.0
T5,2019-10-01,24229.0
T5,2019-10-02,29613.0
T5,2019-10-03,39025.0
T5,2019-10-04,39124.0
T5,2019-10-05,42852.0
T5,2019-10-06,32759.0
T5,2019-10-07,26819.0
T5,2019-10-08,27446.0
T5,2019-10-09,37987.0
T5,2019-10-10,34250.0
T5,2019-10-11,41208.0
T5,2019-10-12,49905.0
T5,2019-10-13,33551.0
T5,2019-10-14,27287.0
T5,2019-10-15,28556.0
T5,2019-10-16,29547.0
T5,2019-10-17,25685.0
T5,2019-10-18,36264.0
T5,2019-10-19,38615.0
T5,2019-10-20,38701.0
T5,2019-10-21,35186.0
T5,2019-10-22,28190.0
T5,2019-10-23,29489.0
T5,2019-10-24,31268.0
T5,2019-10-25,31902.0
T5,2019-10-26,29124.0
T5,2019-10-27,17986.0
T5,2019-10-28,19625.0
T5,2019-10-29,16511.0
T5,2019-10-30,13966.0
T5,2019-10-31,12795.0
T5,2019-11-01,12937.0
T5,2019-11-02,9187.0
T5,2019-11-03,6083.0
T5,2019-11-04,7272.0
T5,2019-11-05,5517.0
T5,2019-11-06,4611.0
T5,2019-11-07,4758.0
T5,2019-11-08,4912.0
T5,2019-11-09,3767.0
T5,2019-11-10,2699.0
T5,2019-11-11,3641.0
T5,2019-11-12,3635.0
T5,2019-11-13,3566.0
T5,2019-11-14,2600.0
T5,2019-11-15,3473.0
T5,2019-11-16,2084.0
T5,2019-11-17,2000.0
T5,2019-11-18,3466.0
T5,2019-11-19,3241.0
T5,2019-11-20,3428.0
T5,2019-11-21,3814.0
T5,2019-11-22,2975.0
T5,2019-11-23,2113.0
T5,2019-11-24,2498.0
T5,2019-11-25,3258.0
T5,2019-11-26,3544.0
T5,2019-11-27,3415.0
T5,2019-11-28,3400.0
T5,2019-11-29,3636.0
T5,2019-11-30,3125.0
T5,2019-12-01,3259.0
T5,2019-12-02,3355.0
T5,2019-12-03,3656.0
T5,2019-12-04,3627.0
T5,2019-12-05,3990.0
T5,2019-12-06,4277.0
T5,2019-12-07,4064.0
T5,2019-12-08,3016.0
T5,2019-12-09,4165.0
T5,2019-12-10,3809.0
T5,2019-12-11,2347.0
T5,2019-12-12,3378.0
T6,2009-05-01,29015.0
T6,2009-05-02,19645.0
T6,2009-05-03,17143.0
T6,2009-05-04,25887.0
T6,2009-05-05,26109.0
T6,2009-05-06,26510.0
T6,2009-05-07,26131.0
T6,2009-05-08,28733.0
T6,2009-05-09,18120.0
T6,2009-05-10,15961.0
T6,2009-05-11,24203.0
T6,2009-05-12,24912.0
T6,2009-05-13,25247.0
T6,2009-05-14,25745.0
T6,2009-05-15,28508.0
T6,2009-05-16,17175.0
T6,2009-05-17,15406.0
T6,2009-05-18,25726.0
T6,2009-05-19,26322.0
T6,2009-05-20,26389.0
T6,2009-05-21,26757.0
T6,2009-05-22,29605.0
T6,2009-05-23,18669.0
T6,2009-05-24,15047.0
T6,2009-05-25,23344.0
T6,2009-05-26,26709.0
T6,2009-05-27,26302.0
T6,2009-05-28,26063.0
T6,2009-05-29,30003.0
T6,2009-05-30,17819.0
T6,2009-05-31,16761.0
T6,2009-06-01,24359.0
T6,2009-06-02,25087.0
T6,2009-06-03,26564.0
T6,2009-06-04,26023.0
T6,2009-06-05,29533.0
T6,2009-06-06,18629.0
T6,2009-06-07,18141.0
T6,2009-06-08,13019.0
T6,2009-06-09,20944.0
T6,2009-06-10,22059.0
T6,2009-06-11,23866.0
T6,2009-06-12,27438.0
T6,2009-06-13,15161.0
T6,2009-06-14,13051.0
T6,2009-06-15,23612.0
T6,2009-06-16,23797.0
T6,2009-06-17,25503.0
T6,2009-06-18,26042.0
T6,2009-06-19,27205.0
T6,2009-06-20,16170.0
T6,2009-06-21,13662.0
T6,2009-06-22,24827.0
T6,2009-06-23,24035.0
T6,2009-06-24,25690.0
T6,2009-06-25,25774.0
T6,2009-06-26,29009.0
T6,2009-06-27,18673.0
T6,2009-06-28,16260.0
T6,2009-06-29,25498.0
T6,2009-06-30,24654.0
T6,2009-07-01,25152.0
T6,2009-07-02,24810.0
T6,2009-07-03,27531.0
T6,2009-07-04,18294.0
T6,2009-07-05,15698.0
T6,2009-07-06,25878.0
T6,2009-07-07,28397.0
T6,2009-07-08,28747.0
T6,2009-07-09,29535.0
T6,2009-07-10,29640.0
T6,2009-07-11,16197.0
T6,2009-07-12,15449.0
T6,2009-07-13,24009.0
T6,2009-07-14,25141.0
T6,2009-07-15,26707.0
T6,2009-07-16,26924.0
T6,2009-07-17,29554.0
T6,2009-07-18,18447.0
T6,2009-07-19,16407.0
T6,2009-07-20,25837.0
T6,2009-07-21,25646.0
T6,2009-07-22,24778.0
T6,2009-07-23,26610.0
T6,2009-07-24,30485.0
T6,2009-07-25,20483.0
T6,2009-07-26,17309.0
T6,2009-07-27,25626.0
T6,2009-07-28,25798.0
T6,2009-07-29,26617.0
T6,2009-07-30,25658.0
T6,2009-07-31,29732.0
T6,2009-08-01,18370.0
T6,2009-08-02,15569.0
T6,2009-08-03,26458.0
T6,2009-08-04,25074.0
T6,2009-08-05,27281.0
T6,2009-08-06,26537.0
T6,2009-08-07,28883.0
T6,2009-08-08,19525.0
T6,2009-08-09,15621.0
T6,2009-08-10,24355.0
T6,2009-08-11,24632.0
T6,2009-08-12,26294.0
T6,2009-08-13,27159.0
T6,2009-08-14,30972.0
T6,2009-08-15,19874.0
T6,2009-08-16,13070.0
T6,2009-08-17,25567.0
T6,2009-08-18,25947.0
T6,2009-08-19,26891.0
T6,2009-08-20,25758.0
T6,2009-08-21,27771.0
T6,2009-08-22,19525.0
T6,2009-08-23,16130.0
T6,2009-08-24,24245.0
T6,2009-08-25,23404.0
T6,2009-08-26,24962.0
T6,2009-08-27,26878.0
T6,2009-08-28,29027.0
T6,2009-08-29,16366.0
T6,2009-08-30,15438.0
T6,2009-08-31,23956.0
T6,2009-09-01,25373.0
T6,2009-09-02,26668.0
T6,2009-09-03,26185.0
T6,2009-09-04,27431.0
T6,2009-09-05,18010.0
T6,2009-09-06,13834.0
T6,2009-09-07,22270.0
T6,2009-09-08,23210.0
T6,2009-09-09,23778.0
T6,2009-09-10,25102.0
T6,2009-09-11,27827.0
T6,2009-09-12,18716.0
T6,2009-09-13,14660.0
T6,2009-09-14,24623.0
T6,2009-09-15,26234.0
T6,2009-09-16,26853.0
T6,2009-09-17,22194.0
T6,2009-09-18,29118.0
T6,2009-09-19,17077.0
T6,2009-09-20,15764.0
T6,2009-09-21,26164.0
T6,2009-09-22,25948.0
T6,2009-09-23,27171.0
T6,2009-09-24,26021.0
T6,2009-09-25,28907.0
T6,2009-09-26,15524.0
T6,2009-09-27,13435.0
T6,2009-09-28,25160.0
T6,2009-09-29,28961.0
T6,2009-09-30,28618.0
T6,2009-10-01,27913.0
T6,2009-10-02,29307.0
T6,2009-10-03,19394.0
T6,2009-10-04,16537.0
T6,2009-10-05,25223.0
T6,2009-10-06,24599.0
T6,2009-10-07,26276.0
T6,2009-10-08,26753.0
T6,2009-10-09,29903.0
T6,2009-10-10,19180.0
T6,2009-10-11,15534.0
T6,2009-10-12,24829.0
T6,2009-10-13,24676.0
T6,2009-10-14,24215.0
T6,2009-10-15,25196.0
T6,2009-10-16,29254.0
T6,2009-10-17,18871.0
T6,2009-10-18,16231.0
T6,2009-10-19,26114.0
T6,2009-10-20,26558.0
T6,2009-10-21,26151.0
T6,2009-10-22,28148.0
T6,2009-10-23,29705.0
T6,2009-10-24,18889.0
T6,2009-10-25,14809.0
T6,2009-10-26,25908.0
T6,2009-10-27,27076.0
T6,2009-10-28,26736.0
T6,2009-10-29,27308.0
T6,2009-10-30,27028.0
T6,2009-10-31,20668.0
T6,2009-11-01,15901.0
T6,2009-11-02,27505.0
T6,2009-11-03,17584.0
T6,2009-11-04,26793.0
T6,2009-11-05,29797.0
T6,2009-11-06,29824.0
T6,2009-11-07,18859.0
T6,2009-11-08,14767.0
T6,2009-11-09,25407.0
T6,2009-11-10,26122.0
T6,2009-11-11,27337.0
T6,2009-11-12,28061.0
T6,2009-11-13,31765.0
T6,2009-11-14,19877.0
T6,2009-11-15,16857.0
T6,2009-11-16,26836.0
T6,2009-11-17,26993.0
T6,2009-11-18,27317.0
T6,2009-11-19,27213.0
T6,2009-11-20,29687.0
T6,2009-11-21,18448.0
T6,2009-11-22,12515.0
T6,2009-11-23,26539.0
T6,2009-11-24,28788.0
T6,2009-11-25,29090.0
T6,2009-11-26,26995.0
T6,2009-11-27,31946.0
T6,2009-11-28,19600.0
T6,2009-11-29,17182.0
T6,2009-11-30,26270.0
T6,2009-12-01,28404.0
T6,2009-12-02,29628.0
T6,2009-12-03,27109.0
T6,2009-12-04,32711.0
T6,2009-12-05,20622.0
T6,2009-12-06,19596.0
T6,2009-12-07,27025.0
T6,2009-12-08,24520.0
T6,2009-12-09,29056.0
T6,2009-12-10,27802.0
T6,2009-12-11,32121.0
T6,2009-12-12,21734.0
T6,2009-12-13,18371.0
T6,2009-12-14,28552.0
T6,2009-12-15,29704.0
T6,2009-12-16,27486.0
T6,2009-12-17,27085.0
T6,2009-12-18,35279.0
T6,2009-12-19,20593.0
T6,2009-12-20,19664.0
T6,2009-12-21,29023.0
T6,2009-12-22,29306.0
T6,2009-12-23,27620.0
T6,2009-12-24,21314.0
T6,2009-12-25,14219.0
T6,2009-12-26,19869.0
T6,2009-12-27,18989.0
T6,2009-12-28,19218.0
T6,2009-12-29,23302.0
T6,2009-12-30,20822.0
T6,2009-12-31,27026.0
T6,2010-01-01,21317.0
T6,2010-01-02,16374.0
T6,2010-01-03,15570.0
T6,2010-01-04,23313.0
T6,2010-01-05,23267.0
T6,2010-01-06,24576.0
T6,2010-01-07,25013.0
T6,2010-01-08,23748.0
T6,2010-01-09,14911.0
T6,2010-01-10,14071.0
T6,2010-01-11,19816.0
T6,2010-01-12,21921.0
T6,2010-01-13,26089.0
T6,2010-01-14,27032.0
T6,2010-01-15,27940.0
T6,2010-01-16,17327.0
T6,2010-01-17,15517.0
T6,2010-01-18,23488.0
T6,2010-01-19,27079.0
T6,2010-01-20,28596.0
T6,2010-01-21,28001.0
T6,2010-01-22,28456.0
T6,2010-01-23,18560.0
T6,2010-01-24,18731.0
T6,2010-01-25,25970.0
T6,2010-01-26,18623.0
T6,2010-01-27,27294.0
T6,2010-01-28,26801.0
T6,2010-01-29,29199.0
T6,2010-01-30,17633.0
T6,2010-01-31,12924.0
T6,2010-02-01,24999.0
T6,2010-02-02,24899.0
T6,2010-02-03,24955.0
T6,2010-02-04,23103.0
T6,2010-02-05,27111.0
T6,2010-02-06,17252.0
T6,2010-02-07,14900.0
T6,2010-02-08,25263.0
T6,2010-02-09,25079.0
T6,2010-02-10,25228.0
T6,2010-02-11,25584.0
T6,2010-02-12,29961.0
T6,2010-02-13,20611.0
T6,2010-02-14,26536.0
T6,2010-02-15,26764.0
T6,2010-02-16,27488.0
T6,2010-02-17,27402.0
T6,2010-02-18,26965.0
T6,2010-02-19,28861.0
T6,2010-02-20,16995.0
T6,2010-02-21,15514.0
T6,2010-02-22,25483.0
T6,2010-02-23,27162.0
T6,2010-02-24,28477.0
T6,2010-02-25,28034.0
T6,2010-02-26,29496.0
T6,2010-02-27,18206.0
T6,2010-02-28,14513.0
T6,2010-03-01,25416.0
T6,2010-03-02,26975.0
T6,2010-03-03,27939.0
T6,2010-03-04,27497.0
T6,2010-03-05,28484.0
T6,2010-03-06,22034.0
T6,2010-03-07,16536.0
T6,2010-03-08,15811.0
T6,2010-03-09,25283.0
T6,2010-03-10,25671.0
T6,2010-03-11,27158.0
T6,2010-03-12,30672.0
T6,2010-03-13,20677.0
T6,2010-03-14,20293.0
T6,2010-03-15,26052.0
T6,2010-03-16,27093.0
T6,2010-03-17,28929.0
T6,2010-03-18,28234.0
T6,2010-03-19,29849.0
T6,2010-03-20,21596.0
T6,2010-03-21,18409.0
T6,2010-03-22,26708.0
T6,2010-03-23,26603.0
T6,2010-03-24,27987.0
T6,2010-03-25,29315.0
T6,2010-03-26,29791.0
T6,2010-03-27,19740.0
T6,2010-03-28,16383.0
T6,2010-03-29,26624.0
T6,2010-03-30,26895.0
T6,2010-03-31,27714.0
T6,2010-04-01,28286.0
T6,2010-04-02,14523.0
T6,2010-04-03,19902.0
T6,2010-04-04,16970.0
T6,2010-04-05,15926.0
T6,2010-04-06,25813.0
T6,2010-04-07,27696.0
T6,2010-04-08,28538.0
T6,2010-04-09,31285.0
T6,2010-04-10,19592.0
T6,2010-04-11,14867.0
T6,2010-04-12,24914.0
T6,2010-04-13,26080.0
T6,2010-04-14,27085.0
T6,2010-04-15,27278.0
T6,2010-04-16,30800.0
T6,2010-04-17,19591.0
T6,2010-04-18,16810.0
T6,2010-04-19,25020.0
T6,2010-04-20,25969.0
T6,2010-04-21,26821.0
T6,2010-04-22,26861.0
T6,2010-04-23,27406.0
T6,2010-04-24,18860.0
T6,2010-04-25,22121.0
T6,2010-04-26,14860.0
T6,2010-04-27,24154.0
T6,2010-04-28,25751.0
T6,2010-04-29,26371.0
T6,2010-04-30,29423.0
T6,2010-05-01,22709.0
T6,2010-05-02,16236.0
T6,2010-05-03,25737.0
T6,2010-05-04,24509.0
T6,2010-05-05,25605.0
T6,2010-05-06,25722.0
T6,2010-05-07,28187.0
T6,2010-05-08,18895.0
T6,2010-05-09,16800.0
T6,2010-05-10,24617.0
T6,2010-05-11,23925.0
T6,2010-05-12,24817.0
T6,2010-05-13,24731.0
T6,2010-05-14,28132.0
T6,2010-05-15,18135.0
T6,2010-05-16,16230.0
T6,2010-05-17,24552.0
T6,2010-05-18,25323.0
T6,2010-05-19,26064.0
T6,2010-05-20,25988.0
T6,2010-05-21,30638.0
T6,2010-05-22,20706.0
T6,2010-05-23,16153.0
T6,2010-05-24,22931.0
T6,2010-05-25,23509.0
T6,2010-05-26,26409.0
T6,2010-05-27,26332.0
T6,2010-05-28,28620.0
T6,2010-05-29,17205.0
T6,2010-05-30,14668.0
T6,2010-05-31,24231.0
T6,2010-06-01,24865.0
T6,2010-06-02,25207.0
T6,2010-06-03,25190.0
T6,2010-06-04,29174.0
T6,2010-06-05,17741.0
T6,2010-06-06,16190.0
T6,2010-06-07,23901.0
T6,2010-06-08,24101.0
T6,2010-06-09,22905.0
T6,2010-06-10,24673.0
T6,2010-06-11,26804.0
T6,2010-06-12,18180.0
T6,2010-06-13,18008.0
T6,2010-06-14,15186.0
T6,2010-06-15,23488.0
T6,2010-06-16,22909.0
T6,2010-06-17,23864.0
T6,2010-06-18,27673.0
T6,2010-06-19,17899.0
T6,2010-06-20,13274.0
T6,2010-06-21,23955.0
T6,2010-06-22,24782.0
T6,2010-06-23,24593.0
T6,2010-06-24,25048.0
T6,2010-06-25,25052.0
T6,2010-06-26,16581.0
T6,2010-06-27,15688.0
T6,2010-06-28,24933.0
T6,2010-06-29,23463.0
T6,2010-06-30,25638.0
T6,2010-07-01,26550.0
T6,2010-07-02,28410.0
T6,2010-07-03,19454.0
T6,2010-07-04,16694.0
T6,2010-07-05,26980.0
T6,2010-07-06,28237.0
T6,2010-07-07,27082.0
T6,2010-07-08,27237.0
T6,2010-07-09,31427.0
T6,2010-07-10,18182.0
T6,2010-07-11,17352.0
T6,2010-07-12,25872.0
T6,2010-07-13,24975.0
T6,2010-07-14,24090.0
T6,2010-07-15,26980.0
T6,2010-07-16,29446.0
T6,2010-07-17,18818.0
T6,2010-07-18,13493.0
T6,2010-07-19,24982.0
T6,2010-07-20,24189.0
T6,2010-07-21,25939.0
T6,2010-07-22,24500.0
T6,2010-07-23,29646.0
T6,2010-07-24,20229.0
T6,2010-07-25,16913.0
T6,2010-07-26,25808.0
T6,2010-07-27,24199.0
T6,2010-07-28,24820.0
T6,2010-07-29,26286.0
T6,2010-07-30,34301.0
T6,2010-07-31,22025.0
T6,2010-08-01,15269.0
T6,2010-08-02,24803.0
T6,2010-08-03,24558.0
T6,2010-08-04,23794.0
T6,2010-08-05,25156.0
T6,2010-08-06,30030.0
T6,2010-08-07,20354.0
T6,2010-08-08,17675.0
T6,2010-08-09,26833.0
T6,2010-08-10,22555.0
T6,2010-08-11,23750.0
T6,2010-08-12,25468.0
T6,2010-08-13,29238.0
T6,2010-08-14,18928.0
T6,2010-08-15,14576.0
T6,2010-08-16,23561.0
T6,2010-08-17,25166.0
T6,2010-08-18,23195.0
T6,2010-08-19,25384.0
T6,2010-08-20,29123.0
T6,2010-08-21,18856.0
T6,2010-08-22,17464.0
T6,2010-08-23,25165.0
T6,2010-08-24,24579.0
T6,2010-08-25,24946.0
T6,2010-08-26,26239.0
T6,2010-08-27,29500.0
T6,2010-08-28,20118.0
T6,2010-08-29,16571.0
T6,2010-08-30,26424.0
T6,2010-08-31,24445.0
T6,2010-09-01,23493.0
T6,2010-09-02,27395.0
T6,2010-09-03,29817.0
T6,2010-09-04,16015.0
T6,2010-09-05,13312.0
T6,2010-09-06,25103.0
T6,2010-09-07,25756.0
T6,2010-09-08,26364.0
T6,2010-09-09,27027.0
T6,2010-09-10,29143.0
T6,2010-09-11,19568.0
T6,2010-09-12,15652.0
T6,2010-09-13,25856.0
T6,2010-09-14,27341.0
T6,2010-09-15,27165.0
T6,2010-09-16,26835.0
T6,2010-09-17,30248.0
T6,2010-09-18,18945.0
T6,2010-09-19,16185.0
T6,2010-09-20,26285.0
T6,2010-09-21,26765.0
T6,2010-09-22,28822.0
T6,2010-09-23,28609.0
T6,2010-09-24,35486.0
T6,2010-09-25,18860.0
T6,2010-09-26,18883.0
T6,2010-09-27,25530.0
T6,2010-09-28,27476.0
T6,2010-09-29,29213.0
T6,2010-09-30,29047.0
T6,2010-10-01,33943.0
T6,2010-10-02,20855.0
T6,2010-10-03,20808.0
T6,2010-10-04,27502.0
T6,2010-10-05,27129.0
T6,2010-10-06,25627.0
T6,2010-10-07,28209.0
T6,2010-10-08,30786.0
T6,2010-10-09,20376.0
T6,2010-10-10,16251.0
T6,2010-10-11,27426.0
T6,2010-10-12,25709.0
T6,2010-10-13,24308.0
T6,2010-10-14,28472.0
T6,2010-10-15,22602.0
T6,2010-10-16,18065.0
T6,2010-10-17,15378.0
T6,2010-10-18,26351.0
T6,2010-10-19,27672.0
T6,2010-10-20,28803.0
T6,2010-10-21,29156.0
T6,2010-10-22,32256.0
T6,2010-10-23,18280.0
T6,2010-10-24,16302.0
T6,2010-10-25,28551.0
T6,2010-10-26,27049.0
T6,2010-10-27,28056.0
T6,2010-10-28,30073.0
T6,2010-10-29,32185.0
T6,2010-10-30,14797.0
T6,2010-10-31,14436.0
T6,2010-11-01,28901.0
T6,2010-11-02,18389.0
T6,2010-11-03,29117.0
T6,2010-11-04,30728.0
T6,2010-11-05,32030.0
T6,2010-11-06,20719.0
T6,2010-11-07,15798.0
T6,2010-11-08,28139.0
T6,2010-11-09,28914.0
T6,2010-11-10,28336.0
T6,2010-11-11,30030.0
T6,2010-11-12,30697.0
T6,2010-11-13,14068.0
T6,2010-11-14,16640.0
T6,2010-11-15,27479.0
T6,2010-11-16,28996.0
T6,2010-11-17,30728.0
T6,2010-11-18,28364.0
T6,2010-11-19,34967.0
T6,2010-11-20,21697.0
T6,2010-11-21,19222.0
T6,2010-11-22,28675.0
T6,2010-11-23,28880.0
T6,2010-11-24,28432.0
T6,2010-11-25,26910.0
T6,2010-11-26,32418.0
T6,2010-11-27,17673.0
T6,2010-11-28,16652.0
T6,2010-11-29,28490.0
T6,2010-11-30,29447.0
T6,2010-12-01,28501.0
T6,2010-12-02,29878.0
T6,2010-12-03,33548.0
T6,2010-12-04,23005.0
T6,2010-12-05,19404.0
T6,2010-12-06,28539.0
T6,2010-12-07,28355.0
T6,2010-12-08,25291.0
T6,2010-12-09,31417.0
T6,2010-12-10,34964.0
T6,2010-12-11,21999.0
T6,2010-12-12,17972.0
T6,2010-12-13,30954.0
T6,2010-12-14,32405.0
T6,2010-12-15,30834.0
T6,2010-12-16,33671.0
T6,2010-12-17,36512.0
T6,2010-12-18,21174.0
T6,2010-12-19,16278.0
T6,2010-12-20,29311.0
T6,2010-12-21,31471.0
T6,2010-12-22,35128.0
T6,2010-12-23,33719.0
T6,2010-12-24,28188.0
T6,2010-12-25,15089.0
T6,2010-12-26,20133.0
T6,2010-12-27,21276.0
T6,2010-12-28,23392.0
T6,2010-12-29,27687.0
T6,2010-12-30,26195.0
T6,2010-12-31,31444.0
T6,2011-01-01,26967.0
T6,2011-01-02,19080.0
T6,2011-01-03,16815.0
T6,2011-01-04,25824.0
T6,2011-01-05,26670.0
T6,2011-01-06,26426.0
T6,2011-01-07,26851.0
T6,2011-01-08,16490.0
T6,2011-01-09,15743.0
T6,2011-01-10,25034.0
T6,2011-01-11,25963.0
T6,2011-01-12,27388.0
T6,2011-01-13,23594.0
T6,2011-01-14,27955.0
T6,2011-01-15,21151.0
T6,2011-01-16,19266.0
T6,2011-01-17,29047.0
T6,2011-01-18,29632.0
T6,2011-01-19,30980.0
T6,2011-01-20,31899.0
T6,2011-01-21,33614.0
T6,2011-01-22,20965.0
T6,2011-01-23,18808.0
T6,2011-01-24,29426.0
T6,2011-01-25,32185.0
T6,2011-01-26,20537.0
T6,2011-01-27,30240.0
T6,2011-01-28,34066.0
T6,2011-01-29,20368.0
T6,2011-01-30,15219.0
T6,2011-01-31,27207.0
T6,2011-02-01,26742.0
T6,2011-02-02,30077.0
T6,2011-02-03,29366.0
T6,2011-02-04,28330.0
T6,2011-02-05,17720.0
T6,2011-02-06,21923.0
T6,2011-02-07,28682.0
T6,2011-02-08,28607.0
T6,2011-02-09,29774.0
T6,2011-02-10,29408.0
T6,2011-02-11,28695.0
T6,2011-02-12,20452.0
T6,2011-02-13,17190.0
T6,2011-02-14,31221.0
T6,2011-02-15,29271.0
T6,2011-02-16,29191.0
T6,2011-02-17,29992.0
T6,2011-02-18,32403.0
T6,2011-02-19,20551.0
T6,2011-02-20,16355.0
T6,2011-02-21,28030.0
T6,2011-02-22,29503.0
T6,2011-02-23,30649.0
T6,2011-02-24,30980.0
T6,2011-02-25,33396.0
T6,2011-02-26,20520.0
T6,2011-02-27,14539.0
T6,2011-02-28,27876.0
T6,2011-03-01,29575.0
T6,2011-03-02,30135.0
T6,2011-03-03,30718.0
T6,2011-03-04,33119.0
T6,2011-03-05,24263.0
T6,2011-03-06,18700.0
T6,2011-03-07,30320.0
T6,2011-03-08,29365.0
T6,2011-03-09,27982.0
T6,2011-03-10,29454.0
T6,2011-03-11,35283.0
T6,2011-03-12,25635.0
T6,2011-03-13,22146.0
T6,2011-03-14,24004.0
T6,2011-03-15,29669.0
T6,2011-03-16,30253.0
T6,2011-03-17,31637.0
T6,2011-03-18,32805.0
T6,2011-03-19,21575.0
T6,2011-03-20,18522.0
T6,2011-03-21,28401.0
T6,2011-03-22,29467.0
T6,2011-03-23,30121.0
T6,2011-03-24,29153.0
T6,2011-03-25,34028.0
T6,2011-03-26,22451.0
T6,2011-03-27,19237.0
T6,2011-03-28,30858.0
T6,2011-03-29,30759.0
T6,2011-03-30,30330.0
T6,2011-03-31,31326.0
T6,2011-04-01,34640.0
T6,2011-04-02,22040.0
T6,2011-04-03,16315.0
T6,2011-04-04,28523.0
T6,2011-04-05,30640.0
T6,2011-04-06,30835.0
T6,2011-04-07,31344.0
T6,2011-04-08,36105.0
T6,2011-04-09,19239.0
T6,2011-04-10,17443.0
T6,2011-04-11,29468.0
T6,2011-04-12,26359.0
T6,2011-04-13,29557.0
T6,2011-04-14,31035.0
T6,2011-04-15,36146.0
T6,2011-04-16,23178.0
T6,2011-04-17,22540.0
T6,2011-04-18,31123.0
T6,2011-04-19,31795.0
T6,2011-04-20,29129.0
T6,2011-04-21,34142.0
T6,2011-04-22,19055.0
T6,2011-04-23,25445.0
T6,2011-04-24,23239.0
T6,2011-04-25,26363.0
T6,2011-04-26,19889.0
T6,2011-04-27,27963.0
T6,2011-04-28,29391.0
T6,2011-04-29,31222.0
T6,2011-04-30,21367.0
T6,2011-05-01,17400.0
T6,2011-05-02,27849.0
T6,2011-05-03,29625.0
T6,2011-05-04,28715.0
T6,2011-05-05,29379.0
T6,2011-05-06,33063.0
T6,2011-05-07,20131.0
T6,2011-05-08,15974.0
T6,2011-05-09,27304.0
T6,2011-05-10,27933.0
T6,2011-05-11,25759.0
T6,2011-05-12,25992.0
T6,2011-05-13,31648.0
T6,2011-05-14,18532.0
T6,2011-05-15,16306.0
T6,2011-05-16,26752.0
T6,2011-05-17,27945.0
T6,2011-05-18,28051.0
T6,2011-05-19,29003.0
T6,2011-05-20,32891.0
T6,2011-05-21,23720.0
T6,2011-05-22,17424.0
T6,2011-05-23,26159.0
T6,2011-05-24,27424.0
T6,2011-05-25,28725.0
T6,2011-05-26,28636.0
T6,2011-05-27,33027.0
T6,2011-05-28,20391.0
T6,2011-05-29,17329.0
T6,2011-05-30,27281.0
T6,2011-05-31,27642.0
T6,2011-06-01,28113.0
T6,2011-06-02,29193.0
T6,2011-06-03,32943.0
T6,2011-06-04,23081.0
T6,2011-06-05,18140.0
T6,2011-06-06,27387.0
T6,2011-06-07,25344.0
T6,2011-06-08,25274.0
T6,2011-06-09,27639.0
T6,2011-06-10,32540.0
T6,2011-06-11,23700.0
T6,2011-06-12,21700.0
T6,2011-06-13,17129.0
T6,2011-06-14,26851.0
T6,2011-06-15,28252.0
T6,2011-06-16,28373.0
T6,2011-06-17,31052.0
T6,2011-06-18,21050.0
T6,2011-06-19,17018.0
T6,2011-06-20,26745.0
T6,2011-06-21,25824.0
T6,2011-06-22,26515.0
T6,2011-06-23,28072.0
T6,2011-06-24,33032.0
T6,2011-06-25,22092.0
T6,2011-06-26,16974.0
T6,2011-06-27,28633.0
T6,2011-06-28,29011.0
T6,2011-06-29,29742.0
T6,2011-06-30,30575.0
T6,2011-07-01,34334.0
T6,2011-07-02,22980.0
T6,2011-07-03,17684.0
T6,2011-07-04,29204.0
T6,2011-07-05,26604.0
T6,2011-07-06,29111.0
T6,2011-07-07,30082.0
T6,2011-07-08,33836.0
T6,2011-07-09,23656.0
T6,2011-07-10,15475.0
T6,2011-07-11,27724.0
T6,2011-07-12,28442.0
T6,2011-07-13,29034.0
T6,2011-07-14,30572.0
T6,2011-07-15,35405.0
T6,2011-07-16,22710.0
T6,2011-07-17,16688.0
T6,2011-07-18,26321.0
T6,2011-07-19,27666.0
T6,2011-07-20,27743.0
T6,2011-07-21,27880.0
T6,2011-07-22,33985.0
T6,2011-07-23,21721.0
T6,2011-07-24,15267.0
T6,2011-07-25,25096.0
T6,2011-07-26,27475.0
T6,2011-07-27,29393.0
T6,2011-07-28,29598.0
T6,2011-07-29,34646.0
T6,2011-07-30,20661.0
T6,2011-07-31,20100.0
T6,2011-08-01,27704.0
T6,2011-08-02,28779.0
T6,2011-08-03,29623.0
T6,2011-08-04,29217.0
T6,2011-08-05,31454.0
T6,2011-08-06,19003.0
T6,2011-08-07,16178.0
T6,2011-08-08,28032.0
T6,2011-08-09,27161.0
T6,2011-08-10,26052.0
T6,2011-08-11,29339.0
T6,2011-08-12,32925.0
T6,2011-08-13,19668.0
T6,2011-08-14,18057.0
T6,2011-08-15,25368.0
T6,2011-08-16,27858.0
T6,2011-08-17,25341.0
T6,2011-08-18,28114.0
T6,2011-08-19,33789.0
T6,2011-08-20,23136.0
T6,2011-08-21,18962.0
T6,2011-08-22,27979.0
T6,2011-08-23,28868.0
T6,2011-08-24,29155.0
T6,2011-08-25,28811.0
T6,2011-08-26,32587.0
T6,2011-08-27,20551.0
T6,2011-08-28,18263.0
T6,2011-08-29,27431.0
T6,2011-08-30,28225.0
T6,2011-08-31,27744.0
T6,2011-09-01,28959.0
T6,2011-09-02,34288.0
T6,2011-09-03,21134.0
T6,2011-09-04,15152.0
T6,2011-09-05,27822.0
T6,2011-09-06,26740.0
T6,2011-09-07,28396.0
T6,2011-09-08,28753.0
T6,2011-09-09,28920.0
T6,2011-09-10,19956.0
T6,2011-09-11,17353.0
T6,2011-09-12,26775.0
T6,2011-09-13,28244.0
T6,2011-09-14,27960.0
T6,2011-09-15,29011.0
T6,2011-09-16,33144.0
T6,2011-09-17,21164.0
T6,2011-09-18,17662.0
T6,2011-09-19,28304.0
T6,2011-09-20,27127.0
T6,2011-09-21,28632.0
T6,2011-09-22,30548.0
T6,2011-09-23,32388.0
T6,2011-09-24,20441.0
T6,2011-09-25,18986.0
T6,2011-09-26,29774.0
T6,2011-09-27,29564.0
T6,2011-09-28,24143.0
T6,2011-09-29,26597.0
T6,2011-09-30,33295.0
T6,2011-10-01,16000.0
T6,2011-10-02,18694.0
T6,2011-10-03,30336.0
T6,2011-10-04,31171.0
T6,2011-10-05,31365.0
T6,2011-10-06,31405.0
T6,2011-10-07,33907.0
T6,2011-10-08,20644.0
T6,2011-10-09,15470.0
T6,2011-10-10,25975.0
T6,2011-10-11,27573.0
T6,2011-10-12,29150.0
T6,2011-10-13,31075.0
T6,2011-10-14,34898.0
T6,2011-10-15,19477.0
T6,2011-10-16,15058.0
T6,2011-10-17,29018.0
T6,2011-10-18,30020.0
T6,2011-10-19,30382.0
T6,2011-10-20,30596.0
T6,2011-10-21,30188.0
T6,2011-10-22,19303.0
T6,2011-10-23,19736.0
T6,2011-10-24,25111.0
T6,2011-10-25,28731.0
T6,2011-10-26,33154.0
T6,2011-10-27,32198.0
T6,2011-10-28,32439.0
T6,2011-10-29,21330.0
T6,2011-10-30,14847.0
T6,2011-10-31,28319.0
T6,2011-11-01,19410.0
T6,2011-11-02,28064.0
T6,2011-11-03,31074.0
T6,2011-11-04,34079.0
T6,2011-11-05,21600.0
T6,2011-11-06,15785.0
T6,2011-11-07,30060.0
T6,2011-11-08,28418.0
T6,2011-11-09,28055.0
T6,2011-11-10,31309.0
T6,2011-11-11,35458.0
T6,2011-11-12,21814.0
T6,2011-11-13,17517.0
T6,2011-11-14,29997.0
T6,2011-11-15,30527.0
T6,2011-11-16,31947.0
T6,2011-11-17,33315.0
T6,2011-11-18,33987.0
T6,2011-11-19,16702.0
T6,2011-11-20,20190.0
T6,2011-11-21,30524.0
T6,2011-11-22,30879.0
T6,2011-11-23,32349.0
T6,2011-11-24,33610.0
T6,2011-11-25,37016.0
T6,2011-11-26,16733.0
T6,2011-11-27,20051.0
T6,2011-11-28,29228.0
T6,2011-11-29,29367.0
T6,2011-11-30,28019.0
T6,2011-12-01,31661.0
T6,2011-12-02,38502.0
T6,2011-12-03,24048.0
T6,2011-12-04,19200.0
T6,2011-12-05,31519.0
T6,2011-12-06,32465.0
T6,2011-12-07,34547.0
T6,2011-12-08,33795.0
T6,2011-12-09,37321.0
T6,2011-12-10,22348.0
T6,2011-12-11,19158.0
T6,2011-12-12,31320.0
T6,2011-12-13,32255.0
T6,2011-12-14,33831.0
T6,2011-12-15,34970.0
T6,2011-12-16,38161.0
T6,2011-12-17,23779.0
T6,2011-12-18,19431.0
T6,2011-12-19,31423.0
T6,2011-12-20,33529.0
T6,2011-12-21,34708.0
T6,2011-12-22,37187.0
T6,2011-12-23,36067.0
T6,2011-12-24,20026.0
T6,2011-12-25,12266.0
T6,2011-12-26,21788.0
T6,2011-12-27,23843.0
T6,2011-12-28,26079.0
T6,2011-12-29,26760.0
T6,2011-12-30,26051.0
T6,2011-12-31,32423.0
T6,2012-01-01,26988.0
T6,2012-01-02,13486.0
T6,2012-01-03,23327.0
T6,2012-01-04,26885.0
T6,2012-01-05,27810.0
T6,2012-01-06,29207.0
T6,2012-01-07,19212.0
T6,2012-01-08,16050.0
T6,2012-01-09,28324.0
T6,2012-01-10,29012.0
T6,2012-01-11,26019.0
T6,2012-01-12,29138.0
T6,2012-01-13,30474.0
T6,2012-01-14,19359.0
T6,2012-01-15,19017.0
T6,2012-01-16,29545.0
T6,2012-01-17,29089.0
T6,2012-01-18,31228.0
T6,2012-01-19,33296.0
T6,2012-01-20,34061.0
T6,2012-01-21,22941.0
T6,2012-01-22,19432.0
T6,2012-01-23,30635.0
T6,2012-01-24,30389.0
T6,2012-01-25,33094.0
T6,2012-01-26,23665.0
T6,2012-01-27,32068.0
T6,2012-01-28,22970.0
T6,2012-01-29,20490.0
T6,2012-01-30,28362.0
T6,2012-01-31,28258.0
T6,2012-02-01,29903.0
T6,2012-02-02,30260.0
T6,2012-02-03,32985.0
T6,2012-02-04,21756.0
T6,2012-02-05,14998.0
T6,2012-02-06,29417.0
T6,2012-02-07,29645.0
T6,2012-02-08,30244.0
T6,2012-02-09,30899.0
T6,2012-02-10,32718.0
T6,2012-02-11,19442.0
T6,2012-02-12,16506.0
T6,2012-02-13,29382.0
T6,2012-02-14,32493.0
T6,2012-02-15,30731.0
T6,2012-02-16,28871.0
T6,2012-02-17,33423.0
T6,2012-02-18,24038.0
T6,2012-02-19,19761.0
T6,2012-02-20,29510.0
T6,2012-02-21,31011.0
T6,2012-02-22,31974.0
T6,2012-02-23,32280.0
T6,2012-02-24,33748.0
T6,2012-02-25,19505.0
T6,2012-02-26,16405.0
T6,2012-02-27,25290.0
T6,2012-02-28,28422.0
T6,2012-02-29,30804.0
T6,2012-03-01,29260.0
T6,2012-03-02,34989.0
T6,2012-03-03,18315.0
T6,2012-03-04,20411.0
T6,2012-03-05,31256.0
T6,2012-03-06,30906.0
T6,2012-03-07,30437.0
T6,2012-03-08,31690.0
T6,2012-03-09,35559.0
T6,2012-03-10,24602.0
T6,2012-03-11,27525.0
T6,2012-03-12,26489.0
T6,2012-03-13,30434.0
T6,2012-03-14,31524.0
T6,2012-03-15,29910.0
T6,2012-03-16,33709.0
T6,2012-03-17,26158.0
T6,2012-03-18,20931.0
T6,2012-03-19,32326.0
T6,2012-03-20,31521.0
T6,2012-03-21,28073.0
T6,2012-03-22,31003.0
T6,2012-03-23,30764.0
T6,2012-03-24,19317.0
T6,2012-03-25,17437.0
T6,2012-03-26,28903.0
T6,2012-03-27,30493.0
T6,2012-03-28,31027.0
T6,2012-03-29,32866.0
T6,2012-03-30,36268.0
T6,2012-03-31,22600.0
T6,2012-04-01,22520.0
T6,2012-04-02,30611.0
T6,2012-04-03,32025.0
T6,2012-04-04,32428.0
T6,2012-04-05,34071.0
T6,2012-04-06,16130.0
T6,2012-04-07,22360.0
T6,2012-04-08,20105.0
T6,2012-04-09,14138.0
T6,2012-04-10,27882.0
T6,2012-04-11,31792.0
T6,2012-04-12,33833.0
T6,2012-04-13,36881.0
T6,2012-04-14,23737.0
T6,2012-04-15,19479.0
T6,2012-04-16,29884.0
T6,2012-04-17,30671.0
T6,2012-04-18,30612.0
T6,2012-04-19,31351.0
T6,2012-04-20,32833.0
T6,2012-04-21,22853.0
T6,2012-04-22,16783.0
T6,2012-04-23,26820.0
T6,2012-04-24,25836.0
T6,2012-04-25,15287.0
T6,2012-04-26,29741.0
T6,2012-04-27,33928.0
T6,2012-04-28,21707.0
T6,2012-04-29,19171.0
T6,2012-04-30,28617.0
T6,2012-05-01,30215.0
T6,2012-05-02,26593.0
T6,2012-05-03,27074.0
T6,2012-05-04,32770.0
T6,2012-05-05,18679.0
T6,2012-05-06,16652.0
T6,2012-05-07,28697.0
T6,2012-05-08,31039.0
T6,2012-05-09,30725.0
T6,2012-05-10,31896.0
T6,2012-05-11,33101.0
T6,2012-05-12,20369.0
T6,2012-05-13,13763.0
T6,2012-05-14,27146.0
T6,2012-05-15,29473.0
T6,2012-05-16,28632.0
T6,2012-05-17,30259.0
T6,2012-05-18,33460.0
T6,2012-05-19,21753.0
T6,2012-05-20,19239.0
T6,2012-05-21,28735.0
T6,2012-05-22,28428.0
T6,2012-05-23,31773.0
T6,2012-05-24,31584.0
T6,2012-05-25,26606.0
T6,2012-05-26,20013.0
T6,2012-05-27,17043.0
T6,2012-05-28,27826.0
T6,2012-05-29,28199.0
T6,2012-05-30,28328.0
T6,2012-05-31,29737.0
T6,2012-06-01,33907.0
T6,2012-06-02,20843.0
T6,2012-06-03,17235.0
T6,2012-06-04,23859.0
T6,2012-06-05,26683.0
T6,2012-06-06,28512.0
T6,2012-06-07,29269.0
T6,2012-06-08,30757.0
T6,2012-06-09,18463.0
T6,2012-06-10,20426.0
T6,2012-06-11,17080.0
T6,2012-06-12,27488.0
T6,2012-06-13,27600.0
T6,2012-06-14,27379.0
T6,2012-06-15,32916.0
T6,2012-06-16,20844.0
T6,2012-06-17,15459.0
T6,2012-06-18,27995.0
T6,2012-06-19,29076.0
T6,2012-06-20,27360.0
T6,2012-06-21,24292.0
T6,2012-06-22,30122.0
T6,2012-06-23,20327.0
T6,2012-06-24,17886.0
T6,2012-06-25,27080.0
T6,2012-06-26,29099.0
T6,2012-06-27,30293.0
T6,2012-06-28,30553.0
T6,2012-06-29,33046.0
T6,2012-06-30,24811.0
T6,2012-07-01,16005.0
T6,2012-07-02,27346.0
T6,2012-07-03,29194.0
T6,2012-07-04,31114.0
T6,2012-07-05,31941.0
T6,2012-07-06,35072.0
T6,2012-07-07,25606.0
T6,2012-07-08,19645.0
T6,2012-07-09,29736.0
T6,2012-07-10,28630.0
T6,2012-07-11,31289.0
T6,2012-07-12,29131.0
T6,2012-07-13,35145.0
T6,2012-07-14,22296.0
T6,2012-07-15,19060.0
T6,2012-07-16,27783.0
T6,2012-07-17,28921.0
T6,2012-07-18,28228.0
T6,2012-07-19,30046.0
T6,2012-07-20,33316.0
T6,2012-07-21,24117.0
T6,2012-07-22,18491.0
T6,2012-07-23,27528.0
T6,2012-07-24,28002.0
T6,2012-07-25,28736.0
T6,2012-07-26,28652.0
T6,2012-07-27,31009.0
T6,2012-07-28,21046.0
T6,2012-07-29,17590.0
T6,2012-07-30,27213.0
T6,2012-07-31,28413.0
T6,2012-08-01,29164.0
T6,2012-08-02,28833.0
T6,2012-08-03,33414.0
T6,2012-08-04,22020.0
T6,2012-08-05,17356.0
T6,2012-08-06,28211.0
T6,2012-08-07,29303.0
T6,2012-08-08,25921.0
T6,2012-08-09,26684.0
T6,2012-08-10,30462.0
T6,2012-08-11,19171.0
T6,2012-08-12,17869.0
T6,2012-08-13,28414.0
T6,2012-08-14,27085.0
T6,2012-08-15,28078.0
T6,2012-08-16,29282.0
T6,2012-08-17,31344.0
T6,2012-08-18,20260.0
T6,2012-08-19,18623.0
T6,2012-08-20,27796.0
T6,2012-08-21,28372.0
T6,2012-08-22,28552.0
T6,2012-08-23,28105.0
T6,2012-08-24,31732.0
T6,2012-08-25,21066.0
T6,2012-08-26,17190.0
T6,2012-08-27,28248.0
T6,2012-08-28,29295.0
T6,2012-08-29,28690.0
T6,2012-08-30,27949.0
T6,2012-08-31,32156.0
T6,2012-09-01,21590.0
T6,2012-09-02,18005.0
T6,2012-09-03,27898.0
T6,2012-09-04,29191.0
T6,2012-09-05,27899.0
T6,2012-09-06,28212.0
T6,2012-09-07,30336.0
T6,2012-09-08,19047.0
T6,2012-09-09,17049.0
T6,2012-09-10,28742.0
T6,2012-09-11,29774.0
T6,2012-09-12,28163.0
T6,2012-09-13,28016.0
T6,2012-09-14,31697.0
T6,2012-09-15,20361.0
T6,2012-09-16,16415.0
T6,2012-09-17,27425.0
T6,2012-09-18,26396.0
T6,2012-09-19,28851.0
T6,2012-09-20,29723.0
T6,2012-09-21,33169.0
T6,2012-09-22,26622.0
T6,2012-09-23,19221.0
T6,2012-09-24,28353.0
T6,2012-09-25,30314.0
T6,2012-09-26,31669.0
T6,2012-09-27,31948.0
T6,2012-09-28,31220.0
T6,2012-09-29,18239.0
T6,2012-09-30,18423.0
T6,2012-10-01,29853.0
T6,2012-10-02,30603.0
T6,2012-10-03,33412.0
T6,2012-10-04,33127.0
T6,2012-10-05,34426.0
T6,2012-10-06,17095.0
T6,2012-10-07,14854.0
T6,2012-10-08,27311.0
T6,2012-10-09,28029.0
T6,2012-10-10,28092.0
T6,2012-10-11,27576.0
T6,2012-10-12,30935.0
T6,2012-10-13,20473.0
T6,2012-10-14,20336.0
T6,2012-10-15,27307.0
T6,2012-10-16,27292.0
T6,2012-10-17,28898.0
T6,2012-10-18,30041.0
T6,2012-10-19,34022.0
T6,2012-10-20,22570.0
T6,2012-10-21,17016.0
T6,2012-10-22,29767.0
T6,2012-10-23,29921.0
T6,2012-10-24,29631.0
T6,2012-10-25,29300.0
T6,2012-10-26,30606.0
T6,2012-10-27,19536.0
T6,2012-10-28,17560.0
T6,2012-10-29,28887.0
T6,2012-10-30,30347.0
T6,2012-10-31,30102.0
T6,2012-11-01,28356.0
T6,2012-11-02,31466.0
T6,2012-11-03,22383.0
T6,2012-11-04,19301.0
T6,2012-11-05,27948.0
T6,2012-11-06,19907.0
T6,2012-11-07,30593.0
T6,2012-11-08,31870.0
T6,2012-11-09,30884.0
T6,2012-11-10,22772.0
T6,2012-11-11,19004.0
T6,2012-11-12,23443.0
T6,2012-11-13,23313.0
T6,2012-11-14,22725.0
T6,2012-11-15,23753.0
T6,2012-11-16,27760.0
T6,2012-11-17,19267.0
T6,2012-11-18,17699.0
T6,2012-11-19,23522.0
T6,2012-11-20,22883.0
T6,2012-11-21,22016.0
T6,2012-11-22,24312.0
T6,2012-11-23,28602.0
T6,2012-11-24,19629.0
T6,2012-11-25,15558.0
T6,2012-11-26,22203.0
T6,2012-11-27,20989.0
T6,2012-11-28,25038.0
T6,2012-11-29,22584.0
T6,2012-11-30,27966.0
T6,2012-12-01,20962.0
T6,2012-12-02,18425.0
T6,2012-12-03,22924.0
T6,2012-12-04,21819.0
T6,2012-12-05,23599.0
T6,2012-12-06,24434.0
T6,2012-12-07,30055.0
T6,2012-12-08,19389.0
T6,2012-12-09,18352.0
T6,2012-12-10,24686.0
T6,2012-12-11,25639.0
T6,2012-12-12,25842.0
T6,2012-12-13,24186.0
T6,2012-12-14,26533.0
T6,2012-12-15,20410.0
T6,2012-12-16,17384.0
T6,2012-12-17,25241.0
T6,2012-12-18,25768.0
T6,2012-12-19,24451.0
T6,2012-12-20,26749.0
T6,2012-12-21,31492.0
T6,2012-12-22,22105.0
T6,2012-12-23,16410.0
T6,2012-12-24,19992.0
T6,2012-12-25,11774.0
T6,2012-12-26,21290.0
T6,2012-12-27,21150.0
T6,2012-12-28,23295.0
T6,2012-12-29,19908.0
T6,2012-12-30,19087.0
T6,2012-12-31,31172.0
T6,2013-01-01,20215.0
T6,2013-01-02,21406.0
T6,2013-01-03,20294.0
T6,2013-01-04,17716.0
T6,2013-01-05,17392.0
T6,2013-01-06,14861.0
T6,2013-01-07,21584.0
T6,2013-01-08,22035.0
T6,2013-01-09,22167.0
T6,2013-01-10,23316.0
T6,2013-01-11,23863.0
T6,2013-01-12,17716.0
T6,2013-01-13,14370.0
T6,2013-01-14,22907.0
T6,2013-01-15,24489.0
T6,2013-01-16,25405.0
T6,2013-01-17,23207.0
T6,2013-01-18,26428.0
T6,2013-01-19,19646.0
T6,2013-01-20,16029.0
T6,2013-01-21,23432.0
T6,2013-01-22,24391.0
T6,2013-01-23,25027.0
T6,2013-01-24,23470.0
T6,2013-01-25,25947.0
T6,2013-01-26,20695.0
T6,2013-01-27,18172.0
T6,2013-01-28,14866.0
T6,2013-01-29,21293.0
T6,2013-01-30,22802.0
T6,2013-01-31,20151.0
T6,2013-02-01,23714.0
T6,2013-02-02,17593.0
T6,2013-02-03,13669.0
T6,2013-02-04,22151.0
T6,2013-02-05,21278.0
T6,2013-02-06,21105.0
T6,2013-02-07,22143.0
T6,2013-02-08,25661.0
T6,2013-02-09,22481.0
T6,2013-02-10,23416.0
T6,2013-02-11,22171.0
T6,2013-02-12,22688.0
T6,2013-02-13,23116.0
T6,2013-02-14,25040.0
T6,2013-02-15,25993.0
T6,2013-02-16,18214.0
T6,2013-02-17,15200.0
T6,2013-02-18,19662.0
T6,2013-02-19,19667.0
T6,2013-02-20,24002.0
T6,2013-02-21,22222.0
T6,2013-02-22,26003.0
T6,2013-02-23,31810.0
T6,2013-02-24,23966.0
T6,2013-02-25,21073.0
T6,2013-02-26,20301.0
T6,2013-02-27,22166.0
T6,2013-02-28,23726.0
T6,2013-03-01,25822.0
T6,2013-03-02,21206.0
T6,2013-03-03,17036.0
T6,2013-03-04,22501.0
T6,2013-03-05,23281.0
T6,2013-03-06,23502.0
T6,2013-03-07,23464.0
T6,2013-03-08,27542.0
T6,2013-03-09,20485.0
T6,2013-03-10,20563.0
T6,2013-03-11,16245.0
T6,2013-03-12,21170.0
T6,2013-03-13,22370.0
T6,2013-03-14,24004.0
T6,2013-03-15,26641.0
T6,2013-03-16,17194.0
T6,2013-03-17,14310.0
T6,2013-03-18,23392.0
T6,2013-03-19,23855.0
T6,2013-03-20,23456.0
T6,2013-03-21,22390.0
T6,2013-03-22,25863.0
T6,2013-03-23,19014.0
T6,2013-03-24,16919.0
T6,2013-03-25,23004.0
T6,2013-03-26,22955.0
T6,2013-03-27,22238.0
T6,2013-03-28,22825.0
T6,2013-03-29,15871.0
T6,2013-03-30,19448.0
T6,2013-03-31,16007.0
T6,2013-04-01,13879.0
T6,2013-04-02,20055.0
T6,2013-04-03,21689.0
T6,2013-04-04,23708.0
T6,2013-04-05,26360.0
T6,2013-04-06,18355.0
T6,2013-04-07,15311.0
T6,2013-04-08,21717.0
T6,2013-04-09,23100.0
T6,2013-04-10,22919.0
T6,2013-04-11,20938.0
T6,2013-04-12,26164.0
T6,2013-04-13,16280.0
T6,2013-04-14,13413.0
T6,2013-04-15,19221.0
T6,2013-04-16,21675.0
T6,2013-04-17,21832.0
T6,2013-04-18,20475.0
T6,2013-04-19,24970.0
T6,2013-04-20,18475.0
T6,2013-04-21,15272.0
T6,2013-04-22,19180.0
T6,2013-04-23,21518.0
T6,2013-04-24,23200.0
T6,2013-04-25,19673.0
T6,2013-04-26,25146.0
T6,2013-04-27,19659.0
T6,2013-04-28,14669.0
T6,2013-04-29,21034.0
T6,2013-04-30,22037.0
T6,2013-05-01,20039.0
T6,2013-05-02,23107.0
T6,2013-05-03,24235.0
T6,2013-05-04,17176.0
T6,2013-05-05,13225.0
T6,2013-05-06,20256.0
T6,2013-05-07,20468.0
T6,2013-05-08,21554.0
T6,2013-05-09,23860.0
T6,2013-05-10,25557.0
T6,2013-05-11,17619.0
T6,2013-05-12,14229.0
T6,2013-05-13,18732.0
T6,2013-05-14,19843.0
T6,2013-05-15,17729.0
T6,2013-05-16,18801.0
T6,2013-05-17,21777.0
T6,2013-05-18,16227.0
T6,2013-05-19,13928.0
T6,2013-05-20,18417.0
T6,2013-05-21,19574.0
T6,2013-05-22,20962.0
T6,2013-05-23,21941.0
T6,2013-05-24,25066.0
T6,2013-05-25,18197.0
T6,2013-05-26,13338.0
T6,2013-05-27,19329.0
T6,2013-05-28,20721.0
T6,2013-05-29,19674.0
T6,2013-05-30,18060.0
T6,2013-05-31,23047.0
T6,2013-06-01,13816.0
T6,2013-06-02,13873.0
T6,2013-06-03,19880.0
T6,2013-06-04,19921.0
T6,2013-06-05,19965.0
T6,2013-06-06,20870.0
T6,2013-06-07,23387.0
T6,2013-06-08,18590.0
T6,2013-06-09,18384.0
T6,2013-06-10,13962.0
T6,2013-06-11,18663.0
T6,2013-06-12,17377.0
T6,2013-06-13,17820.0
T6,2013-06-14,23568.0
T6,2013-06-15,15922.0
T6,2013-06-16,12054.0
T6,2013-06-17,16560.0
T6,2013-06-18,20189.0
T6,2013-06-19,20509.0
T6,2013-06-20,21212.0
T6,2013-06-21,23447.0
T6,2013-06-22,17619.0
T6,2013-06-23,14085.0
T6,2013-06-24,20337.0
T6,2013-06-25,21931.0
T6,2013-06-26,21757.0
T6,2013-06-27,23139.0
T6,2013-06-28,28090.0
T6,2013-06-29,20412.0
T6,2013-06-30,18072.0
T6,2013-07-01,21134.0
T6,2013-07-02,21444.0
T6,2013-07-03,21611.0
T6,2013-07-04,21579.0
T6,2013-07-05,24236.0
T6,2013-07-06,17207.0
T6,2013-07-07,14751.0
T6,2013-07-08,22601.0
T6,2013-07-09,22492.0
T6,2013-07-10,23147.0
T6,2013-07-11,23365.0
T6,2013-07-12,26395.0
T6,2013-07-13,15068.0
T6,2013-07-14,12405.0
T6,2013-07-15,21005.0
T6,2013-07-16,21180.0
T6,2013-07-17,21973.0
T6,2013-07-18,20947.0
T6,2013-07-19,22842.0
T6,2013-07-20,12879.0
T6,2013-07-21,15782.0
T6,2013-07-22,20476.0
T6,2013-07-23,20436.0
T6,2013-07-24,24003.0
T6,2013-07-25,23136.0
T6,2013-07-26,23699.0
T6,2013-07-27,18036.0
T6,2013-07-28,12787.0
T6,2013-07-29,21001.0
T6,2013-07-30,20736.0
T6,2013-07-31,20815.0
T6,2013-08-01,21395.0
T6,2013-08-02,21642.0
T6,2013-08-03,14061.0
T6,2013-08-04,13180.0
T6,2013-08-05,20118.0
T6,2013-08-06,19784.0
T6,2013-08-07,19363.0
T6,2013-08-08,22243.0
T6,2013-08-09,21374.0
T6,2013-08-10,18601.0
T6,2013-08-11,14661.0
T6,2013-08-12,19468.0
T6,2013-08-13,20853.0
T6,2013-08-14,19410.0
T6,2013-08-15,22188.0
T6,2013-08-16,24682.0
T6,2013-08-17,19056.0
T6,2013-08-18,14046.0
T6,2013-08-19,19090.0
T6,2013-08-20,19259.0
T6,2013-08-21,20209.0
T6,2013-08-22,20685.0
T6,2013-08-23,23188.0
T6,2013-08-24,16630.0
T6,2013-08-25,14931.0
T6,2013-08-26,20921.0
T6,2013-08-27,20981.0
T6,2013-08-28,21020.0
T6,2013-08-29,20726.0
T6,2013-08-30,23222.0
T6,2013-08-31,19171.0
T6,2013-09-01,14995.0
T6,2013-09-02,20730.0
T6,2013-09-03,20440.0
T6,2013-09-04,20765.0
T6,2013-09-05,18498.0
T6,2013-09-06,23514.0
T6,2013-09-07,16560.0
T6,2013-09-08,13564.0
T6,2013-09-09,19031.0
T6,2013-09-10,19466.0
T6,2013-09-11,20107.0
T6,2013-09-12,19791.0
T6,2013-09-13,23711.0
T6,2013-09-14,16638.0
T6,2013-09-15,15370.0
T6,2013-09-16,16933.0
T6,2013-09-17,19820.0
T6,2013-09-18,19269.0
T6,2013-09-19,20340.0
T6,2013-09-20,21949.0
T6,2013-09-21,18463.0
T6,2013-09-22,15153.0
T6,2013-09-23,21796.0
T6,2013-09-24,21725.0
T6,2013-09-25,22013.0
T6,2013-09-26,20705.0
T6,2013-09-27,29909.0
T6,2013-09-28,14747.0
T6,2013-09-29,16827.0
T6,2013-09-30,22212.0
T6,2013-10-01,21650.0
T6,2013-10-02,21497.0
T6,2013-10-03,22668.0
T6,2013-10-04,27136.0
T6,2013-10-05,17713.0
T6,2013-10-06,13012.0
T6,2013-10-07,20699.0
T6,2013-10-08,20638.0
T6,2013-10-09,21234.0
T6,2013-10-10,18762.0
T6,2013-10-11,24927.0
T6,2013-10-12,21871.0
T6,2013-10-13,10066.0
T6,2013-10-14,18752.0
T6,2013-10-15,21273.0
T6,2013-10-16,21475.0
T6,2013-10-17,20164.0
T6,2013-10-18,26426.0
T6,2013-10-19,18060.0
T6,2013-10-20,13646.0
T6,2013-10-21,18657.0
T6,2013-10-22,18213.0
T6,2013-10-23,18659.0
T6,2013-10-24,20336.0
T6,2013-10-25,24200.0
T6,2013-10-26,17758.0
T6,2013-10-27,14477.0
T6,2013-10-28,19400.0
T6,2013-10-29,21919.0
T6,2013-10-30,20994.0
T6,2013-10-31,22394.0
T6,2013-11-01,25319.0
T6,2013-11-02,17231.0
T6,2013-11-03,13974.0
T6,2013-11-04,21909.0
T6,2013-11-05,15313.0
T6,2013-11-06,23524.0
T6,2013-11-07,20569.0
T6,2013-11-08,22482.0
T6,2013-11-09,15059.0
T6,2013-11-10,12597.0
T6,2013-11-11,19745.0
T6,2013-11-12,18212.0
T6,2013-11-13,17799.0
T6,2013-11-14,22239.0
T6,2013-11-15,25475.0
T6,2013-11-16,17241.0
T6,2013-11-17,16530.0
T6,2013-11-18,20951.0
T6,2013-11-19,22990.0
T6,2013-11-20,21232.0
T6,2013-11-21,23781.0
T6,2013-11-22,27500.0
T6,2013-11-23,17983.0
T6,2013-11-24,14386.0
T6,2013-11-25,23148.0
T6,2013-11-26,23710.0
T6,2013-11-27,23670.0
T6,2013-11-28,20264.0
T6,2013-11-29,25841.0
T6,2013-11-30,19785.0
T6,2013-12-01,16224.0
T6,2013-12-02,22022.0
T6,2013-12-03,22898.0
T6,2013-12-04,20134.0
T6,2013-12-05,21788.0
T6,2013-12-06,28324.0
T6,2013-12-07,21330.0
T6,2013-12-08,15748.0
T6,2013-12-09,19625.0
T6,2013-12-10,22958.0
T6,2013-12-11,22813.0
T6,2013-12-12,26145.0
T6,2013-12-13,28285.0
T6,2013-12-14,21172.0
T6,2013-12-15,17327.0
T6,2013-12-16,24258.0
T6,2013-12-17,24804.0
T6,2013-12-18,26011.0
T6,2013-12-19,22927.0
T6,2013-12-20,28820.0
T6,2013-12-21,20277.0
T6,2013-12-22,18002.0
T6,2013-12-23,22978.0
T6,2013-12-24,24411.0
T6,2013-12-25,14863.0
T6,2013-12-26,21770.0
T6,2013-12-27,22718.0
T6,2013-12-28,17512.0
T6,2013-12-29,19943.0
T6,2013-12-30,22447.0
T6,2013-12-31,33251.0
T6,2014-01-01,15590.0
T6,2014-01-02,21214.0
T6,2014-01-03,21903.0
T6,2014-01-04,16437.0
T6,2014-01-05,14340.0
T6,2014-01-06,21197.0
T6,2014-01-07,22076.0
T6,2014-01-08,24027.0
T6,2014-01-09,22997.0
T6,2014-01-10,24400.0
T6,2014-01-11,18058.0
T6,2014-01-12,15218.0
T6,2014-01-13,22903.0
T6,2014-01-14,19086.0
T6,2014-01-15,20674.0
T6,2014-01-16,19391.0
T6,2014-01-17,21118.0
T6,2014-01-18,18953.0
T6,2014-01-19,15824.0
T6,2014-01-20,22898.0
T6,2014-01-21,23236.0
T6,2014-01-22,25085.0
T6,2014-01-23,23740.0
T6,2014-01-24,22958.0
T6,2014-01-25,18508.0
T6,2014-01-26,19790.0
T6,2014-01-27,11979.0
T6,2014-01-28,17714.0
T6,2014-01-29,21652.0
T6,2014-01-30,21660.0
T6,2014-01-31,26195.0
T6,2014-02-01,19717.0
T6,2014-02-02,14343.0
T6,2014-02-03,19241.0
T6,2014-02-04,21049.0
T6,2014-02-05,22168.0
T6,2014-02-06,21359.0
T6,2014-02-07,23568.0
T6,2014-02-08,15198.0
T6,2014-02-09,12502.0
T6,2014-02-10,21264.0
T6,2014-02-11,20804.0
T6,2014-02-12,21797.0
T6,2014-02-13,21943.0
T6,2014-02-14,27284.0
T6,2014-02-15,16986.0
T6,2014-02-16,13657.0
T6,2014-02-17,21739.0
T6,2014-02-18,22266.0
T6,2014-02-19,20446.0
T6,2014-02-20,21456.0
T6,2014-02-21,23787.0
T6,2014-02-22,32521.0
T6,2014-02-23,20347.0
T6,2014-02-24,22964.0
T6,2014-02-25,20075.0
T6,2014-02-26,21442.0
T6,2014-02-27,20910.0
T6,2014-02-28,26890.0
T6,2014-03-01,19596.0
T6,2014-03-02,13828.0
T6,2014-03-03,20888.0
T6,2014-03-04,21854.0
T6,2014-03-05,21318.0
T6,2014-03-06,23291.0
T6,2014-03-07,24441.0
T6,2014-03-08,21371.0
T6,2014-03-09,20632.0
T6,2014-03-10,17287.0
T6,2014-03-11,20131.0
T6,2014-03-12,22918.0
T6,2014-03-13,23624.0
T6,2014-03-14,26901.0
T6,2014-03-15,18491.0
T6,2014-03-16,15423.0
T6,2014-03-17,23776.0
T6,2014-03-18,22080.0
T6,2014-03-19,21924.0
T6,2014-03-20,22576.0
T6,2014-03-21,24726.0
T6,2014-03-22,17810.0
T6,2014-03-23,13349.0
T6,2014-03-24,20190.0
T6,2014-03-25,21901.0
T6,2014-03-26,21877.0
T6,2014-03-27,22536.0
T6,2014-03-28,26272.0
T6,2014-03-29,19008.0
T6,2014-03-30,13731.0
T6,2014-03-31,20897.0
T6,2014-04-01,20530.0
T6,2014-04-02,19984.0
T6,2014-04-03,21455.0
T6,2014-04-04,24938.0
T6,2014-04-05,19654.0
T6,2014-04-06,17588.0
T6,2014-04-07,22607.0
T6,2014-04-08,20093.0
T6,2014-04-09,19179.0
T6,2014-04-10,19955.0
T6,2014-04-11,24412.0
T6,2014-04-12,21908.0
T6,2014-04-13,17927.0
T6,2014-04-14,23251.0
T6,2014-04-15,23452.0
T6,2014-04-16,24383.0
T6,2014-04-17,26269.0
T6,2014-04-18,16172.0
T6,2014-04-19,21169.0
T6,2014-04-20,16879.0
T6,2014-04-21,15691.0
T6,2014-04-22,16588.0
T6,2014-04-23,22076.0
T6,2014-04-24,23458.0
T6,2014-04-25,22901.0
T6,2014-04-26,18034.0
T6,2014-04-27,16502.0
T6,2014-04-28,20003.0
T6,2014-04-29,17923.0
T6,2014-04-30,20858.0
T6,2014-05-01,22039.0
T6,2014-05-02,23390.0
T6,2014-05-03,15488.0
T6,2014-05-04,12228.0
T6,2014-05-05,19448.0
T6,2014-05-06,20750.0
T6,2014-05-07,20931.0
T6,2014-05-08,21780.0
T6,2014-05-09,24223.0
T6,2014-05-10,15183.0
T6,2014-05-11,15904.0
T6,2014-05-12,20377.0
T6,2014-05-13,20870.0
T6,2014-05-14,21932.0
T6,2014-05-15,22271.0
T6,2014-05-16,25567.0
T6,2014-05-17,17679.0
T6,2014-05-18,14145.0
T6,2014-05-19,20353.0
T6,2014-05-20,20943.0
T6,2014-05-21,22024.0
T6,2014-05-22,22047.0
T6,2014-05-23,24194.0
T6,2014-05-24,19004.0
T6,2014-05-25,14938.0
T6,2014-05-26,20079.0
T6,2014-05-27,19678.0
T6,2014-05-28,20532.0
T6,2014-05-29,21077.0
T6,2014-05-30,25556.0
T6,2014-05-31,19433.0
T6,2014-06-01,11510.0
T6,2014-06-02,20037.0
T6,2014-06-03,17881.0
T6,2014-06-04,20014.0
T6,2014-06-05,21414.0
T6,2014-06-06,24899.0
T6,2014-06-07,17910.0
T6,2014-06-08,17285.0
T6,2014-06-09,14890.0
T6,2014-06-10,19648.0
T6,2014-06-11,19792.0
T6,2014-06-12,20678.0
T6,2014-06-13,24687.0
T6,2014-06-14,17236.0
T6,2014-06-15,13467.0
T6,2014-06-16,18480.0
T6,2014-06-17,19828.0
T6,2014-06-18,20156.0
T6,2014-06-19,20249.0
T6,2014-06-20,24432.0
T6,2014-06-21,18613.0
T6,2014-06-22,15370.0
T6,2014-06-23,19114.0
T6,2014-06-24,17183.0
T6,2014-06-25,20519.0
T6,2014-06-26,21439.0
T6,2014-06-27,24611.0
T6,2014-06-28,15997.0
T6,2014-06-29,11193.0
T6,2014-06-30,19652.0
T6,2014-07-01,20550.0
T6,2014-07-02,22378.0
T6,2014-07-03,23123.0
T6,2014-07-04,24924.0
T6,2014-07-05,17801.0
T6,2014-07-06,15172.0
T6,2014-07-07,22238.0
T6,2014-07-08,22234.0
T6,2014-07-09,18981.0
T6,2014-07-10,22150.0
T6,2014-07-11,25352.0
T6,2014-07-12,16477.0
T6,2014-07-13,14994.0
T6,2014-07-14,21292.0
T6,2014-07-15,20467.0
T6,2014-07-16,21629.0
T6,2014-07-17,20645.0
T6,2014-07-18,23810.0
T6,2014-07-19,16144.0
T6,2014-07-20,13586.0
T6,2014-07-21,20133.0
T6,2014-07-22,20649.0
T6,2014-07-23,21776.0
T6,2014-07-24,22068.0
T6,2014-07-25,25404.0
T6,2014-07-26,17091.0
T6,2014-07-27,16398.0
T6,2014-07-28,21345.0
T6,2014-07-29,19441.0
T6,2014-07-30,21254.0
T6,2014-07-31,19717.0
T6,2014-08-01,19723.0
T6,2014-08-02,18084.0
T6,2014-08-03,14369.0
T6,2014-08-04,20678.0
T6,2014-08-05,21434.0
T6,2014-08-06,20801.0
T6,2014-08-07,19863.0
T6,2014-08-08,24756.0
T6,2014-08-09,18340.0
T6,2014-08-10,14143.0
T6,2014-08-11,20206.0
T6,2014-08-12,20301.0
T6,2014-08-13,20712.0
T6,2014-08-14,21908.0
T6,2014-08-15,26325.0
T6,2014-08-16,19841.0
T6,2014-08-17,14714.0
T6,2014-08-18,18749.0
T6,2014-08-19,20038.0
T6,2014-08-20,20705.0
T6,2014-08-21,20600.0
T6,2014-08-22,26249.0
T6,2014-08-23,20004.0
T6,2014-08-24,13857.0
T6,2014-08-25,19741.0
T6,2014-08-26,20881.0
T6,2014-08-27,21970.0
T6,2014-08-28,21927.0
T6,2014-08-29,25664.0
T6,2014-08-30,21372.0
T6,2014-08-31,14916.0
T6,2014-09-01,17404.0
T6,2014-09-02,20584.0
T6,2014-09-03,21078.0
T6,2014-09-04,21262.0
T6,2014-09-05,25685.0
T6,2014-09-06,20257.0
T6,2014-09-07,14602.0
T6,2014-09-08,20936.0
T6,2014-09-09,19684.0
T6,2014-09-10,21186.0
T6,2014-09-11,20735.0
T6,2014-09-12,24605.0
T6,2014-09-13,18395.0
T6,2014-09-14,14535.0
T6,2014-09-15,20700.0
T6,2014-09-16,19535.0
T6,2014-09-17,20599.0
T6,2014-09-18,21105.0
T6,2014-09-19,24540.0
T6,2014-09-20,19823.0
T6,2014-09-21,15440.0
T6,2014-09-22,23200.0
T6,2014-09-23,24533.0
T6,2014-09-24,21325.0
T6,2014-09-25,22824.0
T6,2014-09-26,30384.0
T6,2014-09-27,18454.0
T6,2014-09-28,17162.0
T6,2014-09-29,23833.0
T6,2014-09-30,21657.0
T6,2014-10-01,23255.0
T6,2014-10-02,23933.0
T6,2014-10-03,28595.0
T6,2014-10-04,21918.0
T6,2014-10-05,15549.0
T6,2014-10-06,20763.0
T6,2014-10-07,20475.0
T6,2014-10-08,21756.0
T6,2014-10-09,23885.0
T6,2014-10-10,26360.0
T6,2014-10-11,19199.0
T6,2014-10-12,15913.0
T6,2014-10-13,20557.0
T6,2014-10-14,21213.0
T6,2014-10-15,23061.0
T6,2014-10-16,22351.0
T6,2014-10-17,27301.0
T6,2014-10-18,19440.0
T6,2014-10-19,16739.0
T6,2014-10-20,24849.0
T6,2014-10-21,23872.0
T6,2014-10-22,22975.0
T6,2014-10-23,22926.0
T6,2014-10-24,28263.0
T6,2014-10-25,20177.0
T6,2014-10-26,15102.0
T6,2014-10-27,18983.0
T6,2014-10-28,21954.0
T6,2014-10-29,23088.0
T6,2014-10-30,24575.0
T6,2014-10-31,29380.0
T6,2014-11-01,16895.0
T6,2014-11-02,16130.0
T6,2014-11-03,26682.0
T6,2014-11-04,14628.0
T6,2014-11-05,24462.0
T6,2014-11-06,24602.0
T6,2014-11-07,27381.0
T6,2014-11-08,16889.0
T6,2014-11-09,15672.0
T6,2014-11-10,22172.0
T6,2014-11-11,23046.0
T6,2014-11-12,24091.0
T6,2014-11-13,25216.0
T6,2014-11-14,27481.0
T6,2014-11-15,19967.0
T6,2014-11-16,15386.0
T6,2014-11-17,22859.0
T6,2014-11-18,24270.0
T6,2014-11-19,25166.0
T6,2014-11-20,23376.0
T6,2014-11-21,27860.0
T6,2014-11-22,20050.0
T6,2014-11-23,16135.0
T6,2014-11-24,19207.0
T6,2014-11-25,23885.0
T6,2014-11-26,23168.0
T6,2014-11-27,25148.0
T6,2014-11-28,28954.0
T6,2014-11-29,20547.0
T6,2014-11-30,16265.0
T6,2014-12-01,23238.0
T6,2014-12-02,24086.0
T6,2014-12-03,23621.0
T6,2014-12-04,26036.0
T6,2014-12-05,29927.0
T6,2014-12-06,22534.0
T6,2014-12-07,15831.0
T6,2014-12-08,24946.0
T6,2014-12-09,25327.0
T6,2014-12-10,25717.0
T6,2014-12-11,25842.0
T6,2014-12-12,31784.0
T6,2014-12-13,22824.0
T6,2014-12-14,17560.0
T6,2014-12-15,25035.0
T6,2014-12-16,25628.0
T6,2014-12-17,27853.0
T6,2014-12-18,25813.0
T6,2014-12-19,32289.0
T6,2014-12-20,23072.0
T6,2014-12-21,19984.0
T6,2014-12-22,26873.0
T6,2014-12-23,26694.0
T6,2014-12-24,24771.0
T6,2014-12-25,13189.0
T6,2014-12-26,23652.0
T6,2014-12-27,22846.0
T6,2014-12-28,18816.0
T6,2014-12-29,21894.0
T6,2014-12-30,22094.0
T6,2014-12-31,32564.0
T6,2015-01-01,18232.0
T6,2015-01-02,19477.0
T6,2015-01-03,16028.0
T6,2015-01-04,18066.0
T6,2015-01-05,25076.0
T6,2015-01-06,25824.0
T6,2015-01-07,22999.0
T6,2015-01-08,24379.0
T6,2015-01-09,24137.0
T6,2015-01-10,19582.0
T6,2015-01-11,17585.0
T6,2015-01-12,24032.0
T6,2015-01-13,18830.0
T6,2015-01-14,23358.0
T6,2015-01-15,24019.0
T6,2015-01-16,28239.0
T6,2015-01-17,20725.0
T6,2015-01-18,16503.0
T6,2015-01-19,24778.0
T6,2015-01-20,25240.0
T6,2015-01-21,25452.0
T6,2015-01-22,25321.0
T6,2015-01-23,28582.0
T6,2015-01-24,22144.0
T6,2015-01-25,18525.0
T6,2015-01-26,19188.0
T6,2015-01-27,22567.0
T6,2015-01-28,24054.0
T6,2015-01-29,24332.0
T6,2015-01-30,26726.0
T6,2015-01-31,18489.0
T6,2015-02-01,13816.0
T6,2015-02-02,22241.0
T6,2015-02-03,23283.0
T6,2015-02-04,23436.0
T6,2015-02-05,24291.0
T6,2015-02-06,27050.0
T6,2015-02-07,19138.0
T6,2015-02-08,15230.0
T6,2015-02-09,23078.0
T6,2015-02-10,23930.0
T6,2015-02-11,23394.0
T6,2015-02-12,25209.0
T6,2015-02-13,26134.0
T6,2015-02-14,25088.0
T6,2015-02-15,19177.0
T6,2015-02-16,24163.0
T6,2015-02-17,21680.0
T6,2015-02-18,40918.0
T6,2015-02-19,42878.0
T6,2015-02-20,49035.0
T6,2015-02-21,51574.0
T6,2015-02-22,32095.0
T6,2015-02-23,37882.0
T6,2015-02-24,40882.0
T6,2015-02-25,42455.0
T6,2015-02-26,41744.0
T6,2015-02-27,48463.0
T6,2015-02-28,29139.0
T6,2015-03-01,26099.0
T6,2015-03-02,40743.0
T6,2015-03-03,41998.0
T6,2015-03-04,41904.0
T6,2015-03-05,41726.0
T6,2015-03-06,45001.0
T6,2015-03-07,33071.0
T6,2015-03-08,37048.0
T6,2015-03-09,30799.0
T6,2015-03-10,39828.0
T6,2015-03-11,43360.0
T6,2015-03-12,42328.0
T6,2015-03-13,50468.0
T6,2015-03-14,33685.0
T6,2015-03-15,25985.0
T6,2015-03-16,41738.0
T6,2015-03-17,42159.0
T6,2015-03-18,42083.0
T6,2015-03-19,43341.0
T6,2015-03-20,48916.0
T6,2015-03-21,34375.0
T6,2015-03-22,29118.0
T6,2015-03-23,37957.0
T6,2015-03-24,39439.0
T6,2015-03-25,42243.0
T6,2015-03-26,42175.0
T6,2015-03-27,48646.0
T6,2015-03-28,36878.0
T6,2015-03-29,29652.0
T6,2015-03-30,44194.0
T6,2015-03-31,45118.0
T6,2015-04-01,43379.0
T6,2015-04-02,45210.0
T6,2015-04-03,30348.0
T6,2015-04-04,31569.0
T6,2015-04-05,24535.0
T6,2015-04-06,23745.0
T6,2015-04-07,35729.0
T6,2015-04-08,42552.0
T6,2015-04-09,44297.0
T6,2015-04-10,51456.0
T6,2015-04-11,33266.0
T6,2015-04-12,23766.0
T6,2015-04-13,39597.0
T6,2015-04-14,40205.0
T6,2015-04-15,42580.0
T6,2015-04-16,41768.0
T6,2015-04-17,46782.0
T6,2015-04-18,32513.0
T6,2015-04-19,18821.0
T6,2015-04-20,38098.0
T6,2015-04-21,39729.0
T6,2015-04-22,39940.0
T6,2015-04-23,41293.0
T6,2015-04-24,46742.0
T6,2015-04-25,33563.0
T6,2015-04-26,23306.0
T6,2015-04-27,37112.0
T6,2015-04-28,38631.0
T6,2015-04-29,40037.0
T6,2015-04-30,40632.0
T6,2015-05-01,52685.0
T6,2015-05-02,32844.0
T6,2015-05-03,26442.0
T6,2015-05-04,37987.0
T6,2015-05-05,36722.0
T6,2015-05-06,38291.0
T6,2015-05-07,41303.0
T6,2015-05-08,47070.0
T6,2015-05-09,28726.0
T6,2015-05-10,21821.0
T6,2015-05-11,35510.0
T6,2015-05-12,38297.0
T6,2015-05-13,37070.0
T6,2015-05-14,38668.0
T6,2015-05-15,45732.0
T6,2015-05-16,33485.0
T6,2015-05-17,28046.0
T6,2015-05-18,38991.0
T6,2015-05-19,37660.0
T6,2015-05-20,40456.0
T6,2015-05-21,38934.0
T6,2015-05-22,46047.0
T6,2015-05-23,28676.0
T6,2015-05-24,20755.0
T6,2015-05-25,34515.0
T6,2015-05-26,36686.0
T6,2015-05-27,38484.0
T6,2015-05-28,40966.0
T6,2015-05-29,42066.0
T6,2015-05-30,31635.0
T6,2015-05-31,19967.0
T6,2015-06-01,27654.0
T6,2015-06-02,26128.0
T6,2015-06-03,27295.0
T6,2015-06-04,27473.0
T6,2015-06-05,32825.0
T6,2015-06-06,22376.0
T6,2015-06-07,19376.0
T6,2015-06-08,15941.0
T6,2015-06-09,26032.0
T6,2015-06-10,26733.0
T6,2015-06-11,28547.0
T6,2015-06-12,32123.0
T6,2015-06-13,20639.0
T6,2015-06-14,15507.0
T6,2015-06-15,34568.0
T6,2015-06-16,35560.0
T6,2015-06-17,40285.0
T6,2015-06-18,39950.0
T6,2015-06-19,47420.0
T6,2015-06-20,31403.0
T6,2015-06-21,25859.0
T6,2015-06-22,34620.0
T6,2015-06-23,36272.0
T6,2015-06-24,38126.0
T6,2015-06-25,40216.0
T6,2015-06-26,45213.0
T6,2015-06-27,31662.0
T6,2015-06-28,24423.0
T6,2015-06-29,39944.0
T6,2015-06-30,40693.0
T6,2015-07-01,41815.0
T6,2015-07-02,39434.0
T6,2015-07-03,48414.0
T6,2015-07-04,26358.0
T6,2015-07-05,27339.0
T6,2015-07-06,34685.0
T6,2015-07-07,39909.0
T6,2015-07-08,41832.0
T6,2015-07-09,40827.0
T6,2015-07-10,45992.0
T6,2015-07-11,28518.0
T6,2015-07-12,14827.0
T6,2015-07-13,34041.0
T6,2015-07-14,36080.0
T6,2015-07-15,40286.0
T6,2015-07-16,39262.0
T6,2015-07-17,43005.0
T6,2015-07-18,34564.0
T6,2015-07-19,26513.0
T6,2015-07-20,38710.0
T6,2015-07-21,39668.0
T6,2015-07-22,38154.0
T6,2015-07-23,42627.0
T6,2015-07-24,51559.0
T6,2015-07-25,34495.0
T6,2015-07-26,24836.0
T6,2015-07-27,37473.0
T6,2015-07-28,38422.0
T6,2015-07-29,39539.0
T6,2015-07-30,37695.0
T6,2015-07-31,47734.0
T6,2015-08-01,29233.0
T6,2015-08-02,21888.0
T6,2015-08-03,36036.0
T6,2015-08-04,37640.0
T6,2015-08-05,36670.0
T6,2015-08-06,36207.0
T6,2015-08-07,45005.0
T6,2015-08-08,30612.0
T6,2015-08-09,25013.0
T6,2015-08-10,36533.0
T6,2015-08-11,37412.0
T6,2015-08-12,37889.0
T6,2015-08-13,40412.0
T6,2015-08-14,47129.0
T6,2015-08-15,35447.0
T6,2015-08-16,25755.0
T6,2015-08-17,35307.0
T6,2015-08-18,36472.0
T6,2015-08-19,37305.0
T6,2015-08-20,40155.0
T6,2015-08-21,42975.0
T6,2015-08-22,33440.0
T6,2015-08-23,24307.0
T6,2015-08-24,36216.0
T6,2015-08-25,37479.0
T6,2015-08-26,38700.0
T6,2015-08-27,35343.0
T6,2015-08-28,46554.0
T6,2015-08-29,27333.0
T6,2015-08-30,22913.0
T6,2015-08-31,34955.0
T6,2015-09-01,37754.0
T6,2015-09-02,35493.0
T6,2015-09-03,36552.0
T6,2015-09-04,39822.0
T6,2015-09-05,31715.0
T6,2015-09-06,22690.0
T6,2015-09-07,33797.0
T6,2015-09-08,36780.0
T6,2015-09-09,38102.0
T6,2015-09-10,40167.0
T6,2015-09-11,47042.0
T6,2015-09-12,29097.0
T6,2015-09-13,26299.0
T6,2015-09-14,37764.0
T6,2015-09-15,37492.0
T6,2015-09-16,39532.0
T6,2015-09-17,26815.0
T6,2015-09-18,37567.0
T6,2015-09-19,32586.0
T6,2015-09-20,25320.0
T6,2015-09-21,31232.0
T6,2015-09-22,33937.0
T6,2015-09-23,34649.0
T6,2015-09-24,36283.0
T6,2015-09-25,43356.0
T6,2015-09-26,30349.0
T6,2015-09-27,25664.0
T6,2015-09-28,36338.0
T6,2015-09-29,36897.0
T6,2015-09-30,37909.0
T6,2015-10-01,45095.0
T6,2015-10-02,35527.0
T6,2015-10-03,26668.0
T6,2015-10-04,23098.0
T6,2015-10-05,34147.0
T6,2015-10-06,33911.0
T6,2015-10-07,34727.0
T6,2015-10-08,37447.0
T6,2015-10-09,43708.0
T6,2015-10-10,28417.0
T6,2015-10-11,21068.0
T6,2015-10-12,31598.0
T6,2015-10-13,34537.0
T6,2015-10-14,37161.0
T6,2015-10-15,38024.0
T6,2015-10-16,41969.0
T6,2015-10-17,29635.0
T6,2015-10-18,23726.0
T6,2015-10-19,36175.0
T6,2015-10-20,34662.0
T6,2015-10-21,33186.0
T6,2015-10-22,34387.0
T6,2015-10-23,42590.0
T6,2015-10-24,27088.0
T6,2015-10-25,21635.0
T6,2015-10-26,31793.0
T6,2015-10-27,36909.0
T6,2015-10-28,37482.0
T6,2015-10-29,39789.0
T6,2015-10-30,45148.0
T6,2015-10-31,28858.0
T6,2015-11-01,22935.0
T6,2015-11-02,33468.0
T6,2015-11-03,25949.0
T6,2015-11-04,36515.0
T6,2015-11-05,35499.0
T6,2015-11-06,38571.0
T6,2015-11-07,31458.0
T6,2015-11-08,23054.0
T6,2015-11-09,36066.0
T6,2015-11-10,34257.0
T6,2015-11-11,36185.0
T6,2015-11-12,38611.0
T6,2015-11-13,43923.0
T6,2015-11-14,30297.0
T6,2015-11-15,23510.0
T6,2015-11-16,36347.0
T6,2015-11-17,37001.0
T6,2015-11-18,39521.0
T6,2015-11-19,38043.0
T6,2015-11-20,40239.0
T6,2015-11-21,29442.0
T6,2015-11-22,24660.0
T6,2015-11-23,36651.0
T6,2015-11-24,39469.0
T6,2015-11-25,36690.0
T6,2015-11-26,35980.0
T6,2015-11-27,43461.0
T6,2015-11-28,32168.0
T6,2015-11-29,23778.0
T6,2015-11-30,36199.0
T6,2015-12-01,36452.0
T6,2015-12-02,38300.0
T6,2015-12-03,39648.0
T6,2015-12-04,50608.0
T6,2015-12-05,32561.0
T6,2015-12-06,26034.0
T6,2015-12-07,36853.0
T6,2015-12-08,38620.0
T6,2015-12-09,41938.0
T6,2015-12-10,43469.0
T6,2015-12-11,45998.0
T6,2015-12-12,32827.0
T6,2015-12-13,26608.0
T6,2015-12-14,39413.0
T6,2015-12-15,41140.0
T6,2015-12-16,43175.0
T6,2015-12-17,43043.0
T6,2015-12-18,47209.0
T6,2015-12-19,25841.0
T6,2015-12-20,21086.0
T6,2015-12-21,42100.0
T6,2015-12-22,44173.0
T6,2015-12-23,44891.0
T6,2015-12-24,35287.0
T6,2015-12-25,22595.0
T6,2015-12-26,27449.0
T6,2015-12-27,29919.0
T6,2015-12-28,31581.0
T6,2015-12-29,34282.0
T6,2015-12-30,33231.0
T6,2015-12-31,47381.0
T6,2016-01-01,27408.0
T6,2016-01-02,29247.0
T6,2016-01-03,23259.0
T6,2016-01-04,34048.0
T6,2016-01-05,34592.0
T6,2016-01-06,37479.0
T6,2016-01-07,36671.0
T6,2016-01-08,40350.0
T6,2016-01-09,29767.0
T6,2016-01-10,22461.0
T6,2016-01-11,33396.0
T6,2016-01-12,37565.0
T6,2016-01-13,32481.0
T6,2016-01-14,35217.0
T6,2016-01-15,42965.0
T6,2016-01-16,31210.0
T6,2016-01-17,23901.0
T6,2016-01-18,35983.0
T6,2016-01-19,37253.0
T6,2016-01-20,37725.0
T6,2016-01-21,39362.0
T6,2016-01-22,38866.0
T6,2016-01-23,28940.0
T6,2016-01-24,24188.0
T6,2016-01-25,34508.0
T6,2016-01-26,28595.0
T6,2016-01-27,34349.0
T6,2016-01-28,35479.0
T6,2016-01-29,38732.0
T6,2016-01-30,28826.0
T6,2016-01-31,20915.0
T6,2016-02-01,35634.0
T6,2016-02-02,35813.0
T6,2016-02-03,33877.0
T6,2016-02-04,37251.0
T6,2016-02-05,26947.0
T6,2016-02-06,40832.0
T6,2016-02-07,28212.0
T6,2016-02-08,36842.0
T6,2016-02-09,37231.0
T6,2016-02-10,38431.0
T6,2016-02-11,38921.0
T6,2016-02-12,47222.0
T6,2016-02-13,34544.0
T6,2016-02-14,30641.0
T6,2016-02-15,37515.0
T6,2016-02-16,36220.0
T6,2016-02-17,36404.0
T6,2016-02-18,37367.0
T6,2016-02-19,41588.0
T6,2016-02-20,46515.0
T6,2016-02-21,25560.0
T6,2016-02-22,35039.0
T6,2016-02-23,34806.0
T6,2016-02-24,37642.0
T6,2016-02-25,38261.0
T6,2016-02-26,43695.0
T6,2016-02-27,29219.0
T6,2016-02-28,23417.0
T6,2016-02-29,36157.0
T6,2016-03-01,37143.0
T6,2016-03-02,38636.0
T6,2016-03-03,39323.0
T6,2016-03-04,44307.0
T6,2016-03-05,33311.0
T6,2016-03-06,26060.0
T6,2016-03-07,36733.0
T6,2016-03-08,37783.0
T6,2016-03-09,37236.0
T6,2016-03-10,35942.0
T6,2016-03-11,46864.0
T6,2016-03-12,31883.0
T6,2016-03-13,31271.0
T6,2016-03-14,25751.0
T6,2016-03-15,36505.0
T6,2016-03-16,38219.0
T6,2016-03-17,41907.0
T6,2016-03-18,39319.0
T6,2016-03-19,30597.0
T6,2016-03-20,28347.0
T6,2016-03-21,38705.0
T6,2016-03-22,38919.0
T6,2016-03-23,36747.0
T6,2016-03-24,39477.0
T6,2016-03-25,27489.0
T6,2016-03-26,28852.0
T6,2016-03-27,25272.0
T6,2016-03-28,21769.0
T6,2016-03-29,34027.0
T6,2016-03-30,35522.0
T6,2016-03-31,37683.0
T6,2016-04-01,44414.0
T6,2016-04-02,28921.0
T6,2016-04-03,23735.0
T6,2016-04-04,36943.0
T6,2016-04-05,38744.0
T6,2016-04-06,33895.0
T6,2016-04-07,40208.0
T6,2016-04-08,44838.0
T6,2016-04-09,30948.0
T6,2016-04-10,23022.0
T6,2016-04-11,35329.0
T6,2016-04-12,36954.0
T6,2016-04-13,37015.0
T6,2016-04-14,38576.0
T6,2016-04-15,46593.0
T6,2016-04-16,29930.0
T6,2016-04-17,23567.0
T6,2016-04-18,37336.0
T6,2016-04-19,38183.0
T6,2016-04-20,37742.0
T6,2016-04-21,35335.0
T6,2016-04-22,42865.0
T6,2016-04-23,29689.0
T6,2016-04-24,30164.0
T6,2016-04-25,27847.0
T6,2016-04-26,35317.0
T6,2016-04-27,36147.0
T6,2016-04-28,37422.0
T6,2016-04-29,40410.0
T6,2016-04-30,30654.0
T6,2016-05-01,20092.0
T6,2016-05-02,34615.0
T6,2016-05-03,33058.0
T6,2016-05-04,35252.0
T6,2016-05-05,36880.0
T6,2016-05-06,44143.0
T6,2016-05-07,29904.0
T6,2016-05-08,18657.0
T6,2016-05-09,30838.0
T6,2016-05-10,34004.0
T6,2016-05-11,33882.0
T6,2016-05-12,35487.0
T6,2016-05-13,42658.0
T6,2016-05-14,30473.0
T6,2016-05-15,22204.0
T6,2016-05-16,33164.0
T6,2016-05-17,34771.0
T6,2016-05-18,35721.0
T6,2016-05-19,34834.0
T6,2016-05-20,42536.0
T6,2016-05-21,28816.0
T6,2016-05-22,21286.0
T6,2016-05-23,33683.0
T6,2016-05-24,35363.0
T6,2016-05-25,32334.0
T6,2016-05-26,32078.0
T6,2016-05-27,41168.0
T6,2016-05-28,23946.0
T6,2016-05-29,21407.0
T6,2016-05-30,34012.0
T6,2016-05-31,34044.0
T6,2016-06-01,33861.0
T6,2016-06-02,35462.0
T6,2016-06-03,39166.0
T6,2016-06-04,24095.0
T6,2016-06-05,18121.0
T6,2016-06-06,33782.0
T6,2016-06-07,32783.0
T6,2016-06-08,32471.0
T6,2016-06-09,34603.0
T6,2016-06-10,39565.0
T6,2016-06-11,27913.0
T6,2016-06-12,26570.0
T6,2016-06-13,20418.0
T6,2016-06-14,31852.0
T6,2016-06-15,34294.0
T6,2016-06-16,32705.0
T6,2016-06-17,38137.0
T6,2016-06-18,26202.0
T6,2016-06-19,20302.0
T6,2016-06-20,30258.0
T6,2016-06-21,33494.0
T6,2016-06-22,34484.0
T6,2016-06-23,33609.0
T6,2016-06-24,39054.0
T6,2016-06-25,28405.0
T6,2016-06-26,22498.0
T6,2016-06-27,32316.0
T6,2016-06-28,37151.0
T6,2016-06-29,37194.0
T6,2016-06-30,33765.0
T6,2016-07-01,40521.0
T6,2016-07-02,28012.0
T6,2016-07-03,22797.0
T6,2016-07-04,35195.0
T6,2016-07-05,30535.0
T6,2016-07-06,33948.0
T6,2016-07-07,35358.0
T6,2016-07-08,43779.0
T6,2016-07-09,31935.0
T6,2016-07-10,18594.0
T6,2016-07-11,34271.0
T6,2016-07-12,34996.0
T6,2016-07-13,34124.0
T6,2016-07-14,36532.0
T6,2016-07-15,42625.0
T6,2016-07-16,32703.0
T6,2016-07-17,23811.0
T6,2016-07-18,34793.0
T6,2016-07-19,33914.0
T6,2016-07-20,37078.0
T6,2016-07-21,36537.0
T6,2016-07-22,39642.0
T6,2016-07-23,28314.0
T6,2016-07-24,23023.0
T6,2016-07-25,31932.0
T6,2016-07-26,34270.0
T6,2016-07-27,34816.0
T6,2016-07-28,36495.0
T6,2016-07-29,42274.0
T6,2016-07-30,30415.0
T6,2016-07-31,24486.0
T6,2016-08-01,30193.0
T6,2016-08-02,33922.0
T6,2016-08-03,34001.0
T6,2016-08-04,37365.0
T6,2016-08-05,43540.0
T6,2016-08-06,28055.0
T6,2016-08-07,23295.0
T6,2016-08-08,34255.0
T6,2016-08-09,34785.0
T6,2016-08-10,35026.0
T6,2016-08-11,37013.0
T6,2016-08-12,42052.0
T6,2016-08-13,28257.0
T6,2016-08-14,24394.0
T6,2016-08-15,35170.0
T6,2016-08-16,35480.0
T6,2016-08-17,34880.0
T6,2016-08-18,37481.0
T6,2016-08-19,37386.0
T6,2016-08-20,28280.0
T6,2016-08-21,19009.0
T6,2016-08-22,31521.0
T6,2016-08-23,35395.0
T6,2016-08-24,34929.0
T6,2016-08-25,35434.0
T6,2016-08-26,41747.0
T6,2016-08-27,28413.0
T6,2016-08-28,21794.0
T6,2016-08-29,34837.0
T6,2016-08-30,31750.0
T6,2016-08-31,33988.0
T6,2016-09-01,33588.0
T6,2016-09-02,40425.0
T6,2016-09-03,29458.0
T6,2016-09-04,21250.0
T6,2016-09-05,32195.0
T6,2016-09-06,35373.0
T6,2016-09-07,36667.0
T6,2016-09-08,36755.0
T6,2016-09-09,36876.0
T6,2016-09-10,26005.0
T6,2016-09-11,21690.0
T6,2016-09-12,32695.0
T6,2016-09-13,31652.0
T6,2016-09-14,33128.0
T6,2016-09-15,32545.0
T6,2016-09-16,43166.0
T6,2016-09-17,30870.0
T6,2016-09-18,20608.0
T6,2016-09-19,35777.0
T6,2016-09-20,37579.0
T6,2016-09-21,35076.0
T6,2016-09-22,35005.0
T6,2016-09-23,43779.0
T6,2016-09-24,29792.0
T6,2016-09-25,22284.0
T6,2016-09-26,34433.0
T6,2016-09-27,37398.0
T6,2016-09-28,39650.0
T6,2016-09-29,39458.0
T6,2016-09-30,30587.0
T6,2016-10-01,25302.0
T6,2016-10-02,21595.0
T6,2016-10-03,33577.0
T6,2016-10-04,32174.0
T6,2016-10-05,35027.0
T6,2016-10-06,41119.0
T6,2016-10-07,41306.0
T6,2016-10-08,30560.0
T6,2016-10-09,19121.0
T6,2016-10-10,34031.0
T6,2016-10-11,34452.0
T6,2016-10-12,33653.0
T6,2016-10-13,37622.0
T6,2016-10-14,45728.0
T6,2016-10-15,30682.0
T6,2016-10-16,20259.0
T6,2016-10-17,34633.0
T6,2016-10-18,34134.0
T6,2016-10-19,37430.0
T6,2016-10-20,39238.0
T6,2016-10-21,36216.0
T6,2016-10-22,22982.0
T6,2016-10-23,19870.0
T6,2016-10-24,36987.0
T6,2016-10-25,37692.0
T6,2016-10-26,35846.0
T6,2016-10-27,37971.0
T6,2016-10-28,44754.0
T6,2016-10-29,33469.0
T6,2016-10-30,21922.0
T6,2016-10-31,35387.0
T6,2016-11-01,24061.0
T6,2016-11-02,35697.0
T6,2016-11-03,41547.0
T6,2016-11-04,48388.0
T6,2016-11-05,27789.0
T6,2016-11-06,23399.0
T6,2016-11-07,35455.0
T6,2016-11-08,39123.0
T6,2016-11-09,36851.0
T6,2016-11-10,39424.0
T6,2016-11-11,46048.0
T6,2016-11-12,28656.0
T6,2016-11-13,20259.0
T6,2016-11-14,34841.0
T6,2016-11-15,38182.0
T6,2016-11-16,40365.0
T6,2016-11-17,43996.0
T6,2016-11-18,45152.0
T6,2016-11-19,34366.0
T6,2016-11-20,25572.0
T6,2016-11-21,34357.0
T6,2016-11-22,34752.0
T6,2016-11-23,36947.0
T6,2016-11-24,40357.0
T6,2016-11-25,46839.0
T6,2016-11-26,34836.0
T6,2016-11-27,25766.0
T6,2016-11-28,40450.0
T6,2016-11-29,40832.0
T6,2016-11-30,38703.0
T6,2016-12-01,42192.0
T6,2016-12-02,49381.0
T6,2016-12-03,33664.0
T6,2016-12-04,22048.0
T6,2016-12-05,38091.0
T6,2016-12-06,40380.0
T6,2016-12-07,42607.0
T6,2016-12-08,39662.0
T6,2016-12-09,49846.0
T6,2016-12-10,36821.0
T6,2016-12-11,28030.0
T6,2016-12-12,41764.0
T6,2016-12-13,40425.0
T6,2016-12-14,42003.0
T6,2016-12-15,46227.0
T6,2016-12-16,52275.0
T6,2016-12-17,31293.0
T6,2016-12-18,25319.0
T6,2016-12-19,42341.0
T6,2016-12-20,41855.0
T6,2016-12-21,45127.0
T6,2016-12-22,47203.0
T6,2016-12-23,45417.0
T6,2016-12-24,26022.0
T6,2016-12-25,19818.0
T6,2016-12-26,25117.0
T6,2016-12-27,26042.0
T6,2016-12-28,31171.0
T6,2016-12-29,26082.0
T6,2016-12-30,33140.0
T6,2016-12-31,50086.0
T6,2017-01-01,22365.0
T6,2017-01-02,20964.0
T6,2017-01-03,33986.0
T6,2017-01-04,35928.0
T6,2017-01-05,34858.0
T6,2017-01-06,37432.0
T6,2017-01-07,23457.0
T6,2017-01-08,19783.0
T6,2017-01-09,36191.0
T6,2017-01-10,37455.0
T6,2017-01-11,38473.0
T6,2017-01-12,39884.0
T6,2017-01-13,38308.0
T6,2017-01-14,27670.0
T6,2017-01-15,23658.0
T6,2017-01-16,36855.0
T6,2017-01-17,36627.0
T6,2017-01-18,39637.0
T6,2017-01-19,41243.0
T6,2017-01-20,39407.0
T6,2017-01-21,30333.0
T6,2017-01-22,24116.0
T6,2017-01-23,37139.0
T6,2017-01-24,39068.0
T6,2017-01-25,42257.0
T6,2017-01-26,26870.0
T6,2017-01-27,41898.0
T6,2017-01-28,37206.0
T6,2017-01-29,28570.0
T6,2017-01-30,33304.0
T6,2017-01-31,38164.0
T6,2017-02-01,36851.0
T6,2017-02-02,39448.0
T6,2017-02-03,46311.0
T6,2017-02-04,31630.0
T6,2017-02-05,19568.0
T6,2017-02-06,35876.0
T6,2017-02-07,39654.0
T6,2017-02-08,37926.0
T6,2017-02-09,37051.0
T6,2017-02-10,44456.0
T6,2017-02-11,29220.0
T6,2017-02-12,20725.0
T6,2017-02-13,36954.0
T6,2017-02-14,42468.0
T6,2017-02-15,39546.0
T6,2017-02-16,40083.0
T6,2017-02-17,44410.0
T6,2017-02-18,45112.0
T6,2017-02-19,19041.0
T6,2017-02-20,37179.0
T6,2017-02-21,39417.0
T6,2017-02-22,40316.0
T6,2017-02-23,40190.0
T6,2017-02-24,44519.0
T6,2017-02-25,30483.0
T6,2017-02-26,27227.0
T6,2017-02-27,37406.0
T6,2017-02-28,38341.0
T6,2017-03-01,38876.0
T6,2017-03-02,40080.0
T6,2017-03-03,46215.0
T6,2017-03-04,29181.0
T6,2017-03-05,21783.0
T6,2017-03-06,38099.0
T6,2017-03-07,39579.0
T6,2017-03-08,40821.0
T6,2017-03-09,39472.0
T6,2017-03-10,47924.0
T6,2017-03-11,32917.0
T6,2017-03-12,29855.0
T6,2017-03-13,27341.0
T6,2017-03-14,37420.0
T6,2017-03-15,37951.0
T6,2017-03-16,39433.0
T6,2017-03-17,51363.0
T6,2017-03-18,34806.0
T6,2017-03-19,25911.0
T6,2017-03-20,36946.0
T6,2017-03-21,36049.0
T6,2017-03-22,38551.0
T6,2017-03-23,42591.0
T6,2017-03-24,48238.0
T6,2017-03-25,34560.0
T6,2017-03-26,24883.0
T6,2017-03-27,35938.0
T6,2017-03-28,40257.0
T6,2017-03-29,39485.0
T6,2017-03-30,39727.0
T6,2017-03-31,48613.0
T6,2017-04-01,34224.0
T6,2017-04-02,26643.0
T6,2017-04-03,40228.0
T6,2017-04-04,41467.0
T6,2017-04-05,41911.0
T6,2017-04-06,43297.0
T6,2017-04-07,48649.0
T6,2017-04-08,27084.0
T6,2017-04-09,19751.0
T6,2017-04-10,33418.0
T6,2017-04-11,39467.0
T6,2017-04-12,40409.0
T6,2017-04-13,43302.0
T6,2017-04-14,26199.0
T6,2017-04-15,29492.0
T6,2017-04-16,25002.0
T6,2017-04-17,21637.0
T6,2017-04-18,36571.0
T6,2017-04-19,37679.0
T6,2017-04-20,39520.0
T6,2017-04-21,39820.0
T6,2017-04-22,30531.0
T6,2017-04-23,25475.0
T6,2017-04-24,36840.0
T6,2017-04-25,20587.0
T6,2017-04-26,34263.0
T6,2017-04-27,35636.0
T6,2017-04-28,43264.0
T6,2017-04-29,28028.0
T6,2017-04-30,20679.0
T6,2017-05-01,34658.0
T6,2017-05-02,36847.0
T6,2017-05-03,37222.0
T6,2017-05-04,38211.0
T6,2017-05-05,43698.0
T6,2017-05-06,25599.0
T6,2017-05-07,20076.0
T6,2017-05-08,33509.0
T6,2017-05-09,35943.0
T6,2017-05-10,38573.0
T6,2017-05-11,37417.0
T6,2017-05-12,43066.0
T6,2017-05-13,29301.0
T6,2017-05-14,23190.0
T6,2017-05-15,34082.0
T6,2017-05-16,36583.0
T6,2017-05-17,36851.0
T6,2017-05-18,37184.0
T6,2017-05-19,41236.0
T6,2017-05-20,32910.0
T6,2017-05-21,21252.0
T6,2017-05-22,35737.0
T6,2017-05-23,35631.0
T6,2017-05-24,37346.0
T6,2017-05-25,37295.0
T6,2017-05-26,43343.0
T6,2017-05-27,29107.0
T6,2017-05-28,18885.0
T6,2017-05-29,34833.0
T6,2017-05-30,33555.0
T6,2017-05-31,34877.0
T6,2017-06-01,35773.0
T6,2017-06-02,41214.0
T6,2017-06-03,28131.0
T6,2017-06-04,20235.0
T6,2017-06-05,35083.0
T6,2017-06-06,34208.0
T6,2017-06-07,36494.0
T6,2017-06-08,35163.0
T6,2017-06-09,44252.0
T6,2017-06-10,31512.0
T6,2017-06-11,26998.0
T6,2017-06-12,19897.0
T6,2017-06-13,35704.0
T6,2017-06-14,35304.0
T6,2017-06-15,36655.0
T6,2017-06-16,43513.0
T6,2017-06-17,28927.0
T6,2017-06-18,19878.0
T6,2017-06-19,34536.0
T6,2017-06-20,35733.0
T6,2017-06-21,36116.0
T6,2017-06-22,37917.0
T6,2017-06-23,42056.0
T6,2017-06-24,26901.0
T6,2017-06-25,20116.0
T6,2017-06-26,36070.0
T6,2017-06-27,36653.0
T6,2017-06-28,36893.0
T6,2017-06-29,35074.0
T6,2017-06-30,43808.0
T6,2017-07-01,31448.0
T6,2017-07-02,25510.0
T6,2017-07-03,35452.0
T6,2017-07-04,37679.0
T6,2017-07-05,38813.0
T6,2017-07-06,41761.0
T6,2017-07-07,46096.0
T6,2017-07-08,30545.0
T6,2017-07-09,24214.0
T6,2017-07-10,37401.0
T6,2017-07-11,39887.0
T6,2017-07-12,40033.0
T6,2017-07-13,37898.0
T6,2017-07-14,42922.0
T6,2017-07-15,29657.0
T6,2017-07-16,18668.0
T6,2017-07-17,33461.0
T6,2017-07-18,34105.0
T6,2017-07-19,34210.0
T6,2017-07-20,34531.0
T6,2017-07-21,42388.0
T6,2017-07-22,24498.0
T6,2017-07-23,17363.0
T6,2017-07-24,34590.0
T6,2017-07-25,35072.0
T6,2017-07-26,35864.0
T6,2017-07-27,36440.0
T6,2017-07-28,45094.0
T6,2017-07-29,28088.0
T6,2017-07-30,24208.0
T6,2017-07-31,35500.0
T6,2017-08-01,36001.0
T6,2017-08-02,37272.0
T6,2017-08-03,33078.0
T6,2017-08-04,41540.0
T6,2017-08-05,28962.0
T6,2017-08-06,18956.0
T6,2017-08-07,32792.0
T6,2017-08-08,35871.0
T6,2017-08-09,36489.0
T6,2017-08-10,37946.0
T6,2017-08-11,42182.0
T6,2017-08-12,26563.0
T6,2017-08-13,24172.0
T6,2017-08-14,36372.0
T6,2017-08-15,34841.0
T6,2017-08-16,36377.0
T6,2017-08-17,36485.0
T6,2017-08-18,38731.0
T6,2017-08-19,28813.0
T6,2017-08-20,23377.0
T6,2017-08-21,32249.0
T6,2017-08-22,35830.0
T6,2017-08-23,34700.0
T6,2017-08-24,35455.0
T6,2017-08-25,42064.0
T6,2017-08-26,28899.0
T6,2017-08-27,20093.0
T6,2017-08-28,35528.0
T6,2017-08-29,36086.0
T6,2017-08-30,35379.0
T6,2017-08-31,37662.0
T6,2017-09-01,42495.0
T6,2017-09-02,25532.0
T6,2017-09-03,18362.0
T6,2017-09-04,33568.0
T6,2017-09-05,33419.0
T6,2017-09-06,34183.0
T6,2017-09-07,35227.0
T6,2017-09-08,41750.0
T6,2017-09-09,27755.0
T6,2017-09-10,21247.0
T6,2017-09-11,33566.0
T6,2017-09-12,34606.0
T6,2017-09-13,35738.0
T6,2017-09-14,35905.0
T6,2017-09-15,40102.0
T6,2017-09-16,27242.0
T6,2017-09-17,22446.0
T6,2017-09-18,33884.0
T6,2017-09-19,36845.0
T6,2017-09-20,37953.0
T6,2017-09-21,37884.0
T6,2017-09-22,47850.0
T6,2017-09-23,33085.0
T6,2017-09-24,22648.0
T6,2017-09-25,37487.0
T6,2017-09-26,41257.0
T6,2017-09-27,41689.0
T6,2017-09-28,43612.0
T6,2017-09-29,31737.0
T6,2017-09-30,29914.0
T6,2017-10-01,23050.0
T6,2017-10-02,37905.0
T6,2017-10-03,41726.0
T6,2017-10-04,44053.0
T6,2017-10-05,38478.0
T6,2017-10-06,46595.0
T6,2017-10-07,33268.0
T6,2017-10-08,23871.0
T6,2017-10-09,35953.0
T6,2017-10-10,39515.0
T6,2017-10-11,37047.0
T6,2017-10-12,40257.0
T6,2017-10-13,45082.0
T6,2017-10-14,33951.0
T6,2017-10-15,25960.0
T6,2017-10-16,39636.0
T6,2017-10-17,42440.0
T6,2017-10-18,43123.0
T6,2017-10-19,38379.0
T6,2017-10-20,46092.0
T6,2017-10-21,27795.0
T6,2017-10-22,20268.0
T6,2017-10-23,39548.0
T6,2017-10-24,39236.0
T6,2017-10-25,38743.0
T6,2017-10-26,40547.0
T6,2017-10-27,52028.0
T6,2017-10-28,32027.0
T6,2017-10-29,24899.0
T6,2017-10-30,37266.0
T6,2017-10-31,39419.0
T6,2017-11-01,38999.0
T6,2017-11-02,40202.0
T6,2017-11-03,45362.0
T6,2017-11-04,31463.0
T6,2017-11-05,24876.0
T6,2017-11-06,41837.0
T6,2017-11-07,26018.0
T6,2017-11-08,42704.0
T6,2017-11-09,45363.0
T6,2017-11-10,49226.0
T6,2017-11-11,34134.0
T6,2017-11-12,24093.0
T6,2017-11-13,40941.0
T6,2017-11-14,42720.0
T6,2017-11-15,40638.0
T6,2017-11-16,41250.0
T6,2017-11-17,52096.0
T6,2017-11-18,29847.0
T6,2017-11-19,27979.0
T6,2017-11-20,41870.0
T6,2017-11-21,43283.0
T6,2017-11-22,44018.0
T6,2017-11-23,43777.0
T6,2017-11-24,51405.0
T6,2017-11-25,31940.0
T6,2017-11-26,23970.0
T6,2017-11-27,41974.0
T6,2017-11-28,45538.0
T6,2017-11-29,44042.0
T6,2017-11-30,43635.0
T6,2017-12-01,37063.0
T6,2017-12-02,18579.0
T6,2017-12-03,19689.0
T6,2017-12-04,37576.0
T6,2017-12-05,42167.0
T6,2017-12-06,46555.0
T6,2017-12-07,44121.0
T6,2017-12-08,56219.0
T6,2017-12-09,35243.0
T6,2017-12-10,28717.0
T6,2017-12-11,44477.0
T6,2017-12-12,47029.0
T6,2017-12-13,45659.0
T6,2017-12-14,48857.0
T6,2017-12-15,58469.0
T6,2017-12-16,37297.0
T6,2017-12-17,29396.0
T6,2017-12-18,44001.0
T6,2017-12-19,43084.0
T6,2017-12-20,47024.0
T6,2017-12-21,45352.0
T6,2017-12-22,51494.0
T6,2017-12-23,32274.0
T6,2017-12-24,29129.0
T6,2017-12-25,25397.0
T6,2017-12-26,32604.0
T6,2017-12-27,32949.0
T6,2017-12-28,32652.0
T6,2017-12-29,31850.0
T6,2017-12-30,30789.0
T6,2017-12-31,53124.0
T6,2018-01-01,23401.0
T6,2018-01-02,33121.0
T6,2018-01-03,35213.0
T6,2018-01-04,35383.0
T6,2018-01-05,39164.0
T6,2018-01-06,22193.0
T6,2018-01-07,23446.0
T6,2018-01-08,36067.0
T6,2018-01-09,38837.0
T6,2018-01-10,41685.0
T6,2018-01-11,40882.0
T6,2018-01-12,39829.0
T6,2018-01-13,25139.0
T6,2018-01-14,26018.0
T6,2018-01-15,40976.0
T6,2018-01-16,44792.0
T6,2018-01-17,43439.0
T6,2018-01-18,41514.0
T6,2018-01-19,43785.0
T6,2018-01-20,33930.0
T6,2018-01-21,24717.0
T6,2018-01-22,42804.0
T6,2018-01-23,44437.0
T6,2018-01-24,43771.0
T6,2018-01-25,47217.0
T6,2018-01-26,28740.0
T6,2018-01-27,28398.0
T6,2018-01-28,18826.0
T6,2018-01-29,32690.0
T6,2018-01-30,38132.0
T6,2018-01-31,38817.0
T6,2018-02-01,40582.0
T6,2018-02-02,47445.0
T6,2018-02-03,32583.0
T6,2018-02-04,23761.0
T6,2018-02-05,39872.0
T6,2018-02-06,40979.0
T6,2018-02-07,39500.0
T6,2018-02-08,41913.0
T6,2018-02-09,47900.0
T6,2018-02-10,32829.0
T6,2018-02-11,23947.0
T6,2018-02-12,40692.0
T6,2018-02-13,43452.0
T6,2018-02-14,44150.0
T6,2018-02-15,44670.0
T6,2018-02-16,56024.0
T6,2018-02-17,58720.0
T6,2018-02-18,33848.0
T6,2018-02-19,42368.0
T6,2018-02-20,44667.0
T6,2018-02-21,44044.0
T6,2018-02-22,45471.0
T6,2018-02-23,50206.0
T6,2018-02-24,31043.0
T6,2018-02-25,27287.0
T6,2018-02-26,42025.0
T6,2018-02-27,43086.0
T6,2018-02-28,42014.0
T6,2018-03-01,43029.0
T6,2018-03-02,50755.0
T6,2018-03-03,32761.0
T6,2018-03-04,24036.0
T6,2018-03-05,40687.0
T6,2018-03-06,43420.0
T6,2018-03-07,44764.0
T6,2018-03-08,46237.0
T6,2018-03-09,54025.0
T6,2018-03-10,38368.0
T6,2018-03-11,34305.0
T6,2018-03-12,29322.0
T6,2018-03-13,41635.0
T6,2018-03-14,43232.0
T6,2018-03-15,43718.0
T6,2018-03-16,51721.0
T6,2018-03-17,39279.0
T6,2018-03-18,27053.0
T6,2018-03-19,43759.0
T6,2018-03-20,42994.0
T6,2018-03-21,43802.0
T6,2018-03-22,46673.0
T6,2018-03-23,52735.0
T6,2018-03-24,29753.0
T6,2018-03-25,26148.0
T6,2018-03-26,41329.0
T6,2018-03-27,40870.0
T6,2018-03-28,42599.0
T6,2018-03-29,45715.0
T6,2018-03-30,29858.0
T6,2018-03-31,33781.0
T6,2018-04-01,27174.0
T6,2018-04-02,25109.0
T6,2018-04-03,39440.0
T6,2018-04-04,43384.0
T6,2018-04-05,42010.0
T6,2018-04-06,50077.0
T6,2018-04-07,33941.0
T6,2018-04-08,25563.0
T6,2018-04-09,40976.0
T6,2018-04-10,43797.0
T6,2018-04-11,44037.0
T6,2018-04-12,45401.0
T6,2018-04-13,52420.0
T6,2018-04-14,24695.0
T6,2018-04-15,19825.0
T6,2018-04-16,39349.0
T6,2018-04-17,42841.0
T6,2018-04-18,43535.0
T6,2018-04-19,45408.0
T6,2018-04-20,51822.0
T6,2018-04-21,30861.0
T6,2018-04-22,24180.0
T6,2018-04-23,40834.0
T6,2018-04-24,44260.0
T6,2018-04-25,29085.0
T6,2018-04-26,41287.0
T6,2018-04-27,46620.0
T6,2018-04-28,31447.0
T6,2018-04-29,22440.0
T6,2018-04-30,35663.0
T6,2018-05-01,35996.0
T6,2018-05-02,35625.0
T6,2018-05-03,35120.0
T6,2018-05-04,40272.0
T6,2018-05-05,28020.0
T6,2018-05-06,21524.0
T6,2018-05-07,33280.0
T6,2018-05-08,35850.0
T6,2018-05-09,35027.0
T6,2018-05-10,34798.0
T6,2018-05-11,31769.0
T6,2018-05-12,25033.0
T6,2018-05-13,21027.0
T6,2018-05-14,33613.0
T6,2018-05-15,32572.0
T6,2018-05-16,32970.0
T6,2018-05-17,34235.0
T6,2018-05-18,37845.0
T6,2018-05-19,27240.0
T6,2018-05-20,16751.0
T6,2018-05-21,31322.0
T6,2018-05-22,32042.0
T6,2018-05-23,33401.0
T6,2018-05-24,34095.0
T6,2018-05-25,41226.0
T6,2018-05-26,28976.0
T6,2018-05-27,20017.0
T6,2018-05-28,31595.0
T6,2018-05-29,34283.0
T6,2018-05-30,32943.0
T6,2018-05-31,33905.0
T6,2018-06-01,39764.0
T6,2018-06-02,28035.0
T6,2018-06-03,20014.0
T6,2018-06-04,32526.0
T6,2018-06-05,34043.0
T6,2018-06-06,37124.0
T6,2018-06-07,33249.0
T6,2018-06-08,35434.0
T6,2018-06-09,28957.0
T6,2018-06-10,27002.0
T6,2018-06-11,20972.0
T6,2018-06-12,30944.0
T6,2018-06-13,31555.0
T6,2018-06-14,33130.0
T6,2018-06-15,35535.0
T6,2018-06-16,26193.0
T6,2018-06-17,13191.0
T6,2018-06-18,32397.0
T6,2018-06-19,34177.0
T6,2018-06-20,32870.0
T6,2018-06-21,34825.0
T6,2018-06-22,37749.0
T6,2018-06-23,25187.0
T6,2018-06-24,19192.0
T6,2018-06-25,31636.0
T6,2018-06-26,33432.0
T6,2018-06-27,33614.0
T6,2018-06-28,34776.0
T6,2018-06-29,38295.0
T6,2018-06-30,24277.0
T6,2018-07-01,20701.0
T6,2018-07-02,33844.0
T6,2018-07-03,33143.0
T6,2018-07-04,34379.0
T6,2018-07-05,35758.0
T6,2018-07-06,41077.0
T6,2018-07-07,27052.0
T6,2018-07-08,20851.0
T6,2018-07-09,34369.0
T6,2018-07-10,35805.0
T6,2018-07-11,36428.0
T6,2018-07-12,36572.0
T6,2018-07-13,42434.0
T6,2018-07-14,29552.0
T6,2018-07-15,20666.0
T6,2018-07-16,32959.0
T6,2018-07-17,33655.0
T6,2018-07-18,34265.0
T6,2018-07-19,34273.0
T6,2018-07-20,39803.0
T6,2018-07-21,26880.0
T6,2018-07-22,21239.0
T6,2018-07-23,30250.0
T6,2018-07-24,32518.0
T6,2018-07-25,35936.0
T6,2018-07-26,35238.0
T6,2018-07-27,43481.0
T6,2018-07-28,30669.0
T6,2018-07-29,21123.0
T6,2018-07-30,32567.0
T6,2018-07-31,32795.0
T6,2018-08-01,35300.0
T6,2018-08-02,35805.0
T6,2018-08-03,38358.0
T6,2018-08-04,28167.0
T6,2018-08-05,21147.0
T6,2018-08-06,41386.0
T6,2018-08-07,29185.0
T6,2018-08-08,19616.0
T6,2018-08-09,33849.0
T6,2018-08-10,34395.0
T6,2018-08-11,34825.0
T6,2018-08-12,31812.0
T6,2018-08-13,37837.0
T6,2018-08-14,22234.0
T6,2018-08-15,17768.0
T6,2018-08-16,31652.0
T6,2018-08-17,35159.0
T6,2018-08-18,35293.0
T6,2018-08-19,33830.0
T6,2018-08-20,41426.0
T6,2018-08-21,28330.0
T6,2018-08-22,19864.0
T6,2018-08-23,34153.0
T6,2018-08-24,36551.0
T6,2018-08-25,35802.0
T6,2018-08-26,36881.0
T6,2018-08-27,43682.0
T6,2018-08-28,23410.0
T6,2018-08-29,19854.0
T6,2018-08-30,32975.0
T6,2018-08-31,33953.0
T6,2018-09-01,33357.0
T6,2018-09-02,36913.0
T6,2018-09-03,43308.0
T6,2018-09-04,30623.0
T6,2018-09-05,20376.0
T6,2018-09-06,35439.0
T6,2018-09-07,36968.0
T6,2018-09-08,38915.0
T6,2018-09-09,44263.0
T6,2018-09-10,26838.0
T6,2018-09-11,26276.0
T6,2018-09-12,23936.0
T6,2018-09-13,37425.0
T6,2018-09-14,37584.0
T6,2018-09-15,35698.0
T6,2018-09-16,37503.0
T6,2018-09-17,45865.0
T6,2018-09-18,32578.0
T6,2018-09-19,23076.0
T6,2018-09-20,35353.0
T6,2018-09-21,31874.0
T6,2018-09-22,36230.0
T6,2018-09-23,39418.0
T6,2018-09-24,47539.0
T6,2018-09-25,33842.0
T6,2018-09-26,25036.0
T6,2018-09-27,35209.0
T6,2018-09-28,34509.0
T6,2018-09-29,36321.0
T6,2018-09-30,36948.0
T6,2018-10-01,48091.0
T6,2018-10-02,25778.0
T6,2018-10-03,22813.0
T6,2018-10-04,38254.0
T6,2018-10-05,36724.0
T6,2018-10-06,37628.0
T6,2018-10-07,41459.0
T6,2018-10-08,46482.0
T6,2018-10-09,31181.0
T6,2018-10-10,25895.0
T6,2018-10-11,36543.0
T6,2018-10-12,37773.0
T6,2018-10-13,36812.0
T6,2018-10-14,40916.0
T6,2018-10-15,41903.0
T6,2018-10-16,30571.0
T6,2018-10-17,23730.0
T6,2018-10-18,37975.0
T6,2018-10-19,18837.0
T6,2018-10-20,36271.0
T6,2018-10-21,39094.0
T6,2018-10-22,43065.0
T6,2018-10-23,32578.0
T6,2018-10-24,24732.0
T6,2018-10-25,38043.0
T6,2018-10-26,38296.0
T6,2018-10-27,36330.0
T6,2018-10-28,40204.0
T6,2018-10-29,46811.0
T6,2018-10-30,32690.0
T6,2018-10-31,25571.0
T6,2018-11-01,10561.0
T6,2018-11-02,300.0
T6,2018-11-03,38303.0
T6,2018-11-04,37776.0
T6,2018-11-05,37243.0
T6,2018-11-06,28501.0
T6,2018-11-07,25433.0
T6,2018-11-08,37214.0
T6,2018-11-09,38245.0
T6,2018-11-10,38800.0
T6,2018-11-11,40546.0
T6,2018-11-12,49254.0
T6,2018-11-13,35463.0
T6,2018-11-14,24012.0
T6,2018-11-15,36549.0
T6,2018-11-16,39884.0
T6,2018-11-17,42914.0
T6,2018-11-18,43578.0
T6,2018-11-19,41487.0
T6,2018-11-20,31362.0
T6,2018-11-21,23192.0
T6,2018-11-22,39871.0
T6,2018-11-23,42193.0
T6,2018-11-24,43136.0
T6,2018-11-25,37271.0
T6,2018-11-26,43884.0
T6,2018-11-27,31842.0
T6,2018-11-28,22207.0
T6,2018-11-29,38984.0
T6,2018-11-30,41019.0
T6,2018-12-01,41332.0
T6,2018-12-02,42175.0
T6,2018-12-03,41952.0
T6,2018-12-04,33115.0
T6,2018-12-05,33796.0
T6,2018-12-06,32187.0
T6,2018-12-07,22138.0
T6,2018-12-08,30784.0
T6,2018-12-09,27740.0
T6,2018-12-10,30187.0
T6,2018-12-11,28620.0
T6,2018-12-12,23893.0
T6,2018-12-13,54545.0
T6,2018-12-14,21988.0
T6,2018-12-15,28216.0
T6,2018-12-16,29566.0
T6,2018-12-17,24577.0
T6,2018-12-18,24442.0
T6,2018-12-19,22079.0
T6,2018-12-20,32686.0
T6,2018-12-21,34014.0
T6,2018-12-22,35943.0
T6,2018-12-23,35448.0
T6,2018-12-24,40707.0
T6,2018-12-25,26261.0
T6,2018-12-26,21577.0
T6,2018-12-27,34907.0
T6,2018-12-28,36587.0
T6,2018-12-29,38048.0
T6,2018-12-30,39662.0
T6,2018-12-31,42519.0
T6,2019-01-01,32222.0
T6,2019-01-02,24681.0
T6,2019-01-03,38762.0
T6,2019-01-04,40370.0
T6,2019-01-05,41297.0
T6,2019-01-06,37733.0
T6,2019-01-07,37157.0
T6,2019-01-08,30523.0
T6,2019-01-09,25102.0
T6,2019-01-10,20130.0
T6,2019-01-11,34785.0
T6,2019-01-12,33713.0
T6,2019-01-13,38622.0
T6,2019-01-14,45066.0
T6,2019-01-15,30427.0
T6,2019-01-16,20294.0
T6,2019-01-17,37525.0
T6,2019-01-18,39906.0
T6,2019-01-19,36214.0
T6,2019-01-20,40572.0
T6,2019-01-21,45894.0
T6,2019-01-22,33020.0
T6,2019-01-23,29592.0
T6,2019-01-24,37022.0
T6,2019-01-25,35552.0
T6,2019-01-26,39022.0
T6,2019-01-27,42106.0
T6,2019-01-28,44533.0
T6,2019-01-29,31573.0
T6,2019-01-30,25074.0
T6,2019-01-31,36569.0
T6,2019-02-01,37263.0
T6,2019-02-02,38296.0
T6,2019-02-03,39152.0
T6,2019-02-04,46692.0
T6,2019-02-05,33153.0
T6,2019-02-06,27386.0
T6,2019-02-07,36478.0
T6,2019-02-08,39900.0
T6,2019-02-09,40560.0
T6,2019-02-10,39903.0
T6,2019-02-11,42216.0
T6,2019-02-12,25336.0
T6,2019-02-13,18268.0
T6,2019-02-14,37967.0
T6,2019-02-15,39243.0
T6,2019-02-16,37987.0
T6,2019-02-17,41694.0
T6,2019-02-18,42562.0
T6,2019-02-19,32393.0
T6,2019-02-20,28736.0
T6,2019-02-21,25590.0
T6,2019-02-22,36525.0
T6,2019-02-23,38134.0
T6,2019-02-24,40258.0
T6,2019-02-25,46579.0
T6,2019-02-26,31933.0
T6,2019-02-27,24339.0
T6,2019-02-28,39014.0
T6,2019-03-01,38703.0
T6,2019-03-02,38043.0
T6,2019-03-03,41123.0
T6,2019-03-04,48004.0
T6,2019-03-05,29458.0
T6,2019-03-06,21567.0
T6,2019-03-07,35086.0
T6,2019-03-08,37218.0
T6,2019-03-09,37908.0
T6,2019-03-10,41462.0
T6,2019-03-11,41130.0
T6,2019-03-12,22748.0
T6,2019-03-13,18850.0
T6,2019-03-14,33383.0
T6,2019-03-15,37049.0
T6,2019-03-16,36828.0
T6,2019-03-17,38396.0
T6,2019-03-18,44414.0
T6,2019-03-19,28006.0
T6,2019-03-20,23381.0
T6,2019-03-21,31842.0
T6,2019-03-22,34150.0
T6,2019-03-23,34182.0
T6,2019-03-24,36514.0
T6,2019-03-25,42067.0
T6,2019-03-26,27129.0
T6,2019-03-27,23643.0
T6,2019-03-28,34623.0
T6,2019-03-29,36633.0
T6,2019-03-30,35885.0
T6,2019-03-31,38218.0
T6,2019-04-01,25315.0
T6,2019-04-02,29654.0
T6,2019-04-03,23021.0
T6,2019-04-04,20449.0
T6,2019-04-05,30429.0
T6,2019-04-06,35816.0
T6,2019-04-07,26288.0
T6,2019-04-08,33601.0
T6,2019-04-09,24535.0
T6,2019-04-10,17066.0
T6,2019-04-11,34542.0
T6,2019-04-12,36629.0
T6,2019-04-13,35751.0
T6,2019-04-14,36566.0
T6,2019-04-15,42549.0
T6,2019-04-16,25430.0
T6,2019-04-17,20356.0
T6,2019-04-18,35923.0
T6,2019-04-19,37536.0
T6,2019-04-20,36379.0
T6,2019-04-21,36456.0
T6,2019-04-22,36389.0
T6,2019-04-23,25402.0
T6,2019-04-24,19334.0
T6,2019-04-25,35197.0
T6,2019-04-26,36684.0
T6,2019-04-27,37933.0
T6,2019-04-28,38762.0
T6,2019-04-29,43714.0
T6,2019-04-30,28081.0
T6,2019-05-01,21582.0
T6,2019-05-02,34992.0
T6,2019-05-03,37523.0
T6,2019-05-04,38025.0
T6,2019-05-05,38548.0
T6,2019-05-06,39931.0
T6,2019-05-07,25201.0
T6,2019-05-08,20426.0
T6,2019-05-09,33676.0
T6,2019-05-10,34796.0
T6,2019-05-11,34187.0
T6,2019-05-12,35046.0
T6,2019-05-13,38991.0
T6,2019-05-14,26262.0
T6,2019-05-15,18333.0
T6,2019-05-16,31655.0
T6,2019-05-17,36336.0
T6,2019-05-18,36266.0
T6,2019-05-19,37258.0
T6,2019-05-20,42873.0
T6,2019-05-21,27993.0
T6,2019-05-22,24320.0
T6,2019-05-23,19001.0
T6,2019-05-24,35841.0
T6,2019-05-25,31011.0
T6,2019-05-26,37350.0
T6,2019-05-27,39746.0
T6,2019-05-28,25451.0
T6,2019-05-29,17990.0
T6,2019-05-30,35408.0
T6,2019-05-31,34496.0
T6,2019-06-01,36097.0
T6,2019-06-02,35872.0
T6,2019-06-03,40247.0
T6,2019-06-04,24311.0
T6,2019-06-05,19240.0
T6,2019-06-06,36010.0
T6,2019-06-07,33439.0
T6,2019-06-08,37539.0
T6,2019-06-09,37987.0
T6,2019-06-10,43229.0
T6,2019-06-11,20663.0
T6,2019-06-12,21378.0
T6,2019-06-13,36432.0
T6,2019-06-14,35760.0
T6,2019-06-15,36536.0
T6,2019-06-16,38749.0
T6,2019-06-17,44272.0
T6,2019-06-18,29453.0
T6,2019-06-19,17928.0
T6,2019-06-20,33209.0
T6,2019-06-21,34909.0
T6,2019-06-22,34559.0
T6,2019-06-23,33459.0
T6,2019-06-24,37039.0
T6,2019-06-25,23505.0
T6,2019-06-26,15905.0
T6,2019-06-27,34396.0
T6,2019-06-28,35750.0
T6,2019-06-29,34904.0
T6,2019-06-30,37871.0
T6,2019-07-01,42949.0
T6,2019-07-02,27973.0
T6,2019-07-03,21530.0
T6,2019-07-04,34858.0
T6,2019-07-05,33804.0
T6,2019-07-06,36084.0
T6,2019-07-07,37376.0
T6,2019-07-08,39228.0
T6,2019-07-09,29753.0
T6,2019-07-10,22897.0
T6,2019-07-11,35711.0
T6,2019-07-12,36461.0
T6,2019-07-13,37314.0
T6,2019-07-14,36923.0
T6,2019-07-15,41091.0
T6,2019-07-16,26729.0
T6,2019-07-17,21040.0
T6,2019-07-18,35495.0
T6,2019-07-19,35239.0
T6,2019-07-20,36937.0
T6,2019-07-21,37319.0
T6,2019-07-22,38235.0
T6,2019-07-23,23737.0
T6,2019-07-24,18448.0
T6,2019-07-25,35558.0
T6,2019-07-26,36291.0
T6,2019-07-27,36304.0
T6,2019-07-28,37121.0
T6,2019-07-29,40033.0
T6,2019-07-30,32275.0
T6,2019-07-31,19083.0
T6,2019-08-01,34815.0
T6,2019-08-02,36250.0
T6,2019-08-03,36477.0
T6,2019-08-04,40571.0
T6,2019-08-05,48167.0
T6,2019-08-06,31475.0
T6,2019-08-07,21367.0
T6,2019-08-08,37118.0
T6,2019-08-09,35847.0
T6,2019-08-10,34474.0
T6,2019-08-11,38892.0
T6,2019-08-12,43569.0
T6,2019-08-13,24836.0
T6,2019-08-14,16195.0
T6,2019-08-15,35384.0
T6,2019-08-16,38295.0
T6,2019-08-17,37515.0
T6,2019-08-18,38523.0
T6,2019-08-19,42501.0
T6,2019-08-20,24623.0
T6,2019-08-21,17238.0
T6,2019-08-22,32805.0
T6,2019-08-23,36843.0
T6,2019-08-24,38838.0
T6,2019-08-25,37501.0
T6,2019-08-26,43312.0
T6,2019-08-27,35537.0
T6,2019-08-28,17444.0
T6,2019-08-29,35568.0
T6,2019-08-30,37692.0
T6,2019-08-31,39167.0
T6,2019-09-01,40108.0
T6,2019-09-02,46722.0
T6,2019-09-03,25271.0
T6,2019-09-04,21432.0
T6,2019-09-05,34920.0
T6,2019-09-06,36955.0
T6,2019-09-07,39622.0
T6,2019-09-08,46522.0
T6,2019-09-09,25566.0
T6,2019-09-10,27294.0
T6,2019-09-11,22609.0
T6,2019-09-12,35498.0
T6,2019-09-13,40086.0
T6,2019-09-14,41684.0
T6,2019-09-15,43987.0
T6,2019-09-16,41062.0
T6,2019-09-17,31833.0
T6,2019-09-18,23236.0
T6,2019-09-19,38291.0
T6,2019-09-20,35939.0
T6,2019-09-21,37125.0
T6,2019-09-22,39352.0
T6,2019-09-23,46535.0
T6,2019-09-24,34157.0
T6,2019-09-25,25926.0
T6,2019-09-26,37387.0
T6,2019-09-27,40414.0
T6,2019-09-28,36932.0
T6,2019-09-29,36662.0
T6,2019-09-30,45679.0
T6,2019-10-01,27239.0
T6,2019-10-02,20783.0
T6,2019-10-03,38295.0
T6,2019-10-04,40485.0
T6,2019-10-05,44136.0
T6,2019-10-06,44386.0
T6,2019-10-07,44110.0
T6,2019-10-08,26069.0
T6,2019-10-09,22537.0
T6,2019-10-10,39899.0
T6,2019-10-11,42724.0
T6,2019-10-12,42474.0
T6,2019-10-13,42531.0
T6,2019-10-14,46824.0
T6,2019-10-15,22340.0
T6,2019-10-16,20301.0
T6,2019-10-17,32498.0
T6,2019-10-18,25600.0
T6,2019-10-19,39359.0
T6,2019-10-20,36559.0
T6,2019-10-21,39170.0
T6,2019-10-22,25222.0
T6,2019-10-23,20313.0
T6,2019-10-24,41957.0
T6,2019-10-25,38561.0
T6,2019-10-26,39036.0
T6,2019-10-27,43257.0
T6,2019-10-28,46814.0
T6,2019-10-29,30112.0
T6,2019-10-30,22851.0
T6,2019-10-31,40731.0
T6,2019-11-01,41644.0
T6,2019-11-02,44523.0
T6,2019-11-03,39930.0
T6,2019-11-04,50735.0
T6,2019-11-05,32045.0
T6,2019-11-06,28076.0
T6,2019-11-07,41533.0
T6,2019-11-08,40831.0
T6,2019-11-09,44873.0
T6,2019-11-10,47725.0
T6,2019-11-11,51083.0
T6,2019-11-12,32201.0
T6,2019-11-13,21203.0
T6,2019-11-14,38387.0
T6,2019-11-15,41708.0
T6,2019-11-16,43704.0
T6,2019-11-17,46974.0
T6,2019-11-18,50624.0
T6,2019-11-19,36236.0
T6,2019-11-20,29455.0
T6,2019-11-21,40221.0
T6,2019-11-22,42191.0
T6,2019-11-23,43559.0
T6,2019-11-24,46002.0
T6,2019-11-25,51311.0
T6,2019-11-26,35162.0
T6,2019-11-27,30132.0
T6,2019-11-28,43832.0
T6,2019-11-29,45878.0
T6,2019-11-30,42778.0
T6,2019-12-01,49769.0
T6,2019-12-02,41554.0
T6,2019-12-03,33137.0
T6,2019-12-04,31053.0
T6,2019-12-05,38987.0
T6,2019-12-06,36284.0
T6,2019-12-07,25011.0
T6,2019-12-08,33150.0
T6,2019-12-09,36232.0
T6,2019-12-10,32094.0
T6,2019-12-11,27931.0
T6,2019-12-12,24124.0
T6,2019-12-13,55285.0
T6,2019-12-14,24331.0
T6,2019-12-15,31521.0
T6,2019-12-16,30473.0
T6,2019-12-17,25826.0
T6,2019-12-18,18101.0
T6,2019-12-19,29722.0
T6,2019-12-20,32439.0
T6,2019-12-21,37187.0
T6,2019-12-22,37252.0
T6,2019-12-23,32896.0
T6,2019-12-24,26659.0
T6,2019-12-25,21452.0
T6,2019-12-26,35608.0
T6,2019-12-27,33320.0
T6,2019-12-28,29822.0
T6,2019-12-29,36106.0
T6,2019-12-30,42809.0
T6,2019-12-31,30313.0
T6,2020-01-01,23379.0
T6,2020-01-02,31205.0
T6,2020-01-03,40056.0
T6,2020-01-04,37068.0
T6,2020-01-05,37700.0
T6,2020-01-06,44917.0
T6,2020-01-07,35167.0
T6,2020-01-08,30929.0
T6,2020-01-09,22701.0
T6,2020-01-10,38291.0
T6,2020-01-11,39426.0
T6,2020-01-12,37776.0
T6,2020-01-13,37657.0
T6,2020-01-14,19884.0
T6,2020-01-15,23216.0
T6,2020-01-16,35791.0
T6,2020-01-17,37925.0
T6,2020-01-18,39081.0
T6,2020-01-19,39563.0
T6,2020-01-20,42173.0
T6,2020-01-21,30060.0
T6,2020-01-22,21726.0
T6,2020-01-23,36599.0
T6,2020-01-24,37242.0
T6,2020-01-25,37677.0
T6,2020-01-26,40034.0
T6,2020-01-27,40430.0
T6,2020-01-28,23830.0
T6,2020-01-29,23024.0
T6,2020-01-30,38603.0
T6,2020-01-31,34464.0
T6,2020-02-01,37019.0
T6,2020-02-02,40965.0
T6,2020-02-03,45221.0
T6,2020-02-04,31605.0
T6,2020-02-05,23496.0
T6,2020-02-06,34897.0
T6,2020-02-07,37337.0
T6,2020-02-08,40160.0
T6,2020-02-09,39723.0
T6,2020-02-10,44921.0
T6,2020-02-11,29800.0
T6,2020-02-12,21066.0
T6,2020-02-13,37343.0
T6,2020-02-14,38683.0
T6,2020-02-15,35921.0
T6,2020-02-16,33254.0
T6,2020-02-17,40527.0
T6,2020-02-18,28653.0
T6,2020-02-19,27975.0
T6,2020-02-20,22215.0
T6,2020-02-21,36537.0
T6,2020-02-22,36218.0
T6,2020-02-23,37176.0
T6,2020-02-24,35466.0
T6,2020-02-25,24759.0
T6,2020-02-26,17568.0
T6,2020-02-27,27759.0
T6,2020-02-28,23231.0
T6,2020-02-29,19003.0
T6,2020-03-01,18284.0
T6,2020-03-02,18059.0
T6,2020-03-03,11707.0
T6,2020-03-04,8170.0
T6,2020-03-05,11143.0
T6,2020-03-06,9146.0
T6,2020-03-07,7069.0
T6,2020-03-08,6644.0
T6,2020-03-09,6551.0
T6,2020-03-10,4567.0
T6,2020-03-11,3644.0
T6,2020-03-12,5422.0
T6,2020-03-13,4816.0
T6,2020-03-14,4684.0
T6,2020-03-15,4199.0
T6,2020-03-16,4618.0
T6,2020-03-17,2960.0
T6,2020-03-18,2753.0
T6,2020-03-19,4610.0
T6,2020-03-20,5126.0
T6,2020-03-21,4447.0
T6,2020-03-22,4994.0
T6,2020-03-23,2823.0
T6,2020-03-24,3239.0
T6,2020-03-25,3110.0
T6,2020-03-26,3610.0
T6,2020-03-27,4470.0
T6,2020-03-28,5041.0
T6,2020-03-29,4806.0
T6,2020-03-30,4673.0
T6,2020-03-31,3863.0
T6,2020-04-01,3570.0
T6,2020-04-02,4580.0
T6,2020-04-03,4882.0
T6,2020-04-04,4727.0
T6,2020-04-05,4913.0
T6,2020-04-06,5600.0
T6,2020-04-07,4166.0
T6,2020-04-08,3442.0
T6,2020-04-09,5086.0
T6,2020-04-10,5180.0
T6,2020-04-11,4162.0
T6,2020-04-12,4904.0
T8,2009-05-21,1456.0
T8,2009-05-22,2252.0
T8,2009-05-23,1181.0
T8,2009-05-24,1274.0
T8,2009-05-25,1072.0
T8,2009-05-26,1278.0
T8,2009-05-27,1305.0
T8,2009-05-28,1183.0
T8,2009-05-29,1585.0
T8,2009-05-30,1016.0
T8,2009-05-31,1502.0
T8,2009-06-01,1190.0
T8,2009-06-02,1154.0
T8,2009-06-03,1564.0
T8,2009-06-04,1320.0
T8,2009-06-05,1604.0
T8,2009-06-06,1028.0
T8,2009-06-07,1028.0
T8,2009-06-08,638.0
T8,2009-06-09,805.0
T8,2009-06-10,920.0
T8,2009-06-11,1164.0
T8,2009-06-12,1552.0
T8,2009-06-13,847.0
T8,2009-06-14,764.0
T8,2009-06-15,1245.0
T8,2009-06-16,1214.0
T8,2009-06-17,1219.0
T8,2009-06-18,1341.0
T8,2009-06-19,1548.0
T8,2009-06-20,836.0
T8,2009-06-21,812.0
T8,2009-06-22,1296.0
T8,2009-06-23,1184.0
T8,2009-06-24,1347.0
T8,2009-06-25,1293.0
T8,2009-06-26,1385.0
T8,2009-06-27,862.0
T8,2009-06-28,1376.0
T8,2009-06-29,1326.0
T8,2009-06-30,1125.0
T8,2009-07-01,1050.0
T8,2009-07-02,1007.0
T8,2009-07-03,1001.0
T8,2009-07-04,1073.0
T8,2009-07-05,1564.0
T8,2009-07-06,1117.0
T8,2009-07-07,1306.0
T8,2009-07-08,1276.0
T8,2009-07-09,1343.0
T8,2009-07-10,1662.0
T8,2009-07-11,588.0
T8,2009-07-12,754.0
T8,2009-07-13,899.0
T8,2009-07-14,1133.0
T8,2009-07-15,1235.0
T8,2009-07-16,1362.0
T8,2009-07-17,1531.0
T8,2009-07-18,1030.0
T8,2009-07-19,1278.0
T8,2009-07-20,1140.0
T8,2009-07-21,1180.0
T8,2009-07-22,1040.0
T8,2009-07-23,1057.0
T8,2009-07-24,1215.0
T8,2009-07-25,1172.0
T8,2009-07-26,825.0
T8,2009-07-27,1076.0
T8,2009-07-28,1147.0
T8,2009-07-29,1178.0
T8,2009-07-30,1187.0
T8,2009-07-31,1433.0
T8,2009-08-01,1065.0
T8,2009-08-02,797.0
T8,2009-08-03,1202.0
T8,2009-08-04,1176.0
T8,2009-08-05,1240.0
T8,2009-08-06,1332.0
T8,2009-08-07,1160.0
T8,2009-08-08,1429.0
T8,2009-08-09,834.0
T8,2009-08-10,1099.0
T8,2009-08-11,1123.0
T8,2009-08-12,1278.0
T8,2009-08-13,1290.0
T8,2009-08-14,1388.0
T8,2009-08-15,1098.0
T8,2009-08-16,849.0
T8,2009-08-17,1199.0
T8,2009-08-18,1359.0
T8,2009-08-19,1356.0
T8,2009-08-20,1058.0
T8,2009-08-21,1683.0
T8,2009-08-22,1180.0
T8,2009-08-23,1302.0
T8,2009-08-24,916.0
T8,2009-08-25,1034.0
T8,2009-08-26,1094.0
T8,2009-08-27,1266.0
T8,2009-08-28,1238.0
T8,2009-08-29,958.0
T8,2009-08-30,1263.0
T8,2009-08-31,1132.0
T8,2009-09-01,1231.0
T8,2009-09-02,1383.0
T8,2009-09-03,1399.0
T8,2009-09-04,1077.0
T8,2009-09-05,1061.0
T8,2009-09-06,837.0
T8,2009-09-07,1095.0
T8,2009-09-08,1116.0
T8,2009-09-09,1209.0
T8,2009-09-10,1336.0
T8,2009-09-11,1495.0
T8,2009-09-12,1016.0
T8,2009-09-13,1047.0
T8,2009-09-14,1252.0
T8,2009-09-15,1549.0
T8,2009-09-16,1468.0
T8,2009-09-17,1026.0
T8,2009-09-18,1589.0
T8,2009-09-19,876.0
T8,2009-09-20,1279.0
T8,2009-09-21,1413.0
T8,2009-09-22,1363.0
T8,2009-09-23,1374.0
T8,2009-09-24,1208.0
T8,2009-09-25,1020.0
T8,2009-09-26,890.0
T8,2009-09-27,482.0
T8,2009-09-28,1020.0
T8,2009-09-29,1599.0
T8,2009-09-30,1518.0
T8,2009-10-01,1479.0
T8,2009-10-02,1324.0
T8,2009-10-03,1336.0
T8,2009-10-04,1237.0
T8,2009-10-05,1523.0
T8,2009-10-06,1217.0
T8,2009-10-07,1462.0
T8,2009-10-08,1514.0
T8,2009-10-09,1751.0
T8,2009-10-10,1396.0
T8,2009-10-11,1163.0
T8,2009-10-12,1261.0
T8,2009-10-13,1338.0
T8,2009-10-14,1429.0
T8,2009-10-15,1157.0
T8,2009-10-16,1518.0
T8,2009-10-17,1110.0
T8,2009-10-18,1396.0
T8,2009-10-19,1856.0
T8,2009-10-20,1897.0
T8,2009-10-21,1754.0
T8,2009-10-22,2010.0
T8,2009-10-23,1834.0
T8,2009-10-24,1841.0
T8,2009-10-25,1088.0
T8,2009-10-26,1963.0
T8,2009-10-27,2015.0
T8,2009-10-28,1875.0
T8,2009-10-29,2048.0
T8,2009-10-30,1619.0
T8,2009-10-31,1369.0
T8,2009-11-01,1287.0
T8,2009-11-02,2015.0
T8,2009-11-03,1141.0
T8,2009-11-04,1767.0
T8,2009-11-05,1971.0
T8,2009-11-06,2391.0
T8,2009-11-07,1567.0
T8,2009-11-08,1298.0
T8,2009-11-09,1752.0
T8,2009-11-10,1753.0
T8,2009-11-11,1908.0
T8,2009-11-12,2076.0
T8,2009-11-13,2184.0
T8,2009-11-14,1470.0
T8,2009-11-15,1587.0
T8,2009-11-16,1961.0
T8,2009-11-17,2346.0
T8,2009-11-18,2239.0
T8,2009-11-19,1941.0
T8,2009-11-20,2138.0
T8,2009-11-21,1198.0
T8,2009-11-22,621.0
T8,2009-11-23,2138.0
T8,2009-11-24,2397.0
T8,2009-11-25,2380.0
T8,2009-11-26,1991.0
T8,2009-11-27,2334.0
T8,2009-11-28,1339.0
T8,2009-11-29,1187.0
T8,2009-11-30,2075.0
T8,2009-12-01,2435.0
T8,2009-12-02,2445.0
T8,2009-12-03,2447.0
T8,2009-12-04,2460.0
T8,2009-12-05,1414.0
T8,2009-12-06,1514.0
T8,2009-12-07,2328.0
T8,2009-12-08,1865.0
T8,2009-12-09,2780.0
T8,2009-12-10,2310.0
T8,2009-12-11,2601.0
T8,2009-12-12,1343.0
T8,2009-12-13,1156.0
T8,2009-12-14,2770.0
T8,2009-12-15,2781.0
T8,2009-12-16,2315.0
T8,2009-12-17,2359.0
T8,2009-12-18,2875.0
T8,2009-12-19,1532.0
T8,2009-12-20,1354.0
T8,2009-12-21,2661.0
T8,2009-12-22,2769.0
T8,2009-12-23,2449.0
T8,2009-12-24,1664.0
T8,2009-12-25,768.0
T8,2009-12-26,1438.0
T8,2009-12-27,1568.0
T8,2009-12-28,1542.0
T8,2009-12-29,2227.0
T8,2009-12-30,1788.0
T8,2009-12-31,2163.0
T8,2010-01-01,1415.0
T8,2010-01-02,1219.0
T8,2010-01-03,1570.0
T8,2010-01-04,2468.0
T8,2010-01-05,2531.0
T8,2010-01-06,2476.0
T8,2010-01-07,2636.0
T8,2010-01-08,2383.0
T8,2010-01-09,1078.0
T8,2010-01-10,1210.0
T8,2010-01-11,1551.0
T8,2010-01-12,1944.0
T8,2010-01-13,2529.0
T8,2010-01-14,2723.0
T8,2010-01-15,2858.0
T8,2010-01-16,1708.0
T8,2010-01-17,1263.0
T8,2010-01-18,1929.0
T8,2010-01-19,2530.0
T8,2010-01-20,2700.0
T8,2010-01-21,2692.0
T8,2010-01-22,2664.0
T8,2010-01-23,1702.0
T8,2010-01-24,1833.0
T8,2010-01-25,2494.0
T8,2010-01-26,2018.0
T8,2010-01-27,2579.0
T8,2010-01-28,2713.0
T8,2010-01-29,2561.0
T8,2010-01-30,1402.0
T8,2010-01-31,932.0
T8,2010-02-01,2627.0
T8,2010-02-02,2528.0
T8,2010-02-03,2588.0
T8,2010-02-04,2239.0
T8,2010-02-05,2511.0
T8,2010-02-06,1822.0
T8,2010-02-07,1849.0
T8,2010-02-08,2469.0
T8,2010-02-09,2650.0
T8,2010-02-10,2461.0
T8,2010-02-11,2944.0
T8,2010-02-12,2660.0
T8,2010-02-13,1772.0
T8,2010-02-14,1454.0
T8,2010-02-15,3238.0
T8,2010-02-16,2884.0
T8,2010-02-17,2916.0
T8,2010-02-18,3106.0
T8,2010-02-19,3190.0
T8,2010-02-20,1440.0
T8,2010-02-21,1865.0
T8,2010-02-22,2558.0
T8,2010-02-23,2889.0
T8,2010-02-24,2940.0
T8,2010-02-25,2896.0
T8,2010-02-26,2774.0
T8,2010-02-27,1390.0
T8,2010-02-28,1276.0
T8,2010-03-01,2437.0
T8,2010-03-02,2818.0
T8,2010-03-03,3289.0
T8,2010-03-04,2746.0
T8,2010-03-05,2609.0
T8,2010-03-06,1559.0
T8,2010-03-07,975.0
T8,2010-03-08,1070.0
T8,2010-03-09,2462.0
T8,2010-03-10,2418.0
T8,2010-03-11,2651.0
T8,2010-03-12,2954.0
T8,2010-03-13,2366.0
T8,2010-03-14,1804.0
T8,2010-03-15,2719.0
T8,2010-03-16,2960.0
T8,2010-03-17,2631.0
T8,2010-03-18,2781.0
T8,2010-03-19,2914.0
T8,2010-03-20,2322.0
T8,2010-03-21,1698.0
T8,2010-03-22,2759.0
T8,2010-03-23,2808.0
T8,2010-03-24,2835.0
T8,2010-03-25,3017.0
T8,2010-03-26,2894.0
T8,2010-03-27,1515.0
T8,2010-03-28,1981.0
T8,2010-03-29,2534.0
T8,2010-03-30,2862.0
T8,2010-03-31,3030.0
T8,2010-04-01,2834.0
T8,2010-04-02,1624.0
T8,2010-04-03,1955.0
T8,2010-04-04,1650.0
T8,2010-04-05,1756.0
T8,2010-04-06,2852.0
T8,2010-04-07,2853.0
T8,2010-04-08,2933.0
T8,2010-04-09,3571.0
T8,2010-04-10,1732.0
T8,2010-04-11,1536.0
T8,2010-04-12,2569.0
T8,2010-04-13,2991.0
T8,2010-04-14,2960.0
T8,2010-04-15,2768.0
T8,2010-04-16,3443.0
T8,2010-04-17,2063.0
T8,2010-04-18,2188.0
T8,2010-04-19,2928.0
T8,2010-04-20,3121.0
T8,2010-04-21,2855.0
T8,2010-04-22,2896.0
T8,2010-04-23,3113.0
T8,2010-04-24,1395.0
T8,2010-04-25,1493.0
T8,2010-04-26,1771.0
T8,2010-04-27,2463.0
T8,2010-04-28,2646.0
T8,2010-04-29,2832.0
T8,2010-04-30,3596.0
T8,2010-05-01,1740.0
T8,2010-05-02,1140.0
T8,2010-05-03,2847.0
T8,2010-05-04,2800.0
T8,2010-05-05,2809.0
T8,2010-05-06,2701.0
T8,2010-05-07,2907.0
T8,2010-05-08,1656.0
T8,2010-05-09,1406.0
T8,2010-05-10,3276.0
T8,2010-05-11,2619.0
T8,2010-05-12,2712.0
T8,2010-05-13,2585.0
T8,2010-05-14,2847.0
T8,2010-05-15,1404.0
T8,2010-05-16,1976.0
T8,2010-05-17,3049.0
T8,2010-05-18,3086.0
T8,2010-05-19,2996.0
T8,2010-05-20,3055.0
T8,2010-05-21,3183.0
T8,2010-05-22,1950.0
T8,2010-05-23,1950.0
T8,2010-05-24,2533.0
T8,2010-05-25,2630.0
T8,2010-05-26,3182.0
T8,2010-05-27,2913.0
T8,2010-05-28,3300.0
T8,2010-05-29,1558.0
T8,2010-05-30,1415.0
T8,2010-05-31,2937.0
T8,2010-06-01,3026.0
T8,2010-06-02,2989.0
T8,2010-06-03,3024.0
T8,2010-06-04,3198.0
T8,2010-06-05,1187.0
T8,2010-06-06,1409.0
T8,2010-06-07,2757.0
T8,2010-06-08,2927.0
T8,2010-06-09,2388.0
T8,2010-06-10,2701.0
T8,2010-06-11,2960.0
T8,2010-06-12,1750.0
T8,2010-06-13,1613.0
T8,2010-06-14,1617.0
T8,2010-06-15,2805.0
T8,2010-06-16,2573.0
T8,2010-06-17,2425.0
T8,2010-06-18,3004.0
T8,2010-06-19,1403.0
T8,2010-06-20,931.0
T8,2010-06-21,2869.0
T8,2010-06-22,2837.0
T8,2010-06-23,2765.0
T8,2010-06-24,2779.0
T8,2010-06-25,2623.0
T8,2010-06-26,1113.0
T8,2010-06-27,1328.0
T8,2010-06-28,2787.0
T8,2010-06-29,2377.0
T8,2010-06-30,2739.0
T8,2010-07-01,3160.0
T8,2010-07-02,2810.0
T8,2010-07-03,1549.0
T8,2010-07-04,1696.0
T8,2010-07-05,2963.0
T8,2010-07-06,3330.0
T8,2010-07-07,2997.0
T8,2010-07-08,2904.0
T8,2010-07-09,3284.0
T8,2010-07-10,1219.0
T8,2010-07-11,1988.0
T8,2010-07-12,2989.0
T8,2010-07-13,2970.0
T8,2010-07-14,2615.0
T8,2010-07-15,2966.0
T8,2010-07-16,3156.0
T8,2010-07-17,1494.0
T8,2010-07-18,1085.0
T8,2010-07-19,2910.0
T8,2010-07-20,2757.0
T8,2010-07-21,2942.0
T8,2010-07-22,2574.0
T8,2010-07-23,3576.0
T8,2010-07-24,1560.0
T8,2010-07-25,2021.0
T8,2010-07-26,3016.0
T8,2010-07-27,3098.0
T8,2010-07-28,3034.0
T8,2010-07-29,2898.0
T8,2010-07-30,3715.0
T8,2010-07-31,1609.0
T8,2010-08-01,1104.0
T8,2010-08-02,2724.0
T8,2010-08-03,2865.0
T8,2010-08-04,2716.0
T8,2010-08-05,2788.0
T8,2010-08-06,3018.0
T8,2010-08-07,1504.0
T8,2010-08-08,1765.0
T8,2010-08-09,3154.0
T8,2010-08-10,2369.0
T8,2010-08-11,2407.0
T8,2010-08-12,2725.0
T8,2010-08-13,2888.0
T8,2010-08-14,1509.0
T8,2010-08-15,1005.0
T8,2010-08-16,2467.0
T8,2010-08-17,2959.0
T8,2010-08-18,2410.0
T8,2010-08-19,2841.0
T8,2010-08-20,3418.0
T8,2010-08-21,1553.0
T8,2010-08-22,1764.0
T8,2010-08-23,3052.0
T8,2010-08-24,2738.0
T8,2010-08-25,2471.0
T8,2010-08-26,2596.0
T8,2010-08-27,2863.0
T8,2010-08-28,1617.0
T8,2010-08-29,1714.0
T8,2010-08-30,3157.0
T8,2010-08-31,2785.0
T8,2010-09-01,2331.0
T8,2010-09-02,2983.0
T8,2010-09-03,3095.0
T8,2010-09-04,919.0
T8,2010-09-05,969.0
T8,2010-09-06,2773.0
T8,2010-09-07,3168.0
T8,2010-09-08,2953.0
T8,2010-09-09,2561.0
T8,2010-09-10,2646.0
T8,2010-09-11,1293.0
T8,2010-09-12,1300.0
T8,2010-09-13,2408.0
T8,2010-09-14,2753.0
T8,2010-09-15,2347.0
T8,2010-09-16,2429.0
T8,2010-09-17,2869.0
T8,2010-09-18,1234.0
T8,2010-09-19,1442.0
T8,2010-09-20,2700.0
T8,2010-09-21,2730.0
T8,2010-09-22,2883.0
T8,2010-09-23,3007.0
T8,2010-09-24,2929.0
T8,2010-09-25,1239.0
T8,2010-09-26,1882.0
T8,2010-09-27,2399.0
T8,2010-09-28,2698.0
T8,2010-09-29,2861.0
T8,2010-09-30,3035.0
T8,2010-10-01,3474.0
T8,2010-10-02,1722.0
T8,2010-10-03,1904.0
T8,2010-10-04,2843.0
T8,2010-10-05,3343.0
T8,2010-10-06,2670.0
T8,2010-10-07,3084.0
T8,2010-10-08,3176.0
T8,2010-10-09,2007.0
T8,2010-10-10,2092.0
T8,2010-10-11,3317.0
T8,2010-10-12,3001.0
T8,2010-10-13,2587.0
T8,2010-10-14,3270.0
T8,2010-10-15,1808.0
T8,2010-10-16,1084.0
T8,2010-10-17,1244.0
T8,2010-10-18,2776.0
T8,2010-10-19,3365.0
T8,2010-10-20,3800.0
T8,2010-10-21,3613.0
T8,2010-10-22,3528.0
T8,2010-10-23,1020.0
T8,2010-10-24,1920.0
T8,2010-10-25,3502.0
T8,2010-10-26,3274.0
T8,2010-10-27,3204.0
T8,2010-10-28,3636.0
T8,2010-10-29,3539.0
T8,2010-10-30,784.0
T8,2010-10-31,888.0
T8,2010-11-01,2613.0
T8,2010-11-02,1181.0
T8,2010-11-03,2876.0
T8,2010-11-04,3043.0
T8,2010-11-05,3544.0
T8,2010-11-06,2102.0
T8,2010-11-07,1426.0
T8,2010-11-08,3439.0
T8,2010-11-09,3794.0
T8,2010-11-10,3351.0
T8,2010-11-11,3506.0
T8,2010-11-12,3013.0
T8,2010-11-13,1102.0
T8,2010-11-14,1386.0
T8,2010-11-15,3160.0
T8,2010-11-16,3625.0
T8,2010-11-17,4105.0
T8,2010-11-18,3114.0
T8,2010-11-19,3716.0
T8,2010-11-20,1979.0
T8,2010-11-21,1822.0
T8,2010-11-22,3582.0
T8,2010-11-23,3689.0
T8,2010-11-24,3544.0
T8,2010-11-25,2786.0
T8,2010-11-26,3345.0
T8,2010-11-27,994.0
T8,2010-11-28,935.0
T8,2010-11-29,3392.0
T8,2010-11-30,3794.0
T8,2010-12-01,4085.0
T8,2010-12-02,3459.0
T8,2010-12-03,4384.0
T8,2010-12-04,1744.0
T8,2010-12-05,1648.0
T8,2010-12-06,3558.0
T8,2010-12-07,3428.0
T8,2010-12-08,2649.0
T8,2010-12-09,3708.0
T8,2010-12-10,3595.0
T8,2010-12-11,1928.0
T8,2010-12-12,1166.0
T8,2010-12-13,3749.0
T8,2010-12-14,4059.0
T8,2010-12-15,3465.0
T8,2010-12-16,4117.0
T8,2010-12-17,3589.0
T8,2010-12-18,1308.0
T8,2010-12-19,1010.0
T8,2010-12-20,3215.0
T8,2010-12-21,3384.0
T8,2010-12-22,4119.0
T8,2010-12-23,3644.0
T8,2010-12-24,2751.0
T8,2010-12-25,752.0
T8,2010-12-26,1531.0
T8,2010-12-27,1237.0
T8,2010-12-28,1929.0
T8,2010-12-29,2709.0
T8,2010-12-30,3072.0
T8,2010-12-31,3366.0
T8,2011-01-01,1978.0
T8,2011-01-02,2069.0
T8,2011-01-03,1645.0
T8,2011-01-04,3429.0
T8,2011-01-05,3622.0
T8,2011-01-06,3527.0
T8,2011-01-07,2946.0
T8,2011-01-08,1122.0
T8,2011-01-09,1712.0
T8,2011-01-10,3021.0
T8,2011-01-11,3182.0
T8,2011-01-12,2944.0
T8,2011-01-13,2561.0
T8,2011-01-14,2690.0
T8,2011-01-15,1781.0
T8,2011-01-16,1845.0
T8,2011-01-17,3471.0
T8,2011-01-18,3735.0
T8,2011-01-19,3813.0
T8,2011-01-20,3909.0
T8,2011-01-21,3692.0
T8,2011-01-22,2062.0
T8,2011-01-23,1997.0
T8,2011-01-24,3033.0
T8,2011-01-25,3818.0
T8,2011-01-26,1831.0
T8,2011-01-27,3732.0
T8,2011-01-28,3808.0
T8,2011-01-29,2040.0
T8,2011-01-30,1241.0
T8,2011-01-31,3331.0
T8,2011-02-01,3206.0
T8,2011-02-02,3832.0
T8,2011-02-03,3438.0
T8,2011-02-04,3029.0
T8,2011-02-05,1200.0
T8,2011-02-06,1756.0
T8,2011-02-07,3923.0
T8,2011-02-08,3719.0
T8,2011-02-09,4069.0
T8,2011-02-10,3769.0
T8,2011-02-11,3106.0
T8,2011-02-12,1985.0
T8,2011-02-13,1775.0
T8,2011-02-14,3791.0
T8,2011-02-15,3732.0
T8,2011-02-16,3561.0
T8,2011-02-17,3586.0
T8,2011-02-18,3797.0
T8,2011-02-19,1493.0
T8,2011-02-20,1601.0
T8,2011-02-21,3243.0
T8,2011-02-22,3547.0
T8,2011-02-23,3728.0
T8,2011-02-24,3951.0
T8,2011-02-25,4092.0
T8,2011-02-26,1708.0
T8,2011-02-27,957.0
T8,2011-02-28,3113.0
T8,2011-03-01,3534.0
T8,2011-03-02,3774.0
T8,2011-03-03,3548.0
T8,2011-03-04,3467.0
T8,2011-03-05,2057.0
T8,2011-03-06,1995.0
T8,2011-03-07,3840.0
T8,2011-03-08,3608.0
T8,2011-03-09,3229.0
T8,2011-03-10,3225.0
T8,2011-03-11,4151.0
T8,2011-03-12,1724.0
T8,2011-03-13,1431.0
T8,2011-03-14,1951.0
T8,2011-03-15,3515.0
T8,2011-03-16,3624.0
T8,2011-03-17,3561.0
T8,2011-03-18,3479.0
T8,2011-03-19,1896.0
T8,2011-03-20,1880.0
T8,2011-03-21,3271.0
T8,2011-03-22,3263.0
T8,2011-03-23,3664.0
T8,2011-03-24,3065.0
T8,2011-03-25,3177.0
T8,2011-03-26,1976.0
T8,2011-03-27,2237.0
T8,2011-03-28,3832.0
T8,2011-03-29,4043.0
T8,2011-03-30,3564.0
T8,2011-03-31,3699.0
T8,2011-04-01,3757.0
T8,2011-04-02,1768.0
T8,2011-04-03,1722.0
T8,2011-04-04,3234.0
T8,2011-04-05,4022.0
T8,2011-04-06,3939.0
T8,2011-04-07,3936.0
T8,2011-04-08,4130.0
T8,2011-04-09,1759.0
T8,2011-04-10,2037.0
T8,2011-04-11,3677.0
T8,2011-04-12,2882.0
T8,2011-04-13,3086.0
T8,2011-04-14,3625.0
T8,2011-04-15,4013.0
T8,2011-04-16,1767.0
T8,2011-04-17,2029.0
T8,2011-04-18,3794.0
T8,2011-04-19,3655.0
T8,2011-04-20,3281.0
T8,2011-04-21,3451.0
T8,2011-04-22,1338.0
T8,2011-04-23,1847.0
T8,2011-04-24,1704.0
T8,2011-04-25,1857.0
T8,2011-04-26,1907.0
T8,2011-04-27,3479.0
T8,2011-04-28,3711.0
T8,2011-04-29,3647.0
T8,2011-04-30,1854.0
T8,2011-05-01,1677.0
T8,2011-05-02,3197.0
T8,2011-05-03,3723.0
T8,2011-05-04,3496.0
T8,2011-05-05,3355.0
T8,2011-05-06,3711.0
T8,2011-05-07,1588.0
T8,2011-05-08,1148.0
T8,2011-05-09,3740.0
T8,2011-05-10,3426.0
T8,2011-05-11,2704.0
T8,2011-05-12,3022.0
T8,2011-05-13,3226.0
T8,2011-05-14,1206.0
T8,2011-05-15,1788.0
T8,2011-05-16,3410.0
T8,2011-05-17,3503.0
T8,2011-05-18,3393.0
T8,2011-05-19,3636.0
T8,2011-05-20,4190.0
T8,2011-05-21,2030.0
T8,2011-05-22,1482.0
T8,2011-05-23,3275.0
T8,2011-05-24,3301.0
T8,2011-05-25,3354.0
T8,2011-05-26,3397.0
T8,2011-05-27,3411.0
T8,2011-05-28,1617.0
T8,2011-05-29,1870.0
T8,2011-05-30,3610.0
T8,2011-05-31,3673.0
T8,2011-06-01,3770.0
T8,2011-06-02,3699.0
T8,2011-06-03,3529.0
T8,2011-06-04,1584.0
T8,2011-06-05,1607.0
T8,2011-06-06,3250.0
T8,2011-06-07,2959.0
T8,2011-06-08,2684.0
T8,2011-06-09,3100.0
T8,2011-06-10,3657.0
T8,2011-06-11,1552.0
T8,2011-06-12,2235.0
T8,2011-06-13,1551.0
T8,2011-06-14,3135.0
T8,2011-06-15,3413.0
T8,2011-06-16,3292.0
T8,2011-06-17,3192.0
T8,2011-06-18,1744.0
T8,2011-06-19,1710.0
T8,2011-06-20,3127.0
T8,2011-06-21,2956.0
T8,2011-06-22,2901.0
T8,2011-06-23,3299.0
T8,2011-06-24,3342.0
T8,2011-06-25,1645.0
T8,2011-06-26,1625.0
T8,2011-06-27,3566.0
T8,2011-06-28,4260.0
T8,2011-06-29,3791.0
T8,2011-06-30,3672.0
T8,2011-07-01,4040.0
T8,2011-07-02,2134.0
T8,2011-07-03,1304.0
T8,2011-07-04,3003.0
T8,2011-07-05,2682.0
T8,2011-07-06,2972.0
T8,2011-07-07,3006.0
T8,2011-07-08,3210.0
T8,2011-07-09,1677.0
T8,2011-07-10,1267.0
T8,2011-07-11,3027.0
T8,2011-07-12,3324.0
T8,2011-07-13,3211.0
T8,2011-07-14,3334.0
T8,2011-07-15,3706.0
T8,2011-07-16,1992.0
T8,2011-07-17,1322.0
T8,2011-07-18,3080.0
T8,2011-07-19,3189.0
T8,2011-07-20,3105.0
T8,2011-07-21,3020.0
T8,2011-07-22,3799.0
T8,2011-07-23,1823.0
T8,2011-07-24,1534.0
T8,2011-07-25,3004.0
T8,2011-07-26,3242.0
T8,2011-07-27,3729.0
T8,2011-07-28,3545.0
T8,2011-07-29,3952.0
T8,2011-07-30,1558.0
T8,2011-07-31,1944.0
T8,2011-08-01,3515.0
T8,2011-08-02,3740.0
T8,2011-08-03,3825.0
T8,2011-08-04,3501.0
T8,2011-08-05,3584.0
T8,2011-08-06,1627.0
T8,2011-08-07,1359.0
T8,2011-08-08,3302.0
T8,2011-08-09,3201.0
T8,2011-08-10,3000.0
T8,2011-08-11,3558.0
T8,2011-08-12,4134.0
T8,2011-08-13,2092.0
T8,2011-08-14,2106.0
T8,2011-08-15,3109.0
T8,2011-08-16,3472.0
T8,2011-08-17,2798.0
T8,2011-08-18,3274.0
T8,2011-08-19,3962.0
T8,2011-08-20,2095.0
T8,2011-08-21,2033.0
T8,2011-08-22,3795.0
T8,2011-08-23,4059.0
T8,2011-08-24,3952.0
T8,2011-08-25,3626.0
T8,2011-08-26,3619.0
T8,2011-08-27,1976.0
T8,2011-08-28,2136.0
T8,2011-08-29,3289.0
T8,2011-08-30,3677.0
T8,2011-08-31,3507.0
T8,2011-09-01,3680.0
T8,2011-09-02,3972.0
T8,2011-09-03,2036.0
T8,2011-09-04,1667.0
T8,2011-09-05,3939.0
T8,2011-09-06,3324.0
T8,2011-09-07,3631.0
T8,2011-09-08,3785.0
T8,2011-09-09,2910.0
T8,2011-09-10,1688.0
T8,2011-09-11,1199.0
T8,2011-09-12,3251.0
T8,2011-09-13,3686.0
T8,2011-09-14,3441.0
T8,2011-09-15,3787.0
T8,2011-09-16,4143.0
T8,2011-09-17,1903.0
T8,2011-09-18,2106.0
T8,2011-09-19,3645.0
T8,2011-09-20,3059.0
T8,2011-09-21,3813.0
T8,2011-09-22,4060.0
T8,2011-09-23,3812.0
T8,2011-09-24,1658.0
T8,2011-09-25,2268.0
T8,2011-09-26,3905.0
T8,2011-09-27,3963.0
T8,2011-09-28,2759.0
T8,2011-09-29,2871.0
T8,2011-09-30,3290.0
T8,2011-10-01,1035.0
T8,2011-10-02,1714.0
T8,2011-10-03,4088.0
T8,2011-10-04,4337.0
T8,2011-10-05,4126.0
T8,2011-10-06,3933.0
T8,2011-10-07,3711.0
T8,2011-10-08,2171.0
T8,2011-10-09,1207.0
T8,2011-10-10,3486.0
T8,2011-10-11,3593.0
T8,2011-10-12,4279.0
T8,2011-10-13,4186.0
T8,2011-10-14,4071.0
T8,2011-10-15,1717.0
T8,2011-10-16,1477.0
T8,2011-10-17,3960.0
T8,2011-10-18,4452.0
T8,2011-10-19,4429.0
T8,2011-10-20,3951.0
T8,2011-10-21,3111.0
T8,2011-10-22,1419.0
T8,2011-10-23,1962.0
T8,2011-10-24,2906.0
T8,2011-10-25,3706.0
T8,2011-10-26,4168.0
T8,2011-10-27,4239.0
T8,2011-10-28,3520.0
T8,2011-10-29,1472.0
T8,2011-10-30,972.0
T8,2011-10-31,2761.0
T8,2011-11-01,1502.0
T8,2011-11-02,3326.0
T8,2011-11-03,3689.0
T8,2011-11-04,4118.0
T8,2011-11-05,2155.0
T8,2011-11-06,1651.0
T8,2011-11-07,4073.0
T8,2011-11-08,3429.0
T8,2011-11-09,3338.0
T8,2011-11-10,3752.0
T8,2011-11-11,4419.0
T8,2011-11-12,1981.0
T8,2011-11-13,1662.0
T8,2011-11-14,3985.0
T8,2011-11-15,4188.0
T8,2011-11-16,4094.0
T8,2011-11-17,4364.0
T8,2011-11-18,3746.0
T8,2011-11-19,1427.0
T8,2011-11-20,2059.0
T8,2011-11-21,4228.0
T8,2011-11-22,4271.0
T8,2011-11-23,4111.0
T8,2011-11-24,4618.0
T8,2011-11-25,4087.0
T8,2011-11-26,903.0
T8,2011-11-27,1815.0
T8,2011-11-28,4157.0
T8,2011-11-29,4159.0
T8,2011-11-30,3466.0
T8,2011-12-01,4693.0
T8,2011-12-02,4586.0
T8,2011-12-03,1691.0
T8,2011-12-04,1570.0
T8,2011-12-05,4240.0
T8,2011-12-06,4697.0
T8,2011-12-07,4432.0
T8,2011-12-08,4213.0
T8,2011-12-09,4227.0
T8,2011-12-10,1649.0
T8,2011-12-11,1409.0
T8,2011-12-12,4289.0
T8,2011-12-13,4138.0
T8,2011-12-14,4421.0
T8,2011-12-15,4567.0
T8,2011-12-16,4656.0
T8,2011-12-17,1717.0
T8,2011-12-18,1408.0
T8,2011-12-19,3887.0
T8,2011-12-20,4261.0
T8,2011-12-21,4171.0
T8,2011-12-22,4632.0
T8,2011-12-23,3463.0
T8,2011-12-24,1302.0
T8,2011-12-25,512.0
T8,2011-12-26,1604.0
T8,2011-12-27,1720.0
T8,2011-12-28,2672.0
T8,2011-12-29,2766.0
T8,2011-12-30,2506.0
T8,2011-12-31,3052.0
T8,2012-01-01,1736.0
T8,2012-01-02,1031.0
T8,2012-01-03,3003.0
T8,2012-01-04,3361.0
T8,2012-01-05,3604.0
T8,2012-01-06,3810.0
T8,2012-01-07,1672.0
T8,2012-01-08,1503.0
T8,2012-01-09,3979.0
T8,2012-01-10,4017.0
T8,2012-01-11,3046.0
T8,2012-01-12,3776.0
T8,2012-01-13,3516.0
T8,2012-01-14,1743.0
T8,2012-01-15,2124.0
T8,2012-01-16,4040.0
T8,2012-01-17,3767.0
T8,2012-01-18,3974.0
T8,2012-01-19,4480.0
T8,2012-01-20,4151.0
T8,2012-01-21,2067.0
T8,2012-01-22,1958.0
T8,2012-01-23,4089.0
T8,2012-01-24,3932.0
T8,2012-01-25,4416.0
T8,2012-01-26,2199.0
T8,2012-01-27,3382.0
T8,2012-01-28,1740.0
T8,2012-01-29,1537.0
T8,2012-01-30,3409.0
T8,2012-01-31,3670.0
T8,2012-02-01,4398.0
T8,2012-02-02,4367.0
T8,2012-02-03,4266.0
T8,2012-02-04,2013.0
T8,2012-02-05,1421.0
T8,2012-02-06,4205.0
T8,2012-02-07,4233.0
T8,2012-02-08,4256.0
T8,2012-02-09,4372.0
T8,2012-02-10,4018.0
T8,2012-02-11,1515.0
T8,2012-02-12,1747.0
T8,2012-02-13,4184.0
T8,2012-02-14,4371.0
T8,2012-02-15,4089.0
T8,2012-02-16,3862.0
T8,2012-02-17,4217.0
T8,2012-02-18,2249.0
T8,2012-02-19,2183.0
T8,2012-02-20,3920.0
T8,2012-02-21,4527.0
T8,2012-02-22,4447.0
T8,2012-02-23,4459.0
T8,2012-02-24,4572.0
T8,2012-02-25,1446.0
T8,2012-02-26,1326.0
T8,2012-02-27,3066.0
T8,2012-02-28,3936.0
T8,2012-02-29,4070.0
T8,2012-03-01,3275.0
T8,2012-03-02,4088.0
T8,2012-03-03,1216.0
T8,2012-03-04,2124.0
T8,2012-03-05,4056.0
T8,2012-03-06,4593.0
T8,2012-03-07,4201.0
T8,2012-03-08,4089.0
T8,2012-03-09,4242.0
T8,2012-03-10,1953.0
T8,2012-03-11,2105.0
T8,2012-03-12,2170.0
T8,2012-03-13,4220.0
T8,2012-03-14,4136.0
T8,2012-03-15,3579.0
T8,2012-03-16,4134.0
T8,2012-03-17,2045.0
T8,2012-03-18,1987.0
T8,2012-03-19,4392.0
T8,2012-03-20,4367.0
T8,2012-03-21,2235.0
T8,2012-03-22,4618.0
T8,2012-03-23,3606.0
T8,2012-03-24,1645.0
T8,2012-03-25,4549.0
T8,2012-03-26,3923.0
T8,2012-03-27,4258.0
T8,2012-03-28,4417.0
T8,2012-03-29,4470.0
T8,2012-03-30,4590.0
T8,2012-03-31,2313.0
T8,2012-04-01,2692.0
T8,2012-04-02,4362.0
T8,2012-04-03,4384.0
T8,2012-04-04,4671.0
T8,2012-04-05,4374.0
T8,2012-04-06,1837.0
T8,2012-04-07,2116.0
T8,2012-04-08,1992.0
T8,2012-04-09,1095.0
T8,2012-04-10,3214.0
T8,2012-04-11,4187.0
T8,2012-04-12,4411.0
T8,2012-04-13,4507.0
T8,2012-04-14,2584.0
T8,2012-04-15,2551.0
T8,2012-04-16,3878.0
T8,2012-04-17,4517.0
T8,2012-04-18,4651.0
T8,2012-04-19,4230.0
T8,2012-04-20,4471.0
T8,2012-04-21,2330.0
T8,2012-04-22,1633.0
T8,2012-04-23,3566.0
T8,2012-04-24,3415.0
T8,2012-04-25,808.0
T8,2012-04-26,3849.0
T8,2012-04-27,4283.0
T8,2012-04-28,2103.0
T8,2012-04-29,2372.0
T8,2012-04-30,3970.0
T8,2012-05-01,4282.0
T8,2012-05-02,3242.0
T8,2012-05-03,3272.0
T8,2012-05-04,4571.0
T8,2012-05-05,1628.0
T8,2012-05-06,1892.0
T8,2012-05-07,3753.0
T8,2012-05-08,4486.0
T8,2012-05-09,4119.0
T8,2012-05-10,4447.0
T8,2012-05-11,4119.0
T8,2012-05-12,2099.0
T8,2012-05-13,873.0
T8,2012-05-14,3785.0
T8,2012-05-15,4338.0
T8,2012-05-16,3951.0
T8,2012-05-17,4426.0
T8,2012-05-18,4464.0
T8,2012-05-19,1680.0
T8,2012-05-20,2183.0
T8,2012-05-21,4178.0
T8,2012-05-22,3966.0
T8,2012-05-23,4648.0
T8,2012-05-24,3886.0
T8,2012-05-25,3200.0
T8,2012-05-26,1640.0
T8,2012-05-27,1442.0
T8,2012-05-28,3813.0
T8,2012-05-29,3946.0
T8,2012-05-30,3821.0
T8,2012-05-31,4401.0
T8,2012-06-01,4886.0
T8,2012-06-02,1935.0
T8,2012-06-03,1417.0
T8,2012-06-04,2964.0
T8,2012-06-05,3147.0
T8,2012-06-06,3731.0
T8,2012-06-07,3655.0
T8,2012-06-08,4154.0
T8,2012-06-09,1331.0
T8,2012-06-10,1507.0
T8,2012-06-11,1967.0
T8,2012-06-12,3816.0
T8,2012-06-13,3900.0
T8,2012-06-14,3605.0
T8,2012-06-15,4198.0
T8,2012-06-16,1955.0
T8,2012-06-17,1467.0
T8,2012-06-18,3682.0
T8,2012-06-19,4139.0
T8,2012-06-20,3336.0
T8,2012-06-21,2954.0
T8,2012-06-22,3248.0
T8,2012-06-23,1799.0
T8,2012-06-24,1733.0
T8,2012-06-25,3496.0
T8,2012-06-26,4129.0
T8,2012-06-27,4117.0
T8,2012-06-28,3897.0
T8,2012-06-29,3588.0
T8,2012-06-30,1940.0
T8,2012-07-01,1254.0
T8,2012-07-02,3067.0
T8,2012-07-03,3910.0
T8,2012-07-04,3826.0
T8,2012-07-05,3947.0
T8,2012-07-06,4197.0
T8,2012-07-07,2566.0
T8,2012-07-08,1790.0
T8,2012-07-09,3772.0
T8,2012-07-10,3485.0
T8,2012-07-11,3938.0
T8,2012-07-12,3497.0
T8,2012-07-13,4206.0
T8,2012-07-14,1741.0
T8,2012-07-15,1866.0
T8,2012-07-16,3774.0
T8,2012-07-17,4067.0
T8,2012-07-18,3485.0
T8,2012-07-19,4034.0
T8,2012-07-20,4346.0
T8,2012-07-21,2319.0
T8,2012-07-22,1920.0
T8,2012-07-23,3948.0
T8,2012-07-24,4196.0
T8,2012-07-25,3915.0
T8,2012-07-26,3776.0
T8,2012-07-27,4116.0
T8,2012-07-28,1391.0
T8,2012-07-29,1765.0
T8,2012-07-30,3728.0
T8,2012-07-31,3910.0
T8,2012-08-01,4141.0
T8,2012-08-02,3952.0
T8,2012-08-03,4270.0
T8,2012-08-04,2095.0
T8,2012-08-05,1733.0
T8,2012-08-06,3546.0
T8,2012-08-07,4185.0
T8,2012-08-08,2809.0
T8,2012-08-09,3289.0
T8,2012-08-10,3638.0
T8,2012-08-11,1672.0
T8,2012-08-12,2019.0
T8,2012-08-13,4150.0
T8,2012-08-14,3524.0
T8,2012-08-15,3733.0
T8,2012-08-16,3863.0
T8,2012-08-17,4018.0
T8,2012-08-18,1553.0
T8,2012-08-19,2043.0
T8,2012-08-20,3730.0
T8,2012-08-21,4221.0
T8,2012-08-22,3856.0
T8,2012-08-23,3794.0
T8,2012-08-24,3467.0
T8,2012-08-25,1943.0
T8,2012-08-26,1877.0
T8,2012-08-27,4258.0
T8,2012-08-28,4250.0
T8,2012-08-29,3841.0
T8,2012-08-30,3461.0
T8,2012-08-31,3620.0
T8,2012-09-01,2026.0
T8,2012-09-02,2479.0
T8,2012-09-03,4461.0
T8,2012-09-04,4646.0
T8,2012-09-05,3441.0
T8,2012-09-06,3717.0
T8,2012-09-07,3474.0
T8,2012-09-08,1496.0
T8,2012-09-09,2127.0
T8,2012-09-10,4278.0
T8,2012-09-11,4778.0
T8,2012-09-12,4212.0
T8,2012-09-13,3500.0
T8,2012-09-14,3844.0
T8,2012-09-15,2020.0
T8,2012-09-16,1950.0
T8,2012-09-17,3659.0
T8,2012-09-18,3637.0
T8,2012-09-19,3912.0
T8,2012-09-20,4187.0
T8,2012-09-21,3975.0
T8,2012-09-22,2579.0
T8,2012-09-23,2081.0
T8,2012-09-24,4200.0
T8,2012-09-25,4630.0
T8,2012-09-26,4728.0
T8,2012-09-27,4405.0
T8,2012-09-28,3439.0
T8,2012-09-29,1373.0
T8,2012-09-30,1881.0
T8,2012-10-01,4454.0
T8,2012-10-02,4724.0
T8,2012-10-03,5302.0
T8,2012-10-04,4685.0
T8,2012-10-05,4757.0
T8,2012-10-06,1279.0
T8,2012-10-07,1738.0
T8,2012-10-08,4190.0
T8,2012-10-09,4674.0
T8,2012-10-10,4347.0
T8,2012-10-11,3356.0
T8,2012-10-12,3926.0
T8,2012-10-13,1860.0
T8,2012-10-14,2628.0
T8,2012-10-15,4235.0
T8,2012-10-16,4223.0
T8,2012-10-17,4675.0
T8,2012-10-18,4661.0
T8,2012-10-19,4631.0
T8,2012-10-20,2427.0
T8,2012-10-21,2033.0
T8,2012-10-22,4487.0
T8,2012-10-23,4576.0
T8,2012-10-24,4549.0
T8,2012-10-25,4006.0
T8,2012-10-26,3938.0
T8,2012-10-27,1693.0
T8,2012-10-28,2284.0
T8,2012-10-29,4825.0
T8,2012-10-30,5051.0
T8,2012-10-31,4420.0
T8,2012-11-01,3147.0
T8,2012-11-02,4083.0
T8,2012-11-03,2111.0
T8,2012-11-04,2323.0
T8,2012-11-05,3353.0
T8,2012-11-06,1621.0
T8,2012-11-07,4330.0
T8,2012-11-08,4471.0
T8,2012-11-09,4062.0
T8,2012-11-10,2001.0
T8,2012-11-11,2479.0
T8,2012-11-12,4229.0
T8,2012-11-13,5318.0
T8,2012-11-14,4998.0
T8,2012-11-15,4532.0
T8,2012-11-16,4557.0
T8,2012-11-17,2675.0
T8,2012-11-18,1998.0
T8,2012-11-19,4773.0
T8,2012-11-20,5087.0
T8,2012-11-21,4654.0
T8,2012-11-22,4882.0
T8,2012-11-23,5071.0
T8,2012-11-24,2048.0
T8,2012-11-25,2162.0
T8,2012-11-26,4612.0
T8,2012-11-27,3693.0
T8,2012-11-28,5881.0
T8,2012-11-29,4096.0
T8,2012-11-30,4762.0
T8,2012-12-01,1993.0
T8,2012-12-02,2304.0
T8,2012-12-03,4703.0
T8,2012-12-04,4075.0
T8,2012-12-05,4121.0
T8,2012-12-06,4901.0
T8,2012-12-07,5513.0
T8,2012-12-08,1760.0
T8,2012-12-09,1895.0
T8,2012-12-10,4832.0
T8,2012-12-11,5338.0
T8,2012-12-12,5156.0
T8,2012-12-13,4579.0
T8,2012-12-14,4769.0
T8,2012-12-15,1862.0
T8,2012-12-16,1589.0
T8,2012-12-17,5226.0
T8,2012-12-18,5763.0
T8,2012-12-19,4945.0
T8,2012-12-20,5264.0
T8,2012-12-21,5185.0
T8,2012-12-22,1874.0
T8,2012-12-23,1486.0
T8,2012-12-24,2028.0
T8,2012-12-25,1005.0
T8,2012-12-26,2467.0
T8,2012-12-27,2448.0
T8,2012-12-28,2467.0
T8,2012-12-29,2053.0
T8,2012-12-30,2317.0
T8,2012-12-31,4503.0
T8,2013-01-01,2809.0
T8,2013-01-02,3829.0
T8,2013-01-03,3301.0
T8,2013-01-04,2249.0
T8,2013-01-05,2140.0
T8,2013-01-06,2145.0
T8,2013-01-07,4245.0
T8,2013-01-08,4367.0
T8,2013-01-09,4335.0
T8,2013-01-10,4828.0
T8,2013-01-11,3945.0
T8,2013-01-12,2091.0
T8,2013-01-13,1991.0
T8,2013-01-14,4748.0
T8,2013-01-15,5383.0
T8,2013-01-16,5042.0
T8,2013-01-17,4079.0
T8,2013-01-18,4472.0
T8,2013-01-19,2189.0
T8,2013-01-20,2527.0
T8,2013-01-21,4899.0
T8,2013-01-22,5316.0
T8,2013-01-23,5260.0
T8,2013-01-24,4518.0
T8,2013-01-25,4448.0
T8,2013-01-26,2193.0
T8,2013-01-27,2256.0
T8,2013-01-28,2477.0
T8,2013-01-29,4499.0
T8,2013-01-30,5211.0
T8,2013-01-31,4466.0
T8,2013-02-01,4445.0
T8,2013-02-02,2634.0
T8,2013-02-03,2285.0
T8,2013-02-04,5140.0
T8,2013-02-05,5460.0
T8,2013-02-06,4737.0
T8,2013-02-07,4794.0
T8,2013-02-08,5394.0
T8,2013-02-09,2273.0
T8,2013-02-10,2335.0
T8,2013-02-11,5120.0
T8,2013-02-12,5289.0
T8,2013-02-13,5191.0
T8,2013-02-14,5049.0
T8,2013-02-15,5527.0
T8,2013-02-16,2100.0
T8,2013-02-17,2007.0
T8,2013-02-18,4337.0
T8,2013-02-19,4293.0
T8,2013-02-20,5291.0
T8,2013-02-21,4685.0
T8,2013-02-22,4751.0
T8,2013-02-23,2363.0
T8,2013-02-24,2062.0
T8,2013-02-25,4714.0
T8,2013-02-26,3690.0
T8,2013-02-27,4291.0
T8,2013-02-28,4412.0
T8,2013-03-01,5485.0
T8,2013-03-02,2602.0
T8,2013-03-03,2966.0
T8,2013-03-04,5082.0
T8,2013-03-05,5242.0
T8,2013-03-06,4992.0
T8,2013-03-07,4844.0
T8,2013-03-08,4724.0
T8,2013-03-09,2083.0
T8,2013-03-10,2055.0
T8,2013-03-11,1627.0
T8,2013-03-12,3984.0
T8,2013-03-13,4850.0
T8,2013-03-14,4858.0
T8,2013-03-15,5301.0
T8,2013-03-16,1704.0
T8,2013-03-17,1400.0
T8,2013-03-18,4365.0
T8,2013-03-19,5263.0
T8,2013-03-20,5168.0
T8,2013-03-21,3940.0
T8,2013-03-22,5025.0
T8,2013-03-23,2473.0
T8,2013-03-24,2445.0
T8,2013-03-25,5014.0
T8,2013-03-26,5161.0
T8,2013-03-27,5037.0
T8,2013-03-28,3967.0
T8,2013-03-29,2100.0
T8,2013-03-30,2422.0
T8,2013-03-31,2064.0
T8,2013-04-01,2283.0
T8,2013-04-02,3934.0
T8,2013-04-03,4394.0
T8,2013-04-04,4879.0
T8,2013-04-05,5316.0
T8,2013-04-06,2842.0
T8,2013-04-07,3019.0
T8,2013-04-08,4906.0
T8,2013-04-09,5174.0
T8,2013-04-10,5118.0
T8,2013-04-11,4325.0
T8,2013-04-12,5469.0
T8,2013-04-13,2597.0
T8,2013-04-14,2657.0
T8,2013-04-15,3676.0
T8,2013-04-16,4879.0
T8,2013-04-17,4989.0
T8,2013-04-18,4413.0
T8,2013-04-19,5126.0
T8,2013-04-20,2892.0
T8,2013-04-21,2491.0
T8,2013-04-22,3748.0
T8,2013-04-23,4868.0
T8,2013-04-24,4810.0
T8,2013-04-25,2462.0
T8,2013-04-26,4424.0
T8,2013-04-27,2842.0
T8,2013-04-28,2055.0
T8,2013-04-29,4813.0
T8,2013-04-30,4989.0
T8,2013-05-01,4355.0
T8,2013-05-02,5151.0
T8,2013-05-03,4893.0
T8,2013-05-04,2095.0
T8,2013-05-05,1952.0
T8,2013-05-06,4694.0
T8,2013-05-07,4670.0
T8,2013-05-08,5217.0
T8,2013-05-09,5303.0
T8,2013-05-10,6440.0
T8,2013-05-11,2924.0
T8,2013-05-12,1638.0
T8,2013-05-13,4593.0
T8,2013-05-14,4451.0
T8,2013-05-15,3922.0
T8,2013-05-16,3732.0
T8,2013-05-17,4437.0
T8,2013-05-18,2072.0
T8,2013-05-19,2550.0
T8,2013-05-20,3622.0
T8,2013-05-21,4962.0
T8,2013-05-22,4689.0
T8,2013-05-23,4934.0
T8,2013-05-24,5139.0
T8,2013-05-25,2438.0
T8,2013-05-26,3248.0
T8,2013-05-27,4187.0
T8,2013-05-28,4877.0
T8,2013-05-29,4796.0
T8,2013-05-30,3908.0
T8,2013-05-31,4508.0
T8,2013-06-01,1705.0
T8,2013-06-02,1871.0
T8,2013-06-03,4369.0
T8,2013-06-04,4819.0
T8,2013-06-05,4501.0
T8,2013-06-06,4566.0
T8,2013-06-07,4145.0
T8,2013-06-08,2238.0
T8,2013-06-09,2514.0
T8,2013-06-10,2203.0
T8,2013-06-11,4514.0
T8,2013-06-12,3878.0
T8,2013-06-13,3834.0
T8,2013-06-14,4821.0
T8,2013-06-15,2094.0
T8,2013-06-16,2344.0
T8,2013-06-17,3601.0
T8,2013-06-18,3882.0
T8,2013-06-19,4433.0
T8,2013-06-20,4715.0
T8,2013-06-21,4859.0
T8,2013-06-22,2404.0
T8,2013-06-23,2187.0
T8,2013-06-24,4054.0
T8,2013-06-25,5045.0
T8,2013-06-26,5184.0
T8,2013-06-27,5100.0
T8,2013-06-28,5388.0
T8,2013-06-29,4911.0
T8,2013-06-30,2572.0
T8,2013-07-01,4211.0
T8,2013-07-02,4994.0
T8,2013-07-03,4960.0
T8,2013-07-04,3831.0
T8,2013-07-05,4322.0
T8,2013-07-06,2309.0
T8,2013-07-07,2324.0
T8,2013-07-08,4388.0
T8,2013-07-09,4765.0
T8,2013-07-10,4823.0
T8,2013-07-11,4492.0
T8,2013-07-12,5211.0
T8,2013-07-13,1905.0
T8,2013-07-14,1735.0
T8,2013-07-15,4556.0
T8,2013-07-16,4773.0
T8,2013-07-17,4682.0
T8,2013-07-18,4166.0
T8,2013-07-19,4604.0
T8,2013-07-20,1427.0
T8,2013-07-21,1847.0
T8,2013-07-22,3996.0
T8,2013-07-23,3856.0
T8,2013-07-24,4627.0
T8,2013-07-25,4518.0
T8,2013-07-26,5183.0
T8,2013-07-27,2232.0
T8,2013-07-28,1888.0
T8,2013-07-29,4579.0
T8,2013-07-30,4638.0
T8,2013-07-31,4651.0
T8,2013-08-01,4597.0
T8,2013-08-02,4285.0
T8,2013-08-03,1703.0
T8,2013-08-04,1824.0
T8,2013-08-05,4031.0
T8,2013-08-06,4174.0
T8,2013-08-07,4320.0
T8,2013-08-08,4562.0
T8,2013-08-09,3754.0
T8,2013-08-10,2612.0
T8,2013-08-11,2668.0
T8,2013-08-12,3631.0
T8,2013-08-13,4615.0
T8,2013-08-14,3706.0
T8,2013-08-15,4503.0
T8,2013-08-16,4477.0
T8,2013-08-17,2118.0
T8,2013-08-18,1701.0
T8,2013-08-19,3715.0
T8,2013-08-20,3833.0
T8,2013-08-21,4118.0
T8,2013-08-22,4195.0
T8,2013-08-23,3934.0
T8,2013-08-24,2397.0
T8,2013-08-25,2217.0
T8,2013-08-26,4689.0
T8,2013-08-27,4980.0
T8,2013-08-28,4728.0
T8,2013-08-29,4437.0
T8,2013-08-30,4693.0
T8,2013-08-31,3047.0
T8,2013-09-01,2722.0
T8,2013-09-02,5301.0
T8,2013-09-03,5205.0
T8,2013-09-04,5083.0
T8,2013-09-05,3873.0
T8,2013-09-06,4645.0
T8,2013-09-07,2523.0
T8,2013-09-08,2659.0
T8,2013-09-09,4125.0
T8,2013-09-10,4514.0
T8,2013-09-11,4510.0
T8,2013-09-12,4513.0
T8,2013-09-13,4719.0
T8,2013-09-14,2282.0
T8,2013-09-15,2897.0
T8,2013-09-16,3473.0
T8,2013-09-17,4262.0
T8,2013-09-18,4174.0
T8,2013-09-19,4282.0
T8,2013-09-20,4547.0
T8,2013-09-21,2463.0
T8,2013-09-22,2738.0
T8,2013-09-23,5077.0
T8,2013-09-24,5241.0
T8,2013-09-25,5047.0
T8,2013-09-26,3845.0
T8,2013-09-27,5192.0
T8,2013-09-28,1556.0
T8,2013-09-29,2685.0
T8,2013-09-30,4047.0
T8,2013-10-01,3792.0
T8,2013-10-02,3799.0
T8,2013-10-03,4429.0
T8,2013-10-04,5547.0
T8,2013-10-05,2479.0
T8,2013-10-06,2220.0
T8,2013-10-07,4768.0
T8,2013-10-08,5156.0
T8,2013-10-09,4950.0
T8,2013-10-10,3912.0
T8,2013-10-11,5262.0
T8,2013-10-12,3817.0
T8,2013-10-13,1365.0
T8,2013-10-14,3926.0
T8,2013-10-15,4991.0
T8,2013-10-16,5001.0
T8,2013-10-17,3797.0
T8,2013-10-18,5444.0
T8,2013-10-19,2774.0
T8,2013-10-20,2510.0
T8,2013-10-21,2759.0
T8,2013-10-22,4080.0
T8,2013-10-23,3856.0
T8,2013-10-24,4288.0
T8,2013-10-25,5006.0
T8,2013-10-26,2188.0
T8,2013-10-27,2335.0
T8,2013-10-28,4045.0
T8,2013-10-29,4569.0
T8,2013-10-30,4742.0
T8,2013-10-31,4828.0
T8,2013-11-01,5529.0
T8,2013-11-02,2521.0
T8,2013-11-03,1427.0
T8,2013-11-04,3986.0
T8,2013-11-05,2515.0
T8,2013-11-06,5008.0
T8,2013-11-07,4719.0
T8,2013-11-08,4277.0
T8,2013-11-09,1730.0
T8,2013-11-10,1935.0
T8,2013-11-11,4569.0
T8,2013-11-12,3623.0
T8,2013-11-13,3348.0
T8,2013-11-14,4578.0
T8,2013-11-15,4927.0
T8,2013-11-16,2851.0
T8,2013-11-17,2774.0
T8,2013-11-18,5500.0
T8,2013-11-19,5330.0
T8,2013-11-20,4558.0
T8,2013-11-21,4871.0
T8,2013-11-22,5335.0
T8,2013-11-23,2139.0
T8,2013-11-24,1758.0
T8,2013-11-25,5223.0
T8,2013-11-26,5569.0
T8,2013-11-27,5244.0
T8,2013-11-28,4242.0
T8,2013-11-29,4681.0
T8,2013-11-30,2375.0
T8,2013-12-01,2356.0
T8,2013-12-02,4671.0
T8,2013-12-03,5223.0
T8,2013-12-04,3811.0
T8,2013-12-05,4152.0
T8,2013-12-06,5885.0
T8,2013-12-07,3310.0
T8,2013-12-08,2591.0
T8,2013-12-09,3752.0
T8,2013-12-10,4728.0
T8,2013-12-11,4725.0
T8,2013-12-12,6088.0
T8,2013-12-13,5435.0
T8,2013-12-14,2797.0
T8,2013-12-15,2554.0
T8,2013-12-16,5428.0
T8,2013-12-17,5368.0
T8,2013-12-18,6051.0
T8,2013-12-19,4783.0
T8,2013-12-20,5699.0
T8,2013-12-21,2009.0
T8,2013-12-22,1856.0
T8,2013-12-23,3247.0
T8,2013-12-24,3425.0
T8,2013-12-25,1165.0
T8,2013-12-26,2849.0
T8,2013-12-27,2997.0
T8,2013-12-28,1758.0
T8,2013-12-29,2760.0
T8,2013-12-30,3786.0
T8,2013-12-31,5943.0
T8,2014-01-01,1760.0
T8,2014-01-02,3608.0
T8,2014-01-03,3579.0
T8,2014-01-04,2399.0
T8,2014-01-05,2274.0
T8,2014-01-06,4107.0
T8,2014-01-07,4462.0
T8,2014-01-08,5303.0
T8,2014-01-09,5122.0
T8,2014-01-10,4671.0
T8,2014-01-11,2582.0
T8,2014-01-12,2703.0
T8,2014-01-13,4940.0
T8,2014-01-14,3719.0
T8,2014-01-15,3705.0
T8,2014-01-16,3508.0
T8,2014-01-17,3837.0
T8,2014-01-18,2464.0
T8,2014-01-19,2616.0
T8,2014-01-20,5260.0
T8,2014-01-21,5388.0
T8,2014-01-22,5431.0
T8,2014-01-23,5404.0
T8,2014-01-24,4194.0
T8,2014-01-25,2399.0
T8,2014-01-26,4424.0
T8,2014-01-27,1913.0
T8,2014-01-28,3998.0
T8,2014-01-29,5427.0
T8,2014-01-30,5082.0
T8,2014-01-31,5592.0
T8,2014-02-01,2493.0
T8,2014-02-02,1782.0
T8,2014-02-03,4445.0
T8,2014-02-04,5471.0
T8,2014-02-05,5435.0
T8,2014-02-06,5036.0
T8,2014-02-07,4826.0
T8,2014-02-08,1833.0
T8,2014-02-09,1694.0
T8,2014-02-10,5305.0
T8,2014-02-11,5319.0
T8,2014-02-12,5203.0
T8,2014-02-13,5404.0
T8,2014-02-14,5288.0
T8,2014-02-15,2552.0
T8,2014-02-16,2188.0
T8,2014-02-17,5326.0
T8,2014-02-18,5412.0
T8,2014-02-19,5126.0
T8,2014-02-20,4935.0
T8,2014-02-21,5083.0
T8,2014-02-22,2310.0
T8,2014-02-23,2815.0
T8,2014-02-24,5349.0
T8,2014-02-25,5168.0
T8,2014-02-26,4931.0
T8,2014-02-27,5231.0
T8,2014-02-28,5705.0
T8,2014-03-01,2583.0
T8,2014-03-02,2770.0
T8,2014-03-03,5303.0
T8,2014-03-04,5338.0
T8,2014-03-05,4641.0
T8,2014-03-06,5359.0
T8,2014-03-07,5097.0
T8,2014-03-08,2774.0
T8,2014-03-09,2628.0
T8,2014-03-10,2497.0
T8,2014-03-11,4475.0
T8,2014-03-12,5331.0
T8,2014-03-13,5799.0
T8,2014-03-14,6364.0
T8,2014-03-15,2417.0
T8,2014-03-16,2449.0
T8,2014-03-17,5047.0
T8,2014-03-18,5501.0
T8,2014-03-19,5949.0
T8,2014-03-20,5704.0
T8,2014-03-21,5753.0
T8,2014-03-22,2795.0
T8,2014-03-23,2019.0
T8,2014-03-24,4773.0
T8,2014-03-25,5862.0
T8,2014-03-26,5530.0
T8,2014-03-27,4338.0
T8,2014-03-28,6209.0
T8,2014-03-29,3117.0
T8,2014-03-30,2978.0
T8,2014-03-31,5537.0
T8,2014-04-01,5454.0
T8,2014-04-02,4776.0
T8,2014-04-03,4896.0
T8,2014-04-04,5353.0
T8,2014-04-05,3026.0
T8,2014-04-06,3253.0
T8,2014-04-07,5512.0
T8,2014-04-08,4599.0
T8,2014-04-09,4412.0
T8,2014-04-10,5025.0
T8,2014-04-11,4420.0
T8,2014-04-12,2827.0
T8,2014-04-13,2913.0
T8,2014-04-14,5321.0
T8,2014-04-15,5721.0
T8,2014-04-16,5494.0
T8,2014-04-17,5488.0
T8,2014-04-18,1914.0
T8,2014-04-19,2562.0
T8,2014-04-20,2444.0
T8,2014-04-21,2266.0
T8,2014-04-22,3448.0
T8,2014-04-23,4788.0
T8,2014-04-24,4471.0
T8,2014-04-25,3010.0
T8,2014-04-26,2160.0
T8,2014-04-27,2704.0
T8,2014-04-28,5296.0
T8,2014-04-29,4076.0
T8,2014-04-30,4765.0
T8,2014-05-01,5099.0
T8,2014-05-02,4368.0
T8,2014-05-03,2293.0
T8,2014-05-04,1472.0
T8,2014-05-05,4342.0
T8,2014-05-06,4584.0
T8,2014-05-07,4646.0
T8,2014-05-08,5323.0
T8,2014-05-09,5022.0
T8,2014-05-10,1713.0
T8,2014-05-11,2142.0
T8,2014-05-12,5431.0
T8,2014-05-13,5260.0
T8,2014-05-14,5175.0
T8,2014-05-15,5028.0
T8,2014-05-16,5582.0
T8,2014-05-17,2427.0
T8,2014-05-18,2571.0
T8,2014-05-19,4688.0
T8,2014-05-20,4625.0
T8,2014-05-21,5075.0
T8,2014-05-22,4700.0
T8,2014-05-23,4385.0
T8,2014-05-24,2368.0
T8,2014-05-25,2235.0
T8,2014-05-26,4607.0
T8,2014-05-27,4350.0
T8,2014-05-28,4435.0
T8,2014-05-29,4675.0
T8,2014-05-30,5629.0
T8,2014-05-31,2494.0
T8,2014-06-01,1428.0
T8,2014-06-02,4631.0
T8,2014-06-03,4102.0
T8,2014-06-04,4599.0
T8,2014-06-05,4694.0
T8,2014-06-06,5338.0
T8,2014-06-07,2103.0
T8,2014-06-08,2560.0
T8,2014-06-09,2613.0
T8,2014-06-10,4718.0
T8,2014-06-11,4609.0
T8,2014-06-12,4468.0
T8,2014-06-13,4799.0
T8,2014-06-14,2219.0
T8,2014-06-15,2300.0
T8,2014-06-16,4124.0
T8,2014-06-17,4638.0
T8,2014-06-18,4634.0
T8,2014-06-19,4497.0
T8,2014-06-20,4645.0
T8,2014-06-21,2432.0
T8,2014-06-22,2288.0
T8,2014-06-23,3509.0
T8,2014-06-24,2970.0
T8,2014-06-25,3897.0
T8,2014-06-26,4261.0
T8,2014-06-27,5045.0
T8,2014-06-28,1796.0
T8,2014-06-29,1216.0
T8,2014-06-30,3962.0
T8,2014-07-01,4256.0
T8,2014-07-02,4639.0
T8,2014-07-03,4629.0
T8,2014-07-04,4594.0
T8,2014-07-05,1829.0
T8,2014-07-06,1954.0
T8,2014-07-07,4522.0
T8,2014-07-08,4348.0
T8,2014-07-09,3319.0
T8,2014-07-10,3985.0
T8,2014-07-11,4827.0
T8,2014-07-12,1693.0
T8,2014-07-13,2195.0
T8,2014-07-14,4135.0
T8,2014-07-15,4062.0
T8,2014-07-16,4185.0
T8,2014-07-17,3846.0
T8,2014-07-18,4330.0
T8,2014-07-19,2175.0
T8,2014-07-20,2407.0
T8,2014-07-21,4104.0
T8,2014-07-22,4215.0
T8,2014-07-23,4362.0
T8,2014-07-24,3946.0
T8,2014-07-25,4328.0
T8,2014-07-26,1816.0
T8,2014-07-27,2301.0
T8,2014-07-28,4393.0
T8,2014-07-29,3901.0
T8,2014-07-30,4234.0
T8,2014-07-31,3585.0
T8,2014-08-01,3198.0
T8,2014-08-02,2137.0
T8,2014-08-03,2412.0
T8,2014-08-04,4304.0
T8,2014-08-05,4057.0
T8,2014-08-06,4200.0
T8,2014-08-07,3549.0
T8,2014-08-08,4430.0
T8,2014-08-09,2163.0
T8,2014-08-10,1953.0
T8,2014-08-11,3588.0
T8,2014-08-12,3853.0
T8,2014-08-13,4019.0
T8,2014-08-14,4184.0
T8,2014-08-15,5397.0
T8,2014-08-16,2492.0
T8,2014-08-17,2073.0
T8,2014-08-18,3432.0
T8,2014-08-19,4131.0
T8,2014-08-20,4355.0
T8,2014-08-21,4525.0
T8,2014-08-22,5382.0
T8,2014-08-23,3226.0
T8,2014-08-24,2001.0
T8,2014-08-25,3583.0
T8,2014-08-26,4633.0
T8,2014-08-27,4675.0
T8,2014-08-28,4553.0
T8,2014-08-29,5018.0
T8,2014-08-30,3190.0
T8,2014-08-31,2760.0
T8,2014-09-01,3106.0
T8,2014-09-02,3981.0
T8,2014-09-03,4320.0
T8,2014-09-04,4673.0
T8,2014-09-05,5137.0
T8,2014-09-06,2648.0
T8,2014-09-07,2722.0
T8,2014-09-08,4158.0
T8,2014-09-09,3669.0
T8,2014-09-10,4385.0
T8,2014-09-11,3683.0
T8,2014-09-12,4778.0
T8,2014-09-13,2743.0
T8,2014-09-14,2594.0
T8,2014-09-15,3780.0
T8,2014-09-16,3379.0
T8,2014-09-17,3777.0
T8,2014-09-18,3817.0
T8,2014-09-19,4835.0
T8,2014-09-20,2417.0
T8,2014-09-21,2773.0
T8,2014-09-22,4858.0
T8,2014-09-23,5261.0
T8,2014-09-24,3954.0
T8,2014-09-25,3833.0
T8,2014-09-26,5330.0
T8,2014-09-27,2626.0
T8,2014-09-28,2066.0
T8,2014-09-29,4653.0
T8,2014-09-30,4121.0
T8,2014-10-01,4278.0
T8,2014-10-02,4131.0
T8,2014-10-03,5296.0
T8,2014-10-04,3176.0
T8,2014-10-05,2815.0
T8,2014-10-06,3785.0
T8,2014-10-07,4136.0
T8,2014-10-08,4423.0
T8,2014-10-09,4950.0
T8,2014-10-10,5374.0
T8,2014-10-11,3003.0
T8,2014-10-12,2660.0
T8,2014-10-13,3431.0
T8,2014-10-14,3938.0
T8,2014-10-15,4330.0
T8,2014-10-16,3694.0
T8,2014-10-17,5395.0
T8,2014-10-18,2827.0
T8,2014-10-19,2276.0
T8,2014-10-20,4570.0
T8,2014-10-21,4889.0
T8,2014-10-22,4519.0
T8,2014-10-23,4400.0
T8,2014-10-24,5157.0
T8,2014-10-25,3136.0
T8,2014-10-26,2599.0
T8,2014-10-27,2949.0
T8,2014-10-28,3992.0
T8,2014-10-29,4801.0
T8,2014-10-30,4663.0
T8,2014-10-31,5168.0
T8,2014-11-01,1657.0
T8,2014-11-02,2059.0
T8,2014-11-03,4110.0
T8,2014-11-04,2082.0
T8,2014-11-05,4038.0
T8,2014-11-06,4495.0
T8,2014-11-07,5120.0
T8,2014-11-08,1991.0
T8,2014-11-09,2323.0
T8,2014-11-10,4873.0
T8,2014-11-11,4547.0
T8,2014-11-12,4876.0
T8,2014-11-13,4695.0
T8,2014-11-14,4836.0
T8,2014-11-15,2775.0
T8,2014-11-16,1658.0
T8,2014-11-17,4043.0
T8,2014-11-18,4555.0
T8,2014-11-19,4931.0
T8,2014-11-20,4173.0
T8,2014-11-21,5265.0
T8,2014-11-22,2485.0
T8,2014-11-23,2454.0
T8,2014-11-24,3103.0
T8,2014-11-25,4632.0
T8,2014-11-26,4310.0
T8,2014-11-27,4711.0
T8,2014-11-28,5075.0
T8,2014-11-29,2810.0
T8,2014-11-30,2316.0
T8,2014-12-01,4140.0
T8,2014-12-02,4734.0
T8,2014-12-03,3933.0
T8,2014-12-04,4601.0
T8,2014-12-05,5004.0
T8,2014-12-06,2267.0
T8,2014-12-07,1505.0
T8,2014-12-08,4237.0
T8,2014-12-09,4721.0
T8,2014-12-10,4840.0
T8,2014-12-11,5153.0
T8,2014-12-12,5711.0
T8,2014-12-13,2604.0
T8,2014-12-14,2379.0
T8,2014-12-15,4743.0
T8,2014-12-16,4658.0
T8,2014-12-17,5482.0
T8,2014-12-18,4896.0
T8,2014-12-19,5563.0
T8,2014-12-20,2428.0
T8,2014-12-21,2113.0
T8,2014-12-22,4053.0
T8,2014-12-23,4007.0
T8,2014-12-24,3200.0
T8,2014-12-25,1115.0
T8,2014-12-26,3515.0
T8,2014-12-27,2706.0
T8,2014-12-28,2485.0
T8,2014-12-29,2521.0
T8,2014-12-30,3069.0
T8,2014-12-31,5482.0
T8,2015-01-01,2475.0
T8,2015-01-02,2194.0
T8,2015-01-03,1599.0
T8,2015-01-04,2193.0
T8,2015-01-05,4395.0
T8,2015-01-06,4525.0
T8,2015-01-07,3614.0
T8,2015-01-08,3679.0
T8,2015-01-09,3671.0
T8,2015-01-10,2062.0
T8,2015-01-11,2625.0
T8,2015-01-12,4481.0
T8,2015-01-13,3472.0
T8,2015-01-14,3684.0
T8,2015-01-15,4114.0
T8,2015-01-16,4895.0
T8,2015-01-17,4647.0
T8,2015-01-18,4426.0
T8,2015-01-19,4193.0
T8,2015-01-20,4890.0
T8,2015-01-21,2638.0
T8,2015-01-22,2482.0
T8,2015-01-23,3618.0
T8,2015-01-24,4057.0
T8,2015-01-25,4550.0
T8,2015-01-26,4591.0
T8,2015-01-27,4832.0
T8,2015-01-28,2321.0
T8,2015-01-29,1556.0
T8,2015-01-30,4125.0
T8,2015-01-31,4371.0
T8,2015-02-01,4043.0
T8,2015-02-02,4982.0
T8,2015-02-03,4658.0
T8,2015-02-04,2588.0
T8,2015-02-05,2316.0
T8,2015-02-06,4332.0
T8,2015-02-07,4493.0
T8,2015-02-08,4257.0
T8,2015-02-09,4617.0
T8,2015-02-10,4403.0
T8,2015-02-11,2430.0
T8,2015-02-12,2415.0
T8,2015-02-13,4476.0
T8,2015-02-14,4311.0
T8,2015-02-15,4347.0
T8,2015-02-16,4583.0
T8,2015-02-17,5157.0
T8,2015-02-18,2618.0
T8,2015-02-19,2130.0
T8,2015-02-20,3340.0
T8,2015-02-21,4425.0
T8,2015-02-22,4517.0
T8,2015-02-23,4670.0
T8,2015-02-24,3653.0
T8,2015-02-25,4652.0
T8,2015-02-26,4542.0
T8,2015-02-27,2642.0
T8,2015-02-28,2548.0
T8,2015-03-01,2522.0
T8,2015-03-02,4264.0
T8,2015-03-03,4935.0
T8,2015-03-04,4764.0
T8,2015-03-05,4837.0
T8,2015-03-06,2663.0
T8,2015-03-07,2350.0
T8,2015-03-08,4521.0
T8,2015-03-09,3687.0
T8,2015-03-10,4199.0
T8,2015-03-11,4225.0
T8,2015-03-12,4887.0
T8,2015-03-13,2768.0
T8,2015-03-14,2618.0
T8,2015-03-15,3684.0
T8,2015-03-16,3694.0
T8,2015-03-17,4173.0
T8,2015-03-18,3923.0
T8,2015-03-19,4347.0
T8,2015-03-20,2760.0
T8,2015-03-21,2647.0
T8,2015-03-22,4593.0
T8,2015-03-23,4578.0
T8,2015-03-24,4100.0
T8,2015-03-25,4095.0
T8,2015-03-26,2445.0
T8,2015-03-27,2990.0
T8,2015-03-28,2459.0
T8,2015-03-29,2443.0
T8,2015-03-30,2925.0
T8,2015-03-31,3902.0
T8,2015-04-01,3859.0
T8,2015-04-02,5180.0
T8,2015-04-03,3248.0
T8,2015-04-04,2562.0
T8,2015-04-05,4529.0
T8,2015-04-06,3907.0
T8,2015-04-07,4274.0
T8,2015-04-08,3999.0
T8,2015-04-09,4456.0
T8,2015-04-10,2624.0
T8,2015-04-11,1667.0
T8,2015-04-12,3964.0
T8,2015-04-13,4213.0
T8,2015-04-14,4026.0
T8,2015-04-15,4245.0
T8,2015-04-16,4402.0
T8,2015-04-17,1471.0
T8,2015-04-18,1669.0
T8,2015-04-19,3825.0
T8,2015-04-20,3763.0
T8,2015-04-21,4437.0
T8,2015-04-22,4482.0
T8,2015-04-23,5156.0
T8,2015-04-24,3083.0
T8,2015-04-25,2762.0
T8,2015-04-26,4143.0
T8,2015-04-27,3255.0
T8,2015-04-28,3741.0
T8,2015-04-29,3653.0
T8,2015-04-30,5105.0
T8,2015-05-01,2467.0
T8,2015-05-02,1532.0
T8,2015-05-03,3471.0
T8,2015-05-04,3529.0
T8,2015-05-05,3283.0
T8,2015-05-06,884.0
T8,2015-05-07,2412.0
T8,2015-05-08,2654.0
T8,2015-05-09,2825.0
T8,2015-05-10,4218.0
T8,2015-05-11,3341.0
T8,2015-05-12,3625.0
T8,2015-05-13,3582.0
T8,2015-05-14,4583.0
T8,2015-05-15,2551.0
T8,2015-05-16,2396.0
T8,2015-05-17,4350.0
T8,2015-05-18,4072.0
T8,2015-05-19,3955.0
T8,2015-05-20,3998.0
T8,2015-05-21,4328.0
T8,2015-05-22,2566.0
T8,2015-05-23,1425.0
T8,2015-05-24,3616.0
T8,2015-05-25,3414.0
T8,2015-05-26,3898.0
T8,2015-05-27,3220.0
T8,2015-05-28,4388.0
T8,2015-05-29,3060.0
T8,2015-05-30,2491.0
T8,2015-05-31,2217.0
T8,2015-06-01,3489.0
T8,2015-06-02,3831.0
T8,2015-06-03,3921.0
T8,2015-06-04,4228.0
T8,2015-06-05,2671.0
T8,2015-06-06,2739.0
T8,2015-06-07,3900.0
T8,2015-06-08,3709.0
T8,2015-06-09,4090.0
T8,2015-06-10,3638.0
T8,2015-06-11,4591.0
T8,2015-06-12,2713.0
T8,2015-06-13,2330.0
T8,2015-06-14,3575.0
T8,2015-06-15,3822.0
T8,2015-06-16,4011.0
T8,2015-06-17,3846.0
T8,2015-06-18,4441.0
T8,2015-06-19,2488.0
T8,2015-06-20,2271.0
T8,2015-06-21,4015.0
T8,2015-06-22,4757.0
T8,2015-06-23,4359.0
T8,2015-06-24,3928.0
T8,2015-06-25,4486.0
T8,2015-06-26,1984.0
T8,2015-06-27,2733.0
T8,2015-06-28,3491.0
T8,2015-06-29,4048.0
T8,2015-06-30,4356.0
T8,2015-07-01,4015.0
T8,2015-07-02,4458.0
T8,2015-07-03,2251.0
T8,2015-07-04,965.0
T8,2015-07-05,3203.0
T8,2015-07-06,3542.0
T8,2015-07-07,3747.0
T8,2015-07-08,3891.0
T8,2015-07-09,4288.0
T8,2015-07-10,2837.0
T8,2015-07-11,2798.0
T8,2015-07-12,4183.0
T8,2015-07-13,3980.0
T8,2015-07-14,3875.0
T8,2015-07-15,4219.0
T8,2015-07-16,4695.0
T8,2015-07-17,2595.0
T8,2015-07-18,1980.0
T8,2015-07-19,3732.0
T8,2015-07-20,4124.0
T8,2015-07-21,3989.0
T8,2015-07-22,3185.0
T8,2015-07-23,4630.0
T8,2015-07-24,2019.0
T8,2015-07-25,2343.0
T8,2015-07-26,3485.0
T8,2015-07-27,3723.0
T8,2015-07-28,3640.0
T8,2015-07-29,3601.0
T8,2015-07-30,4163.0
T8,2015-07-31,2548.0
T8,2015-08-01,2320.0
T8,2015-08-02,3844.0
T8,2015-08-03,4058.0
T8,2015-08-04,4027.0
T8,2015-08-05,3826.0
T8,2015-08-06,4192.0
T8,2015-08-07,2754.0
T8,2015-08-08,2621.0
T8,2015-08-09,3366.0
T8,2015-08-10,3915.0
T8,2015-08-11,4010.0
T8,2015-08-12,4292.0
T8,2015-08-13,4707.0
T8,2015-08-14,3156.0
T8,2015-08-15,2477.0
T8,2015-08-16,3853.0
T8,2015-08-17,3783.0
T8,2015-08-18,3874.0
T8,2015-08-19,3116.0
T8,2015-08-20,4335.0
T8,2015-08-21,2175.0
T8,2015-08-22,2969.0
T8,2015-08-23,3895.0
T8,2015-08-24,4403.0
T8,2015-08-25,3979.0
T8,2015-08-26,3831.0
T8,2015-08-27,5024.0
T8,2015-08-28,2470.0
T8,2015-08-29,2085.0
T8,2015-08-30,3198.0
T8,2015-08-31,3599.0
T8,2015-09-01,3659.0
T8,2015-09-02,4336.0
T8,2015-09-03,5067.0
T8,2015-09-04,2372.0
T8,2015-09-05,2735.0
T8,2015-09-06,4276.0
T8,2015-09-07,3538.0
T8,2015-09-08,4101.0
T8,2015-09-09,3900.0
T8,2015-09-10,4425.0
T8,2015-09-11,2740.0
T8,2015-09-12,2763.0
T8,2015-09-13,3557.0
T8,2015-09-14,3769.0
T8,2015-09-15,4118.0
T8,2015-09-16,4061.0
T8,2015-09-17,4934.0
T8,2015-09-18,2949.0
T8,2015-09-19,2912.0
T8,2015-09-20,4364.0
T8,2015-09-21,4227.0
T8,2015-09-22,4574.0
T8,2015-09-23,5237.0
T8,2015-09-24,3203.0
T8,2015-09-25,2396.0
T8,2015-09-26,2536.0
T8,2015-09-27,4351.0
T8,2015-09-28,3825.0
T8,2015-09-29,4391.0
T8,2015-09-30,4777.0
T8,2015-10-01,5338.0
T8,2015-10-02,2533.0
T8,2015-10-03,2490.0
T8,2015-10-04,3487.0
T8,2015-10-05,4504.0
T8,2015-10-06,4785.0
T8,2015-10-07,4155.0
T8,2015-10-08,4460.0
T8,2015-10-09,3002.0
T8,2015-10-10,2618.0
T8,2015-10-11,4647.0
T8,2015-10-12,4379.0
T8,2015-10-13,3490.0
T8,2015-10-14,3974.0
T8,2015-10-15,4937.0
T8,2015-10-16,3168.0
T8,2015-10-17,2391.0
T8,2015-10-18,3399.0
T8,2015-10-19,4856.0
T8,2015-10-20,4716.0
T8,2015-10-21,4461.0
T8,2015-10-22,5202.0
T8,2015-10-23,1928.0
T8,2015-10-24,1854.0
T8,2015-10-25,3044.0
T8,2015-10-26,2498.0
T8,2015-10-27,3994.0
T8,2015-10-28,3599.0
T8,2015-10-29,3967.0
T8,2015-10-30,2579.0
T8,2015-10-31,2645.0
T8,2015-11-01,4398.0
T8,2015-11-02,3802.0
T8,2015-11-03,4449.0
T8,2015-11-04,4530.0
T8,2015-11-05,5140.0
T8,2015-11-06,2563.0
T8,2015-11-07,3107.0
T8,2015-11-08,4620.0
T8,2015-11-09,4509.0
T8,2015-11-10,4784.0
T8,2015-11-11,4448.0
T8,2015-11-12,4611.0
T8,2015-11-13,2657.0
T8,2015-11-14,2420.0
T8,2015-11-15,4437.0
T8,2015-11-16,4793.0
T8,2015-11-17,4290.0
T8,2015-11-18,3935.0
T8,2015-11-19,4842.0
T8,2015-11-20,3041.0
T8,2015-11-21,2505.0
T8,2015-11-22,4450.0
T8,2015-11-23,4631.0
T8,2015-11-24,4782.0
T8,2015-11-25,4736.0
T8,2015-11-26,5880.0
T8,2015-11-27,2684.0
T8,2015-11-28,3515.0
T8,2015-11-29,4214.0
T8,2015-11-30,4777.0
T8,2015-12-01,4725.0
T8,2015-12-02,5122.0
T8,2015-12-03,4811.0
T8,2015-12-04,2816.0
T8,2015-12-05,2759.0
T8,2015-12-06,4882.0
T8,2015-12-07,4921.0
T8,2015-12-08,5116.0
T8,2015-12-09,4960.0
T8,2015-12-10,4489.0
T8,2015-12-11,1670.0
T8,2015-12-12,1404.0
T8,2015-12-13,4189.0
T8,2015-12-14,4629.0
T8,2015-12-15,4693.0
T8,2015-12-16,2910.0
T8,2015-12-17,876.0
T8,2015-12-18,3194.0
T8,2015-12-19,2535.0
T8,2015-12-20,2626.0
T8,2015-12-21,3205.0
T8,2015-12-22,2975.0
T8,2015-12-23,4121.0
T8,2015-12-24,2323.0
T8,2015-12-25,2494.0
T8,2015-12-26,2231.0
T8,2015-12-27,3695.0
T8,2015-12-28,4100.0
T8,2015-12-29,3862.0
T8,2015-12-30,3943.0
T8,2015-12-31,4313.0
T8,2016-01-01,2882.0
T8,2016-01-02,2217.0
T8,2016-01-03,3601.0
T8,2016-01-04,4683.0
T8,2016-01-05,3201.0
T8,2016-01-06,3749.0
T8,2016-01-07,4586.0
T8,2016-01-08,2819.0
T8,2016-01-09,2451.0
T8,2016-01-10,4080.0
T8,2016-01-11,4403.0
T8,2016-01-12,4390.0
T8,2016-01-13,4497.0
T8,2016-01-14,3837.0
T8,2016-01-15,2367.0
T8,2016-01-16,2229.0
T8,2016-01-17,3699.0
T8,2016-01-18,4434.0
T8,2016-01-19,3864.0
T8,2016-01-20,4311.0
T8,2016-01-21,4486.0
T8,2016-01-22,3753.0
T8,2016-01-23,2171.0
T8,2016-01-24,4745.0
T8,2016-01-25,4425.0
T8,2016-01-26,3686.0
T8,2016-01-27,4389.0
T8,2016-01-28,4969.0
T8,2016-01-29,3343.0
T8,2016-01-30,2615.0
T8,2016-01-31,4266.0
T8,2016-02-01,4616.0
T8,2016-02-02,4640.0
T8,2016-02-03,4715.0
T8,2016-02-04,5335.0
T8,2016-02-05,3372.0
T8,2016-02-06,3015.0
T8,2016-02-07,4369.0
T8,2016-02-08,3955.0
T8,2016-02-09,4088.0
T8,2016-02-10,4275.0
T8,2016-02-11,4656.0
T8,2016-02-12,3181.0
T8,2016-02-13,2519.0
T8,2016-02-14,4045.0
T8,2016-02-15,3726.0
T8,2016-02-16,4334.0
T8,2016-02-17,4339.0
T8,2016-02-18,4822.0
T8,2016-02-19,3099.0
T8,2016-02-20,2509.0
T8,2016-02-21,4372.0
T8,2016-02-22,4736.0
T8,2016-02-23,4285.0
T8,2016-02-24,4495.0
T8,2016-02-25,4573.0
T8,2016-02-26,2593.0
T8,2016-02-27,2465.0
T8,2016-02-28,3958.0
T8,2016-02-29,3942.0
T8,2016-03-01,4068.0
T8,2016-03-02,3897.0
T8,2016-03-03,4890.0
T8,2016-03-04,2738.0
T8,2016-03-05,2685.0
T8,2016-03-06,2678.0
T8,2016-03-07,4740.0
T8,2016-03-08,4362.0
T8,2016-03-09,4048.0
T8,2016-03-10,3318.0
T8,2016-03-11,2499.0
T8,2016-03-12,3349.0
T8,2016-03-13,4515.0
T8,2016-03-14,4662.0
T8,2016-03-15,4991.0
T8,2016-03-16,2705.0
T8,2016-03-17,2541.0
T8,2016-03-18,2775.0
T8,2016-03-19,3299.0
T8,2016-03-20,3822.0
T8,2016-03-21,4382.0
T8,2016-03-22,4608.0
T8,2016-03-23,4839.0
T8,2016-03-24,2738.0
T8,2016-03-25,3113.0
T8,2016-03-26,4691.0
T8,2016-03-27,4683.0
T8,2016-03-28,3328.0
T8,2016-03-29,4609.0
T8,2016-03-30,4464.0
T8,2016-03-31,2997.0
T8,2016-04-01,3071.0
T8,2016-04-02,3999.0
T8,2016-04-03,4250.0
T8,2016-04-04,4409.0
T8,2016-04-05,4423.0
T8,2016-04-06,4934.0
T8,2016-04-07,2543.0
T8,2016-04-08,2795.0
T8,2016-04-09,4489.0
T8,2016-04-10,4767.0
T8,2016-04-11,4583.0
T8,2016-04-12,4309.0
T8,2016-04-13,4597.0
T8,2016-04-14,2804.0
T8,2016-04-15,3330.0
T8,2016-04-16,2741.0
T8,2016-04-17,4730.0
T8,2016-04-18,4529.0
T8,2016-04-19,4344.0
T8,2016-04-20,4189.0
T8,2016-04-21,3099.0
T8,2016-04-22,1941.0
T8,2016-04-23,4476.0
T8,2016-04-24,3639.0
T8,2016-04-25,4349.0
T8,2016-04-26,4465.0
T8,2016-04-27,4799.0
T8,2016-04-28,3013.0
T8,2016-04-29,1953.0
T8,2016-04-30,3102.0
T8,2016-05-01,4027.0
T8,2016-05-02,4078.0
T8,2016-05-03,4376.0
T8,2016-05-04,4946.0
T8,2016-05-05,3125.0
T8,2016-05-06,2483.0
T8,2016-05-07,4445.0
T8,2016-05-08,3896.0
T8,2016-05-09,4138.0
T8,2016-05-10,3791.0
T8,2016-05-11,4528.0
T8,2016-05-12,2762.0
T8,2016-05-13,2844.0
T8,2016-05-14,3972.0
T8,2016-05-15,4122.0
T8,2016-05-16,3854.0
T8,2016-05-17,3342.0
T8,2016-05-18,4640.0
T8,2016-05-19,2074.0
T8,2016-05-20,2604.0
T8,2016-05-21,4258.0
T8,2016-05-22,4543.0
T8,2016-05-23,4368.0
T8,2016-05-24,4514.0
T8,2016-05-25,4534.0
T8,2016-05-26,2187.0
T8,2016-05-27,2189.0
T8,2016-05-28,4183.0
T8,2016-05-29,3887.0
T8,2016-05-30,4005.0
T8,2016-05-31,4140.0
T8,2016-06-01,4455.0
T8,2016-06-02,2844.0
T8,2016-06-03,3356.0
T8,2016-06-04,2505.0
T8,2016-06-05,3902.0
T8,2016-06-06,4333.0
T8,2016-06-07,3368.0
T8,2016-06-08,3880.0
T8,2016-06-09,2669.0
T8,2016-06-10,2799.0
T8,2016-06-11,3170.0
T8,2016-06-12,3866.0
T8,2016-06-13,3926.0
T8,2016-06-14,3693.0
T8,2016-06-15,3750.0
T8,2016-06-16,2700.0
T8,2016-06-17,2529.0
T8,2016-06-18,3415.0
T8,2016-06-19,4536.0
T8,2016-06-20,4473.0
T8,2016-06-21,3634.0
T8,2016-06-22,4320.0
T8,2016-06-23,2613.0
T8,2016-06-24,2639.0
T8,2016-06-25,3910.0
T8,2016-06-26,3156.0
T8,2016-06-27,3565.0
T8,2016-06-28,3846.0
T8,2016-06-29,5213.0
T8,2016-06-30,3297.0
T8,2016-07-01,2391.0
T8,2016-07-02,3892.0
T8,2016-07-03,3686.0
T8,2016-07-04,3876.0
T8,2016-07-05,4116.0
T8,2016-07-06,4737.0
T8,2016-07-07,3315.0
T8,2016-07-08,2861.0
T8,2016-07-09,4163.0
T8,2016-07-10,4197.0
T8,2016-07-11,4438.0
T8,2016-07-12,4181.0
T8,2016-07-13,4379.0
T8,2016-07-14,2379.0
T8,2016-07-15,5324.0
T8,2016-07-16,3545.0
T8,2016-07-17,3691.0
T8,2016-07-18,3906.0
T8,2016-07-19,3939.0
T8,2016-07-20,4389.0
T8,2016-07-21,2756.0
T8,2016-07-22,2792.0
T8,2016-07-23,3662.0
T8,2016-07-24,4027.0
T8,2016-07-25,3896.0
T8,2016-07-26,4312.0
T8,2016-07-27,4891.0
T8,2016-07-28,2733.0
T8,2016-07-29,3276.0
T8,2016-07-30,3793.0
T8,2016-07-31,3779.0
T8,2016-08-01,4236.0
T8,2016-08-02,4111.0
T8,2016-08-03,4396.0
T8,2016-08-04,2723.0
T8,2016-08-05,2921.0
T8,2016-08-06,4453.0
T8,2016-08-07,4495.0
T8,2016-08-08,4108.0
T8,2016-08-09,4401.0
T8,2016-08-10,3420.0
T8,2016-08-11,2559.0
T8,2016-08-12,2223.0
T8,2016-08-13,3449.0
T8,2016-08-14,4412.0
T8,2016-08-15,4262.0
T8,2016-08-16,4108.0
T8,2016-08-17,4669.0
T8,2016-08-18,2816.0
T8,2016-08-19,2737.0
T8,2016-08-20,4508.0
T8,2016-08-21,3589.0
T8,2016-08-22,4235.0
T8,2016-08-23,3981.0
T8,2016-08-24,4363.0
T8,2016-08-25,2911.0
T8,2016-08-26,2468.0
T8,2016-08-27,4158.0
T8,2016-08-28,4585.0
T8,2016-08-29,4722.0
T8,2016-08-30,4566.0
T8,2016-08-31,3828.0
T8,2016-09-01,2249.0
T8,2016-09-02,2498.0
T8,2016-09-03,3692.0
T8,2016-09-04,3286.0
T8,2016-09-05,3908.0
T8,2016-09-06,3511.0
T8,2016-09-07,4445.0
T8,2016-09-08,2765.0
T8,2016-09-09,1966.0
T8,2016-09-10,4282.0
T8,2016-09-11,4698.0
T8,2016-09-12,4030.0
T8,2016-09-13,3993.0
T8,2016-09-14,4764.0
T8,2016-09-15,3042.0
T8,2016-09-16,2580.0
T8,2016-09-17,4173.0
T8,2016-09-18,3976.0
T8,2016-09-19,5013.0
T8,2016-09-20,4323.0
T8,2016-09-21,2955.0
T8,2016-09-22,2014.0
T8,2016-09-23,2224.0
T8,2016-09-24,3631.0
T8,2016-09-25,3472.0
T8,2016-09-26,3975.0
T8,2016-09-27,5018.0
T8,2016-09-28,4599.0
T8,2016-09-29,3110.0
T8,2016-09-30,1806.0
T8,2016-10-01,3815.0
T8,2016-10-02,4188.0
T8,2016-10-03,3823.0
T8,2016-10-04,4568.0
T8,2016-10-05,5171.0
T8,2016-10-06,2836.0
T8,2016-10-07,2066.0
T8,2016-10-08,4080.0
T8,2016-10-09,3843.0
T8,2016-10-10,4564.0
T8,2016-10-11,4630.0
T8,2016-10-12,3641.0
T8,2016-10-13,1690.0
T8,2016-10-14,3652.0
T8,2016-10-15,4372.0
T8,2016-10-16,4770.0
T8,2016-10-17,4181.0
T8,2016-10-18,4565.0
T8,2016-10-19,4959.0
T8,2016-10-20,2823.0
T8,2016-10-21,1917.0
T8,2016-10-22,3438.0
T8,2016-10-23,2133.0
T8,2016-10-24,4119.0
T8,2016-10-25,4596.0
T8,2016-10-26,4945.0
T8,2016-10-27,2174.0
T8,2016-10-28,2586.0
T8,2016-10-29,4175.0
T8,2016-10-30,4732.0
T8,2016-10-31,4436.0
T8,2016-11-01,4749.0
T8,2016-11-02,5355.0
T8,2016-11-03,2585.0
T8,2016-11-04,2194.0
T8,2016-11-05,3749.0
T8,2016-11-06,4651.0
T8,2016-11-07,4772.0
T8,2016-11-08,4960.0
T8,2016-11-09,5025.0
T8,2016-11-10,3069.0
T8,2016-11-11,2708.0
T8,2016-11-12,4091.0
T8,2016-11-13,3530.0
T8,2016-11-14,4240.0
T8,2016-11-15,4314.0
T8,2016-11-16,4714.0
T8,2016-11-17,2673.0
T8,2016-11-18,2326.0
T8,2016-11-19,4638.0
T8,2016-11-20,5136.0
T8,2016-11-21,4466.0
T8,2016-11-22,4857.0
T8,2016-11-23,5286.0
T8,2016-11-24,2884.0
T8,2016-11-25,2030.0
T8,2016-11-26,4456.0
T8,2016-11-27,4787.0
T8,2016-11-28,5336.0
T8,2016-11-29,4432.0
T8,2016-11-30,5502.0
T8,2016-12-01,3611.0
T8,2016-12-02,3165.0
T8,2016-12-03,4818.0
T8,2016-12-04,4570.0
T8,2016-12-05,5144.0
T8,2016-12-06,5485.0
T8,2016-12-07,5723.0
T8,2016-12-08,2413.0
T8,2016-12-09,2659.0
T8,2016-12-10,4838.0
T8,2016-12-11,4576.0
T8,2016-12-12,5284.0
T8,2016-12-13,5411.0
T8,2016-12-14,4191.0
T8,2016-12-15,1961.0
T8,2016-12-16,878.0
T8,2016-12-17,3544.0
T8,2016-12-18,2407.0
T8,2016-12-19,2789.0
T8,2016-12-20,2522.0
T8,2016-12-21,3158.0
T8,2016-12-22,3450.0
T8,2016-12-23,3565.0
T8,2016-12-24,1938.0
T8,2016-12-25,3813.0
T8,2016-12-26,4118.0
T8,2016-12-27,3702.0
T8,2016-12-28,3729.0
T8,2016-12-29,2038.0
T8,2016-12-30,2221.0
T8,2016-12-31,4687.0
T8,2017-01-01,4693.0
T8,2017-01-02,4798.0
T8,2017-01-03,4918.0
T8,2017-01-04,4221.0
T8,2017-01-05,2387.0
T8,2017-01-06,2572.0
T8,2017-01-07,4566.0
T8,2017-01-08,4093.0
T8,2017-01-09,4877.0
T8,2017-01-10,4903.0
T8,2017-01-11,4125.0
T8,2017-01-12,2809.0
T8,2017-01-13,2595.0
T8,2017-01-14,3950.0
T8,2017-01-15,4783.0
T8,2017-01-16,5068.0
T8,2017-01-17,3693.0
T8,2017-01-18,4484.0
T8,2017-01-19,2562.0
T8,2017-01-20,2598.0
T8,2017-01-21,3994.0
T8,2017-01-22,4695.0
T8,2017-01-23,4643.0
T8,2017-01-24,4738.0
T8,2017-01-25,5084.0
T8,2017-01-26,2765.0
T8,2017-01-27,2225.0
T8,2017-01-28,3745.0
T8,2017-01-29,4934.0
T8,2017-01-30,4219.0
T8,2017-01-31,3803.0
T8,2017-02-01,5041.0
T8,2017-02-02,2931.0
T8,2017-02-03,2198.0
T8,2017-02-04,4506.0
T8,2017-02-05,4674.0
T8,2017-02-06,4761.0
T8,2017-02-07,5199.0
T8,2017-02-08,5195.0
T8,2017-02-09,2823.0
T8,2017-02-10,1818.0
T8,2017-02-11,4346.0
T8,2017-02-12,5023.0
T8,2017-02-13,4852.0
T8,2017-02-14,5032.0
T8,2017-02-15,4886.0
T8,2017-02-16,3064.0
T8,2017-02-17,2806.0
T8,2017-02-18,4331.0
T8,2017-02-19,4355.0
T8,2017-02-20,4638.0
T8,2017-02-21,4779.0
T8,2017-02-22,4778.0
T8,2017-02-23,2841.0
T8,2017-02-24,2792.0
T8,2017-02-25,4734.0
T8,2017-02-26,4935.0
T8,2017-02-27,4668.0
T8,2017-02-28,4733.0
T8,2017-03-01,5284.0
T8,2017-03-02,3235.0
T8,2017-03-03,2693.0
T8,2017-03-04,2845.0
T8,2017-03-05,4337.0
T8,2017-03-06,4334.0
T8,2017-03-07,4394.0
T8,2017-03-08,5200.0
T8,2017-03-09,4095.0
T8,2017-03-10,3675.0
T8,2017-03-11,4732.0
T8,2017-03-12,3853.0
T8,2017-03-13,4059.0
T8,2017-03-14,4676.0
T8,2017-03-15,5181.0
T8,2017-03-16,3403.0
T8,2017-03-17,2866.0
T8,2017-03-18,3897.0
T8,2017-03-19,5076.0
T8,2017-03-20,4469.0
T8,2017-03-21,4372.0
T8,2017-03-22,5508.0
T8,2017-03-23,3147.0
T8,2017-03-24,3017.0
T8,2017-03-25,5000.0
T8,2017-03-26,5205.0
T8,2017-03-27,5002.0
T8,2017-03-28,4878.0
T8,2017-03-29,5163.0
T8,2017-03-30,2835.0
T8,2017-03-31,1711.0
T8,2017-04-01,3031.0
T8,2017-04-02,4393.0
T8,2017-04-03,4782.0
T8,2017-04-04,4745.0
T8,2017-04-05,2703.0
T8,2017-04-06,2941.0
T8,2017-04-07,2882.0
T8,2017-04-08,2605.0
T8,2017-04-09,4513.0
T8,2017-04-10,4701.0
T8,2017-04-11,4483.0
T8,2017-04-12,4151.0
T8,2017-04-13,2881.0
T8,2017-04-14,3253.0
T8,2017-04-15,3669.0
T8,2017-04-16,1813.0
T8,2017-04-17,3385.0
T8,2017-04-18,3878.0
T8,2017-04-19,4587.0
T8,2017-04-20,2515.0
T8,2017-04-21,2958.0
T8,2017-04-22,4125.0
T8,2017-04-23,4170.0
T8,2017-04-24,4418.0
T8,2017-04-25,4653.0
T8,2017-04-26,4945.0
T8,2017-04-27,2489.0
T8,2017-04-28,2363.0
T8,2017-04-29,3747.0
T8,2017-04-30,4073.0
T8,2017-05-01,4809.0
T8,2017-05-02,4450.0
T8,2017-05-03,4926.0
T8,2017-05-04,3128.0
T8,2017-05-05,2817.0
T8,2017-05-06,4301.0
T8,2017-05-07,4498.0
T8,2017-05-08,3967.0
T8,2017-05-09,4622.0
T8,2017-05-10,4242.0
T8,2017-05-11,3193.0
T8,2017-05-12,2851.0
T8,2017-05-13,4593.0
T8,2017-05-14,4205.0
T8,2017-05-15,4446.0
T8,2017-05-16,4237.0
T8,2017-05-17,4955.0
T8,2017-05-18,3038.0
T8,2017-05-19,2079.0
T8,2017-05-20,4188.0
T8,2017-05-21,3834.0
T8,2017-05-22,4244.0
T8,2017-05-23,4210.0
T8,2017-05-24,4521.0
T8,2017-05-25,2821.0
T8,2017-05-26,2716.0
T8,2017-05-27,4054.0
T8,2017-05-28,3842.0
T8,2017-05-29,4392.0
T8,2017-05-30,4245.0
T8,2017-05-31,5002.0
T8,2017-06-01,3136.0
T8,2017-06-02,3166.0
T8,2017-06-03,2314.0
T8,2017-06-04,3936.0
T8,2017-06-05,4578.0
T8,2017-06-06,4491.0
T8,2017-06-07,5134.0
T8,2017-06-08,2988.0
T8,2017-06-09,2796.0
T8,2017-06-10,4294.0
T8,2017-06-11,4533.0
T8,2017-06-12,3936.0
T8,2017-06-13,4441.0
T8,2017-06-14,4735.0
T8,2017-06-15,2691.0
T8,2017-06-16,2524.0
T8,2017-06-17,4192.0
T8,2017-06-18,4078.0
T8,2017-06-19,4157.0
T8,2017-06-20,4060.0
T8,2017-06-21,5086.0
T8,2017-06-22,3642.0
T8,2017-06-23,3041.0
T8,2017-06-24,3816.0
T8,2017-06-25,4292.0
T8,2017-06-26,4325.0
T8,2017-06-27,4581.0
T8,2017-06-28,4984.0
T8,2017-06-29,2921.0
T8,2017-06-30,2896.0
T8,2017-07-01,4336.0
T8,2017-07-02,4760.0
T8,2017-07-03,4817.0
T8,2017-07-04,4106.0
T8,2017-07-05,4856.0
T8,2017-07-06,2968.0
T8,2017-07-07,2310.0
T8,2017-07-08,3958.0
T8,2017-07-09,3834.0
T8,2017-07-10,3864.0
T8,2017-07-11,3800.0
T8,2017-07-12,5017.0
T8,2017-07-13,2345.0
T8,2017-07-14,2211.0
T8,2017-07-15,4264.0
T8,2017-07-16,4187.0
T8,2017-07-17,4127.0
T8,2017-07-18,4359.0
T8,2017-07-19,4646.0
T8,2017-07-20,2542.0
T8,2017-07-21,6378.0
T8,2017-07-22,4511.0
T8,2017-07-23,4697.0
T8,2017-07-24,4078.0
T8,2017-07-25,3768.0
T8,2017-07-26,4501.0
T8,2017-07-27,2735.0
T8,2017-07-28,2134.0
T8,2017-07-29,3599.0
T8,2017-07-30,4219.0
T8,2017-07-31,4694.0
T8,2017-08-01,4057.0
T8,2017-08-02,4867.0
T8,2017-08-03,2720.0
T8,2017-08-04,2910.0
T8,2017-08-05,4562.0
T8,2017-08-06,3705.0
T8,2017-08-07,4258.0
T8,2017-08-08,3942.0
T8,2017-08-09,3728.0
T8,2017-08-10,2772.0
T8,2017-08-11,3332.0
T8,2017-08-12,3642.0
T8,2017-08-13,4603.0
T8,2017-08-14,4442.0
T8,2017-08-15,4587.0
T8,2017-08-16,5114.0
T8,2017-08-17,2958.0
T8,2017-08-18,2275.0
T8,2017-08-19,4200.0
T8,2017-08-20,2493.0
T8,2017-08-21,3032.0
T8,2017-08-22,4043.0
T8,2017-08-23,4352.0
T8,2017-08-24,4642.0
T8,2017-08-25,4305.0
T8,2017-08-26,5162.0
T8,2017-08-27,2907.0
T8,2017-08-28,2641.0
T8,2017-08-29,3815.0
T8,2017-08-30,4945.0
T8,2017-08-31,4803.0
T8,2017-09-01,4812.0
T8,2017-09-02,3050.0
T8,2017-09-03,2402.0
T8,2017-09-04,2541.0
T8,2017-09-05,4477.0
T8,2017-09-06,5097.0
T8,2017-09-07,5189.0
T8,2017-09-08,4377.0
T8,2017-09-09,4544.0
T8,2017-09-10,3360.0
T8,2017-09-11,2423.0
T8,2017-09-12,4304.0
T8,2017-09-13,5098.0
T8,2017-09-14,4312.0
T8,2017-09-15,4534.0
T8,2017-09-16,5188.0
T8,2017-09-17,3839.0
T8,2017-09-18,3299.0
T8,2017-09-19,5287.0
T8,2017-09-20,5138.0
T8,2017-09-21,5008.0
T8,2017-09-22,4117.0
T8,2017-09-23,5359.0
T8,2017-09-24,2656.0
T8,2017-09-25,2336.0
T8,2017-09-26,4670.0
T8,2017-09-27,4884.0
T8,2017-09-28,4384.0
T8,2017-09-29,4509.0
T8,2017-09-30,5930.0
T8,2017-10-01,3295.0
T8,2017-10-02,2877.0
T8,2017-10-03,3895.0
T8,2017-10-04,4841.0
T8,2017-10-05,4544.0
T8,2017-10-06,4553.0
T8,2017-10-07,4565.0
T8,2017-10-08,2670.0
T8,2017-10-09,3930.0
T8,2017-10-10,3914.0
T8,2017-10-11,2088.0
T8,2017-10-12,4893.0
T8,2017-10-13,5178.0
T8,2017-10-14,5497.0
T8,2017-10-15,3298.0
T8,2017-10-16,2963.0
T8,2017-10-17,4716.0
T8,2017-10-18,4516.0
T8,2017-10-19,4517.0
T8,2017-10-20,4179.0
T8,2017-10-21,5545.0
T8,2017-10-22,2806.0
T8,2017-10-23,1491.0
T8,2017-10-24,1386.0
T8,2017-10-25,1444.0
T8,2017-10-26,2528.0
T8,2017-10-27,3669.0
T8,2017-10-28,4497.0
T8,2017-10-29,1703.0
T8,2017-10-30,2186.0
T8,2017-10-31,4443.0
T8,2017-11-01,4778.0
T8,2017-11-02,4144.0
T8,2017-11-03,4327.0
T8,2017-11-04,3599.0
T8,2017-11-05,1387.0
T8,2017-11-06,2004.0
T8,2017-11-07,4078.0
T8,2017-11-08,5079.0
T8,2017-11-09,5456.0
T8,2017-11-10,5304.0
T8,2017-11-11,6166.0
T8,2017-11-12,3317.0
T8,2017-11-13,3309.0
T8,2017-11-14,5243.0
T8,2017-11-15,5421.0
T8,2017-11-16,4673.0
T8,2017-11-17,5652.0
T8,2017-11-18,6146.0
T8,2017-11-19,3316.0
T8,2017-11-20,3030.0
T8,2017-11-21,5013.0
T8,2017-11-22,4406.0
T8,2017-11-23,5196.0
T8,2017-11-24,5833.0
T8,2017-11-25,5369.0
T8,2017-11-26,2832.0
T8,2017-11-27,2444.0
T8,2017-11-28,1709.0
T8,2017-11-29,5067.0
T8,2017-11-30,3132.0
T8,2017-12-01,3526.0
T8,2017-12-02,3329.0
T8,2017-12-03,2941.0
T8,2017-12-04,4707.0
T8,2017-12-05,4475.0
T8,2017-12-06,4360.0
T8,2017-12-07,4421.0
T8,2017-12-08,4514.0
T8,2017-12-09,4246.0
T8,2017-12-10,1705.0
T8,2017-12-11,2761.0
T8,2017-12-12,4888.0
T8,2017-12-13,5172.0
T8,2017-12-14,5244.0
T8,2017-12-15,4714.0
T8,2017-12-16,4497.0
T8,2017-12-17,2187.0
T8,2017-12-18,2856.0
T8,2017-12-19,4926.0
T8,2017-12-20,5785.0
T8,2017-12-21,5485.0
T8,2017-12-22,4401.0
T8,2017-12-23,4174.0
T8,2017-12-24,3368.0
T8,2017-12-25,3061.0
T8,2017-12-26,5579.0
T8,2017-12-27,5858.0
T8,2017-12-28,5868.0
T8,2017-12-29,5809.0
T8,2017-12-30,3387.0
T8,2017-12-31,2650.0
T8,2018-01-01,1858.0
T8,2018-01-02,3880.0
T8,2018-01-03,4967.0
T8,2018-01-04,5163.0
T8,2018-01-05,5424.0
T8,2018-01-06,5711.0
T8,2018-01-07,3170.0
T8,2018-01-08,3154.0
T8,2018-01-09,5484.0
T8,2018-01-10,5560.0
T8,2018-01-11,4833.0
T8,2018-01-12,6041.0
T8,2018-01-13,5882.0
T8,2018-01-14,3685.0
T8,2018-01-15,3196.0
T8,2018-01-16,5639.0
T8,2018-01-17,5718.0
T8,2018-01-18,5332.0
T8,2018-01-19,5484.0
T8,2018-01-20,5837.0
T8,2018-01-21,3763.0
T8,2018-01-22,3198.0
T8,2018-01-23,5258.0
T8,2018-01-24,5890.0
T8,2018-01-25,5596.0
T8,2018-01-26,5612.0
T8,2018-01-27,5570.0
T8,2018-01-28,2834.0
T8,2018-01-29,2923.0
T8,2018-01-30,5805.0
T8,2018-01-31,5658.0
T8,2018-02-01,5183.0
T8,2018-02-02,5144.0
T8,2018-02-03,5999.0
T8,2018-02-04,3173.0
T8,2018-02-05,3333.0
T8,2018-02-06,5616.0
T8,2018-02-07,5909.0
T8,2018-02-08,5774.0
T8,2018-02-09,5715.0
T8,2018-02-10,6726.0
T8,2018-02-11,3967.0
T8,2018-02-12,4243.0
T8,2018-02-13,3900.0
T8,2018-02-14,5436.0
T8,2018-02-15,5726.0
T8,2018-02-16,5640.0
T8,2018-02-17,6128.0
T8,2018-02-18,3334.0
T8,2018-02-19,2722.0
T8,2018-02-20,6158.0
T8,2018-02-21,5190.0
T8,2018-02-22,5778.0
T8,2018-02-23,6098.0
T8,2018-02-24,6622.0
T8,2018-02-25,2871.0
T8,2018-02-26,3298.0
T8,2018-02-27,4896.0
T8,2018-02-28,5471.0
T8,2018-03-01,5510.0
T8,2018-03-02,5514.0
T8,2018-03-03,3078.0
T8,2018-03-04,3730.0
T8,2018-03-05,3373.0
T8,2018-03-06,3008.0
T8,2018-03-07,5226.0
T8,2018-03-08,5465.0
T8,2018-03-09,5307.0
T8,2018-03-10,5468.0
T8,2018-03-11,3804.0
T8,2018-03-12,3639.0
T8,2018-03-13,5548.0
T8,2018-03-14,5149.0
T8,2018-03-15,5616.0
T8,2018-03-16,5176.0
T8,2018-03-17,5746.0
T8,2018-03-18,2147.0
T8,2018-03-19,2312.0
T8,2018-03-20,4734.0
T8,2018-03-21,5459.0
T8,2018-03-22,5860.0
T8,2018-03-23,5812.0
T8,2018-03-24,6153.0
T8,2018-03-25,3654.0
T8,2018-03-26,3821.0
T8,2018-03-27,5809.0
T8,2018-03-28,5427.0
T8,2018-03-29,3293.0
T8,2018-03-30,5418.0
T8,2018-03-31,5948.0
T8,2018-04-01,3327.0
T8,2018-04-02,3246.0
T8,2018-04-03,5491.0
T8,2018-04-04,5722.0
T8,2018-04-05,5532.0
T8,2018-04-06,5176.0
T8,2018-04-07,4931.0
T8,2018-04-08,3156.0
T8,2018-04-09,3503.0
T8,2018-04-10,5312.0
T8,2018-04-11,5746.0
T8,2018-04-12,5320.0
T8,2018-04-13,4660.0
T8,2018-04-14,3039.0
T8,2018-04-15,2907.0
T8,2018-04-16,3016.0
T8,2018-04-17,5433.0
T8,2018-04-18,4557.0
T8,2018-04-19,5143.0
T8,2018-04-20,4705.0
T8,2018-04-21,5305.0
T8,2018-04-22,3273.0
T8,2018-04-23,2193.0
T8,2018-04-24,4741.0
T8,2018-04-25,4819.0
T8,2018-04-26,4975.0
T8,2018-04-27,4965.0
T8,2018-04-28,6440.0
T8,2018-04-29,3312.0
T8,2018-04-30,3061.0
T8,2018-05-01,5011.0
T8,2018-05-02,5009.0
T8,2018-05-03,5123.0
T8,2018-05-04,5061.0
T8,2018-05-05,5558.0
T8,2018-05-06,3763.0
T8,2018-05-07,3001.0
T8,2018-05-08,5361.0
T8,2018-05-09,5448.0
T8,2018-05-10,5827.0
T8,2018-05-11,4948.0
T8,2018-05-12,4243.0
T8,2018-05-13,3740.0
T8,2018-05-14,3841.0
T8,2018-05-15,3187.0
T8,2018-05-16,4645.0
T8,2018-05-17,4826.0
T8,2018-05-18,4924.0
T8,2018-05-19,4470.0
T8,2018-05-20,2847.0
T8,2018-05-21,1129.0
T8,2018-05-22,4350.0
T8,2018-05-23,5272.0
T8,2018-05-24,4875.0
T8,2018-05-25,5488.0
T8,2018-05-26,5677.0
T8,2018-05-27,3041.0
T8,2018-05-28,2633.0
T8,2018-05-29,5080.0
T8,2018-05-30,5468.0
T8,2018-05-31,4970.0
T8,2018-06-01,5290.0
T8,2018-06-02,5929.0
T8,2018-06-03,3345.0
T8,2018-06-04,4303.0
T8,2018-06-05,5381.0
T8,2018-06-06,5011.0
T8,2018-06-07,4719.0
T8,2018-06-08,4677.0
T8,2018-06-09,5076.0
T8,2018-06-10,2684.0
T8,2018-06-11,2515.0
T8,2018-06-12,5055.0
T8,2018-06-13,5255.0
T8,2018-06-14,4865.0
T8,2018-06-15,5213.0
T8,2018-06-16,6341.0
T8,2018-06-17,3504.0
T8,2018-06-18,3253.0
T8,2018-06-19,4622.0
T8,2018-06-20,4922.0
T8,2018-06-21,5308.0
T8,2018-06-22,4742.0
T8,2018-06-23,5329.0
T8,2018-06-24,3390.0
T8,2018-06-25,3339.0
T8,2018-06-26,4336.0
T8,2018-06-27,4370.0
T8,2018-06-28,5346.0
T8,2018-06-29,5445.0
T8,2018-06-30,6167.0
T8,2018-07-01,3427.0
T8,2018-07-02,5195.0
T8,2018-07-03,4750.0
T8,2018-07-04,4818.0
T8,2018-07-05,5259.0
T8,2018-07-06,5379.0
T8,2018-07-07,4742.0
T8,2018-07-08,3444.0
T8,2018-07-09,2944.0
T8,2018-07-10,4714.0
T8,2018-07-11,5177.0
T8,2018-07-12,4585.0
T8,2018-07-13,4919.0
T8,2018-07-14,5728.0
T8,2018-07-15,2475.0
T8,2018-07-16,3063.0
T8,2018-07-17,4689.0
T8,2018-07-18,5647.0
T8,2018-07-19,4925.0
T8,2018-07-20,5358.0
T8,2018-07-21,5696.0
T8,2018-07-22,2762.0
T8,2018-07-23,1993.0
T8,2018-07-24,4845.0
T8,2018-07-25,4781.0
T8,2018-07-26,5024.0
T8,2018-07-27,5494.0
T8,2018-07-28,5990.0
T8,2018-07-29,3567.0
T8,2018-07-30,5087.0
T8,2018-07-31,5051.0
T8,2018-08-01,4983.0
T8,2018-08-02,5561.0
T8,2018-08-03,4305.0
T8,2018-08-04,4653.0
T8,2018-08-05,2487.0
T8,2018-08-06,2503.0
T8,2018-08-07,5316.0
T8,2018-08-08,5758.0
T8,2018-08-09,5863.0
T8,2018-08-10,4855.0
T8,2018-08-11,5598.0
T8,2018-08-12,3619.0
T8,2018-08-13,2643.0
T8,2018-08-14,5561.0
T8,2018-08-15,6226.0
T8,2018-08-16,5683.0
T8,2018-08-17,6090.0
T8,2018-08-18,6319.0
T8,2018-08-19,2096.0
T8,2018-08-20,2774.0
T8,2018-08-21,5553.0
T8,2018-08-22,4878.0
T8,2018-08-23,5399.0
T8,2018-08-24,5792.0
T8,2018-08-25,5752.0
T8,2018-08-26,3772.0
T8,2018-08-27,2749.0
T8,2018-08-28,5462.0
T8,2018-08-29,5559.0
T8,2018-08-30,6135.0
T8,2018-08-31,6248.0
T8,2018-09-01,2881.0
T8,2018-09-02,2921.0
T8,2018-09-03,3546.0
T8,2018-09-04,6137.0
T8,2018-09-05,5948.0
T8,2018-09-06,5801.0
T8,2018-09-07,5540.0
T8,2018-09-08,6292.0
T8,2018-09-09,4105.0
T8,2018-09-10,3525.0
T8,2018-09-11,5728.0
T8,2018-09-12,4496.0
T8,2018-09-13,5440.0
T8,2018-09-14,6173.0
T8,2018-09-15,6851.0
T8,2018-09-16,3978.0
T8,2018-09-17,3357.0
T8,2018-09-18,5441.0
T8,2018-09-19,4721.0
T8,2018-09-20,5555.0
T8,2018-09-21,5263.0
T8,2018-09-22,6531.0
T8,2018-09-23,3003.0
T8,2018-09-24,3821.0
T8,2018-09-25,6113.0
T8,2018-09-26,5284.0
T8,2018-09-27,5905.0
T8,2018-09-28,6195.0
T8,2018-09-29,6464.0
T8,2018-09-30,3673.0
T8,2018-10-01,3842.0
T8,2018-10-02,6073.0
T8,2018-10-03,6345.0
T8,2018-10-04,5919.0
T8,2018-10-05,5827.0
T8,2018-10-06,5037.0
T8,2018-10-07,3123.0
T8,2018-10-08,3467.0
T8,2018-10-09,4400.0
T8,2018-10-10,2011.0
T8,2018-10-11,5048.0
T8,2018-10-12,5338.0
T8,2018-10-13,5722.0
T8,2018-10-14,3780.0
T8,2018-10-15,3615.0
T8,2018-10-16,5791.0
T8,2018-10-17,5783.0
T8,2018-10-18,5087.0
T8,2018-10-19,5945.0
T8,2018-10-20,6616.0
T8,2018-10-21,3900.0
T8,2018-10-22,3672.0
T8,2018-10-23,5923.0
T8,2018-10-24,5322.0
T8,2018-10-25,5890.0
T8,2018-10-26,5431.0
T8,2018-10-27,5206.0
T8,2018-10-28,3299.0
T8,2018-10-29,3544.0
T8,2018-10-30,5980.0
T8,2018-10-31,5905.0
T8,2018-11-01,5915.0
T8,2018-11-02,6025.0
T8,2018-11-03,6827.0
T8,2018-11-04,4773.0
T8,2018-11-05,2958.0
T8,2018-11-06,5550.0
T8,2018-11-07,6212.0
T8,2018-11-08,6804.0
T8,2018-11-09,5929.0
T8,2018-11-10,5136.0
T8,2018-11-11,3439.0
T8,2018-11-12,3149.0
T8,2018-11-13,6071.0
T8,2018-11-14,6743.0
T8,2018-11-15,6145.0
T8,2018-11-16,4161.0
T8,2018-11-17,5918.0
T8,2018-11-18,3485.0
T8,2018-11-19,2857.0
T8,2018-11-20,6193.0
T8,2018-11-21,6480.0
T8,2018-11-22,6017.0
T8,2018-11-23,6230.0
T8,2018-11-24,5186.0
T8,2018-11-25,3219.0
T8,2018-11-26,3455.0
T8,2018-11-27,3344.0
T8,2018-11-28,1740.0
T8,2018-11-29,6043.0
T8,2018-11-30,3465.0
T8,2018-12-01,3632.0
T8,2018-12-02,3304.0
T8,2018-12-03,3157.0
T8,2018-12-04,5529.0
T8,2018-12-05,4989.0
T8,2018-12-06,4622.0
T8,2018-12-07,4644.0
T8,2018-12-08,2880.0
T8,2018-12-09,2727.0
T8,2018-12-10,3266.0
T8,2018-12-11,5944.0
T8,2018-12-12,6018.0
T8,2018-12-13,5998.0
T8,2018-12-14,6022.0
T8,2018-12-15,5805.0
T8,2018-12-16,3387.0
T8,2018-12-17,3342.0
T8,2018-12-18,5174.0
T8,2018-12-19,5512.0
T8,2018-12-20,6250.0
T8,2018-12-21,5805.0
T8,2018-12-22,5507.0
T8,2018-12-23,4433.0
T8,2018-12-24,3594.0
T8,2018-12-25,6090.0
T8,2018-12-26,6234.0
T8,2018-12-27,6521.0
T8,2018-12-28,5076.0
T8,2018-12-29,4036.0
T8,2018-12-30,4511.0
T8,2018-12-31,3450.0
T8,2019-01-01,3131.0
T8,2019-01-02,5255.0
T8,2019-01-03,4960.0
T8,2019-01-04,5657.0
T8,2019-01-05,6279.0
T8,2019-01-06,3317.0
T8,2019-01-07,2535.0
T8,2019-01-08,5910.0
T8,2019-01-09,6103.0
T8,2019-01-10,5287.0
T8,2019-01-11,5838.0
T8,2019-01-12,6562.0
T8,2019-01-13,3647.0
T8,2019-01-14,3600.0
T8,2019-01-15,6217.0
T8,2019-01-16,5147.0
T8,2019-01-17,6118.0
T8,2019-01-18,6437.0
T8,2019-01-19,6225.0
T8,2019-01-20,4546.0
T8,2019-01-21,3775.0
T8,2019-01-22,5993.0
T8,2019-01-23,6397.0
T8,2019-01-24,6282.0
T8,2019-01-25,6128.0
T8,2019-01-26,6642.0
T8,2019-01-27,4377.0
T8,2019-01-28,3440.0
T8,2019-01-29,5889.0
T8,2019-01-30,6493.0
T8,2019-01-31,6339.0
T8,2019-02-01,5308.0
T8,2019-02-02,5081.0
T8,2019-02-03,2881.0
T8,2019-02-04,2641.0
T8,2019-02-05,5971.0
T8,2019-02-06,6051.0
T8,2019-02-07,5555.0
T8,2019-02-08,6270.0
T8,2019-02-09,6166.0
T8,2019-02-10,3870.0
T8,2019-02-11,3554.0
T8,2019-02-12,3531.0
T8,2019-02-13,5448.0
T8,2019-02-14,5978.0
T8,2019-02-15,6390.0
T8,2019-02-16,6710.0
T8,2019-02-17,4395.0
T8,2019-02-18,3689.0
T8,2019-02-19,6199.0
T8,2019-02-20,6235.0
T8,2019-02-21,5969.0
T8,2019-02-22,6210.0
T8,2019-02-23,6209.0
T8,2019-02-24,3561.0
T8,2019-02-25,4193.0
T8,2019-02-26,5415.0
T8,2019-02-27,6073.0
T8,2019-02-28,6202.0
T8,2019-03-01,6420.0
T8,2019-03-02,5660.0
T8,2019-03-03,2934.0
T8,2019-03-04,2922.0
T8,2019-03-05,5498.0
T8,2019-03-06,6584.0
T8,2019-03-07,5932.0
T8,2019-03-08,6050.0
T8,2019-03-09,6186.0
T8,2019-03-10,4131.0
T8,2019-03-11,5313.0
T8,2019-03-12,5746.0
T8,2019-03-13,5825.0
T8,2019-03-14,5756.0
T8,2019-03-15,5956.0
T8,2019-03-16,6727.0
T8,2019-03-17,3950.0
T8,2019-03-18,4301.0
T8,2019-03-19,6197.0
T8,2019-03-20,6175.0
T8,2019-03-21,5719.0
T8,2019-03-22,5744.0
T8,2019-03-23,4033.0
T8,2019-03-24,4425.0
T8,2019-03-25,3862.0
T8,2019-03-26,3429.0
T8,2019-03-27,5187.0
T8,2019-03-28,5278.0
T8,2019-03-29,3405.0
T8,2019-03-30,4222.0
T8,2019-03-31,3422.0
T8,2019-04-01,2491.0
T8,2019-04-02,5686.0
T8,2019-04-03,5842.0
T8,2019-04-04,5279.0
T8,2019-04-05,5231.0
T8,2019-04-06,6840.0
T8,2019-04-07,3463.0
T8,2019-04-08,3508.0
T8,2019-04-09,5775.0
T8,2019-04-10,6234.0
T8,2019-04-11,5336.0
T8,2019-04-12,5334.0
T8,2019-04-13,4074.0
T8,2019-04-14,3408.0
T8,2019-04-15,3142.0
T8,2019-04-16,5887.0
T8,2019-04-17,6044.0
T8,2019-04-18,5938.0
T8,2019-04-19,6004.0
T8,2019-04-20,6549.0
T8,2019-04-21,4409.0
T8,2019-04-22,3446.0
T8,2019-04-23,5054.0
T8,2019-04-24,5713.0
T8,2019-04-25,6198.0
T8,2019-04-26,5991.0
T8,2019-04-27,5088.0
T8,2019-04-28,3542.0
T8,2019-04-29,3131.0
T8,2019-04-30,4644.0
T8,2019-05-01,4654.0
T8,2019-05-02,4200.0
T8,2019-05-03,4560.0
T8,2019-05-04,5101.0
T8,2019-05-05,3074.0
T8,2019-05-06,2593.0
T8,2019-05-07,3636.0
T8,2019-05-08,5490.0
T8,2019-05-09,5317.0
T8,2019-05-10,5485.0
T8,2019-05-11,6255.0
T8,2019-05-12,4196.0
T8,2019-05-13,3603.0
T8,2019-05-14,2933.0
T8,2019-05-15,5607.0
T8,2019-05-16,3795.0
T8,2019-05-17,5477.0
T8,2019-05-18,5905.0
T8,2019-05-19,3652.0
T8,2019-05-20,2920.0
T8,2019-05-21,5806.0
T8,2019-05-22,4751.0
T8,2019-05-23,5055.0
T8,2019-05-24,4735.0
T8,2019-05-25,5621.0
T8,2019-05-26,2896.0
T8,2019-05-27,3487.0
T8,2019-05-28,5625.0
T8,2019-05-29,5758.0
T8,2019-05-30,5716.0
T8,2019-05-31,6276.0
T8,2019-06-01,6811.0
T8,2019-06-02,2765.0
T8,2019-06-03,4660.0
T8,2019-06-04,5354.0
T8,2019-06-05,5430.0
T8,2019-06-06,5443.0
T8,2019-06-07,5489.0
T8,2019-06-08,6037.0
T8,2019-06-09,4304.0
T8,2019-06-10,2728.0
T8,2019-06-11,5811.0
T8,2019-06-12,5528.0
T8,2019-06-13,5183.0
T8,2019-06-14,4791.0
T8,2019-06-15,5040.0
T8,2019-06-16,3225.0
T8,2019-06-17,2428.0
T8,2019-06-18,5062.0
T8,2019-06-19,4977.0
T8,2019-06-20,4831.0
T8,2019-06-21,5573.0
T8,2019-06-22,6044.0
T8,2019-06-23,3670.0
T8,2019-06-24,3335.0
T8,2019-06-25,5506.0
T8,2019-06-26,4809.0
T8,2019-06-27,5423.0
T8,2019-06-28,5620.0
T8,2019-06-29,4931.0
T8,2019-06-30,3669.0
T8,2019-07-01,6922.0
T8,2019-07-02,5431.0
T8,2019-07-03,5450.0
T8,2019-07-04,5746.0
T8,2019-07-05,5475.0
T8,2019-07-06,5907.0
T8,2019-07-07,3471.0
T8,2019-07-08,3366.0
T8,2019-07-09,5665.0
T8,2019-07-10,4962.0
T8,2019-07-11,4928.0
T8,2019-07-12,4633.0
T8,2019-07-13,3944.0
T8,2019-07-14,2698.0
T8,2019-07-15,2394.0
T8,2019-07-16,4541.0
T8,2019-07-17,4644.0
T8,2019-07-18,5023.0
T8,2019-07-19,4874.0
T8,2019-07-20,4716.0
T8,2019-07-21,4038.0
T8,2019-07-22,2583.0
T8,2019-07-23,4774.0
T8,2019-07-24,4864.0
T8,2019-07-25,5007.0
T8,2019-07-26,5757.0
T8,2019-07-27,6583.0
T8,2019-07-28,4071.0
T8,2019-07-29,5571.0
T8,2019-07-30,5604.0
T8,2019-07-31,5585.0
T8,2019-08-01,4215.0
T8,2019-08-02,5290.0
T8,2019-08-03,6346.0
T8,2019-08-04,3463.0
T8,2019-08-05,2468.0
T8,2019-08-06,5479.0
T8,2019-08-07,6403.0
T8,2019-08-08,5746.0
T8,2019-08-09,5876.0
T8,2019-08-10,4957.0
T8,2019-08-11,2546.0
T8,2019-08-12,2105.0
T8,2019-08-13,4107.0
T8,2019-08-14,5450.0
T8,2019-08-15,6490.0
T8,2019-08-16,5001.0
T8,2019-08-17,5814.0
T8,2019-08-18,3714.0
T8,2019-08-19,2225.0
T8,2019-08-20,4878.0
T8,2019-08-21,5728.0
T8,2019-08-22,5942.0
T8,2019-08-23,6080.0
T8,2019-08-24,6102.0
T8,2019-08-25,2793.0
T8,2019-08-26,3163.0
T8,2019-08-27,4864.0
T8,2019-08-28,5530.0
T8,2019-08-29,5886.0
T8,2019-08-30,6732.0
T8,2019-08-31,3077.0
T8,2019-09-01,3192.0
T8,2019-09-02,3219.0
T8,2019-09-03,5213.0
T8,2019-09-04,6414.0
T8,2019-09-05,6319.0
T8,2019-09-06,6341.0
T8,2019-09-07,5397.0
T8,2019-09-08,3954.0
T8,2019-09-09,3974.0
T8,2019-09-10,5718.0
T8,2019-09-11,4892.0
T8,2019-09-12,5772.0
T8,2019-09-13,5706.0
T8,2019-09-14,4631.0
T8,2019-09-15,2072.0
T8,2019-09-16,2413.0
T8,2019-09-17,3349.0
T8,2019-09-18,3147.0
T8,2019-09-19,4908.0
T8,2019-09-20,4158.0
T8,2019-09-21,4373.0
T8,2019-09-22,2548.0
T8,2019-09-23,2860.0
T8,2019-09-24,5547.0
T8,2019-09-25,4627.0
T8,2019-09-26,5016.0
T8,2019-09-27,5347.0
T8,2019-09-28,5998.0
T8,2019-09-29,3713.0
T8,2019-09-30,3073.0
T8,2019-10-01,5749.0
T8,2019-10-02,5598.0
T8,2019-10-03,5772.0
T8,2019-10-04,4219.0
T8,2019-10-05,6280.0
T8,2019-10-06,3409.0
T8,2019-10-07,3569.0
T8,2019-10-08,5351.0
T8,2019-10-09,4456.0
T8,2019-10-10,6039.0
T8,2019-10-11,6097.0
T8,2019-10-12,8458.0
T8,2019-10-13,5078.0
T8,2019-10-14,3316.0
T8,2019-10-15,5313.0
T8,2019-10-16,5233.0
T8,2019-10-17,5510.0
T8,2019-10-18,5966.0
T8,2019-10-19,6441.0
T8,2019-10-20,5684.0
T8,2019-10-21,3457.0
T8,2019-10-22,4588.0
T8,2019-10-23,5443.0
T8,2019-10-24,5849.0
T8,2019-10-25,5925.0
T8,2019-10-26,6376.0
T8,2019-10-27,3365.0
T8,2019-10-28,3456.0
T8,2019-10-29,5562.0
T8,2019-10-30,6283.0
T8,2019-10-31,5217.0
T8,2019-11-01,6281.0
T8,2019-11-02,4240.0
T8,2019-11-03,3268.0
T8,2019-11-04,3390.0
T8,2019-11-05,4726.0
T8,2019-11-06,3988.0
T8,2019-11-07,1834.0
T8,2019-11-08,6564.0
T8,2019-11-09,4275.0
T8,2019-11-10,3481.0
T8,2019-11-11,3539.0
T8,2019-11-12,2606.0
T8,2019-11-13,5259.0
T8,2019-11-14,5122.0
T8,2019-11-15,4552.0
T8,2019-11-16,3916.0
T8,2019-11-17,2837.0
T8,2019-11-18,2139.0
T8,2019-11-19,3652.0
T8,2019-11-20,4531.0
T8,2019-11-21,5490.0
T8,2019-11-22,5280.0
T8,2019-11-23,4328.0
T8,2019-11-24,3090.0
T8,2019-11-25,3146.0
T8,2019-11-26,5482.0
T8,2019-11-27,4715.0
T8,2019-11-28,3694.0
T8,2019-11-29,5268.0
T8,2019-11-30,6035.0
T8,2019-12-01,3417.0
T8,2019-12-02,3108.0
T8,2019-12-03,4363.0
T8,2019-12-04,6198.0
T8,2019-12-05,5415.0
T8,2019-12-06,4806.0
T8,2019-12-07,6173.0
T8,2019-12-08,3636.0
T8,2019-12-09,3603.0
T8,2019-12-10,3661.0
T8,2019-12-11,6182.0
T8,2019-12-12,6138.0
T8,2019-12-13,4817.0
T8,2019-12-14,4404.0
T8,2019-12-15,1958.0
T8,2019-12-16,3288.0
T8,2019-12-17,5347.0
T8,2019-12-18,6631.0
T8,2019-12-19,5900.0
T8,2019-12-20,5650.0
T8,2019-12-21,5412.0
T8,2019-12-22,3128.0
T8,2019-12-23,3007.0
T8,2019-12-24,4966.0
T8,2019-12-25,5430.0
T8,2019-12-26,5135.0
T8,2019-12-27,5368.0
T8,2019-12-28,5127.0
T8,2019-12-29,2326.0
T8,2019-12-30,3361.0
T8,2019-12-31,5721.0
T8,2020-01-01,4011.0
T8,2020-01-02,4448.0
T8,2020-01-03,5276.0
T8,2020-01-04,5760.0
T8,2020-01-05,3707.0
T8,2020-01-06,3347.0
T8,2020-01-07,4764.0
T8,2020-01-08,5248.0
T8,2020-01-09,5143.0
T8,2020-01-10,5468.0
T8,2020-01-11,6405.0
T8,2020-01-12,3935.0
T8,2020-01-13,3328.0
T8,2020-01-14,5102.0
T8,2020-01-15,5389.0
T8,2020-01-16,4977.0
T8,2020-01-17,4341.0
T8,2020-01-18,5468.0
T8,2020-01-19,3574.0
T8,2020-01-20,3363.0
T8,2020-01-21,3144.0
T8,2020-01-22,5625.0
T8,2020-01-23,5442.0
T8,2020-01-24,5267.0
T8,2020-01-25,4647.0
T8,2020-01-26,2884.0
T8,2020-01-27,2940.0
T8,2020-01-28,4905.0
T8,2020-01-29,4668.0
T8,2020-01-30,3643.0
T8,2020-01-31,3105.0
T8,2020-02-01,3041.0
T8,2020-02-02,2396.0
T8,2020-02-03,1974.0
T8,2020-02-04,2349.0
T8,2020-02-05,2332.0
T8,2020-02-06,2053.0
T8,2020-02-07,2251.0
T8,2020-02-08,2115.0
T8,2020-02-09,2316.0
T8,2020-02-10,1727.0
T8,2020-02-11,2049.0
T8,2020-02-12,2259.0
T8,2020-02-13,2260.0
T8,2020-02-14,1279.0
T8,2020-02-15,2054.0
T8,2020-02-16,993.0
T8,2020-02-17,1067.0
T8,2020-02-18,2036.0
T8,2020-02-19,1940.0
T8,2020-02-20,2071.0
T8,2020-02-21,2406.0
T8,2020-02-22,2534.0
T8,2020-02-23,1245.0
T8,2020-02-24,2000.0
T8,2020-02-25,3211.0
T8,2020-02-26,2368.0
T8,2020-02-27,2150.0
T8,2020-02-28,1988.0
T8,2020-02-29,2092.0
T8,2020-03-01,2401.0
T8,2020-03-02,3313.0
T8,2020-03-03,1861.0
T8,2020-03-04,2377.0
T8,2020-03-05,2274.0
T8,2020-03-06,2016.0
T8,2020-03-07,2601.0
T8,2020-03-08,3208.0
T8,2020-03-09,1984.0
T8,2020-03-10,2713.0
T8,2020-03-11,2476.0
T8,2020-03-12,826.0
T8,2020-03-13,1956.0
T8,2020-03-14,5.0
T9,2009-05-01,9243.0
T9,2009-05-02,1577.0
T9,2009-05-03,1170.0
T9,2009-05-04,8712.0
T9,2009-05-05,9140.0
T9,2009-05-06,8912.0
T9,2009-05-07,9185.0
T9,2009-05-08,9582.0
T9,2009-05-09,1366.0
T9,2009-05-10,792.0
T9,2009-05-11,7999.0
T9,2009-05-12,8814.0
T9,2009-05-13,9008.0
T9,2009-05-14,8960.0
T9,2009-05-15,8943.0
T9,2009-05-16,1379.0
T9,2009-05-17,1179.0
T9,2009-05-18,8664.0
T9,2009-05-19,8790.0
T9,2009-05-20,8947.0
T9,2009-05-21,8731.0
T9,2009-05-22,9172.0
T9,2009-05-23,1264.0
T9,2009-05-24,977.0
T9,2009-05-25,7597.0
T9,2009-05-26,9061.0
T9,2009-05-27,8819.0
T9,2009-05-28,8773.0
T9,2009-05-29,9238.0
T9,2009-05-30,1532.0
T9,2009-05-31,1162.0
T9,2009-06-01,8453.0
T9,2009-06-02,8941.0
T9,2009-06-03,9893.0
T9,2009-06-04,8915.0
T9,2009-06-05,8718.0
T9,2009-06-06,1018.0
T9,2009-06-07,970.0
T9,2009-06-08,651.0
T9,2009-06-09,6949.0
T9,2009-06-10,7932.0
T9,2009-06-11,8453.0
T9,2009-06-12,8826.0
T9,2009-06-13,1395.0
T9,2009-06-14,692.0
T9,2009-06-15,8186.0
T9,2009-06-16,8478.0
T9,2009-06-17,8667.0
T9,2009-06-18,8892.0
T9,2009-06-19,8951.0
T9,2009-06-20,1436.0
T9,2009-06-21,774.0
T9,2009-06-22,8625.0
T9,2009-06-23,8729.0
T9,2009-06-24,9022.0
T9,2009-06-25,8992.0
T9,2009-06-26,9034.0
T9,2009-06-27,1439.0
T9,2009-06-28,937.0
T9,2009-06-29,7748.0
T9,2009-06-30,8786.0
T9,2009-07-01,8581.0
T9,2009-07-02,8377.0
T9,2009-07-03,8304.0
T9,2009-07-04,1368.0
T9,2009-07-05,1236.0
T9,2009-07-06,7765.0
T9,2009-07-07,8388.0
T9,2009-07-08,8731.0
T9,2009-07-09,8819.0
T9,2009-07-10,8834.0
T9,2009-07-11,1312.0
T9,2009-07-12,778.0
T9,2009-07-13,7471.0
T9,2009-07-14,8812.0
T9,2009-07-15,8921.0
T9,2009-07-16,8769.0
T9,2009-07-17,9013.0
T9,2009-07-18,1427.0
T9,2009-07-19,1174.0
T9,2009-07-20,8485.0
T9,2009-07-21,8643.0
T9,2009-07-22,8700.0
T9,2009-07-23,8943.0
T9,2009-07-24,8773.0
T9,2009-07-25,1610.0
T9,2009-07-26,858.0
T9,2009-07-27,7519.0
T9,2009-07-28,8860.0
T9,2009-07-29,8819.0
T9,2009-07-30,8894.0
T9,2009-07-31,9127.0
T9,2009-08-01,1379.0
T9,2009-08-02,769.0
T9,2009-08-03,8314.0
T9,2009-08-04,8521.0
T9,2009-08-05,8861.0
T9,2009-08-06,8856.0
T9,2009-08-07,8718.0
T9,2009-08-08,1311.0
T9,2009-08-09,736.0
T9,2009-08-10,7364.0
T9,2009-08-11,8584.0
T9,2009-08-12,8654.0
T9,2009-08-13,8901.0
T9,2009-08-14,8825.0
T9,2009-08-15,1415.0
T9,2009-08-16,731.0
T9,2009-08-17,8494.0
T9,2009-08-18,8788.0
T9,2009-08-19,9145.0
T9,2009-08-20,8839.0
T9,2009-08-21,9146.0
T9,2009-08-22,1571.0
T9,2009-08-23,956.0
T9,2009-08-24,7468.0
T9,2009-08-25,8514.0
T9,2009-08-26,8580.0
T9,2009-08-27,8764.0
T9,2009-08-28,8579.0
T9,2009-08-29,1347.0
T9,2009-08-30,1123.0
T9,2009-08-31,8317.0
T9,2009-09-01,8607.0
T9,2009-09-02,8844.0
T9,2009-09-03,8844.0
T9,2009-09-04,8667.0
T9,2009-09-05,1341.0
T9,2009-09-06,652.0
T9,2009-09-07,8374.0
T9,2009-09-08,8758.0
T9,2009-09-09,8804.0
T9,2009-09-10,8983.0
T9,2009-09-11,9156.0
T9,2009-09-12,1332.0
T9,2009-09-13,854.0
T9,2009-09-14,7995.0
T9,2009-09-15,9042.0
T9,2009-09-16,9189.0
T9,2009-09-17,8474.0
T9,2009-09-18,9072.0
T9,2009-09-19,1270.0
T9,2009-09-20,870.0
T9,2009-09-21,8348.0
T9,2009-09-22,8364.0
T9,2009-09-23,8272.0
T9,2009-09-24,8040.0
T9,2009-09-25,7561.0
T9,2009-09-26,1131.0
T9,2009-09-27,652.0
T9,2009-09-28,7397.0
T9,2009-09-29,8640.0
T9,2009-09-30,8783.0
T9,2009-10-01,8468.0
T9,2009-10-02,8456.0
T9,2009-10-03,1431.0
T9,2009-10-04,780.0
T9,2009-10-05,8482.0
T9,2009-10-06,8702.0
T9,2009-10-07,8949.0
T9,2009-10-08,8938.0
T9,2009-10-09,9150.0
T9,2009-10-10,1234.0
T9,2009-10-11,823.0
T9,2009-10-12,7738.0
T9,2009-10-13,9067.0
T9,2009-10-14,9113.0
T9,2009-10-15,8427.0
T9,2009-10-16,8964.0
T9,2009-10-17,1483.0
T9,2009-10-18,860.0
T9,2009-10-19,8786.0
T9,2009-10-20,9319.0
T9,2009-10-21,9217.0
T9,2009-10-22,9295.0
T9,2009-10-23,9166.0
T9,2009-10-24,1377.0
T9,2009-10-25,795.0
T9,2009-10-26,9157.0
T9,2009-10-27,9192.0
T9,2009-10-28,9206.0
T9,2009-10-29,9446.0
T9,2009-10-30,8998.0
T9,2009-10-31,1385.0
T9,2009-11-01,869.0
T9,2009-11-02,6102.0
T9,2009-11-03,1377.0
T9,2009-11-04,8520.0
T9,2009-11-05,9248.0
T9,2009-11-06,9168.0
T9,2009-11-07,1367.0
T9,2009-11-08,826.0
T9,2009-11-09,8873.0
T9,2009-11-10,8913.0
T9,2009-11-11,8896.0
T9,2009-11-12,8969.0
T9,2009-11-13,9346.0
T9,2009-11-14,1207.0
T9,2009-11-15,798.0
T9,2009-11-16,9344.0
T9,2009-11-17,9346.0
T9,2009-11-18,9599.0
T9,2009-11-19,9557.0
T9,2009-11-20,10215.0
T9,2009-11-21,1193.0
T9,2009-11-22,618.0
T9,2009-11-23,9047.0
T9,2009-11-24,9903.0
T9,2009-11-25,9622.0
T9,2009-11-26,9891.0
T9,2009-11-27,10356.0
T9,2009-11-28,1417.0
T9,2009-11-29,733.0
T9,2009-11-30,9563.0
T9,2009-12-01,10101.0
T9,2009-12-02,10015.0
T9,2009-12-03,9432.0
T9,2009-12-04,9400.0
T9,2009-12-05,1231.0
T9,2009-12-06,1040.0
T9,2009-12-07,9351.0
T9,2009-12-08,9155.0
T9,2009-12-09,10621.0
T9,2009-12-10,10152.0
T9,2009-12-11,9972.0
T9,2009-12-12,1469.0
T9,2009-12-13,848.0
T9,2009-12-14,10365.0
T9,2009-12-15,10382.0
T9,2009-12-16,9915.0
T9,2009-12-17,10191.0
T9,2009-12-18,10482.0
T9,2009-12-19,1221.0
T9,2009-12-20,682.0
T9,2009-12-21,9116.0
T9,2009-12-22,9175.0
T9,2009-12-23,8559.0
T9,2009-12-24,5950.0
T9,2009-12-25,511.0
T9,2009-12-26,679.0
T9,2009-12-27,661.0
T9,2009-12-28,821.0
T9,2009-12-29,4676.0
T9,2009-12-30,4459.0
T9,2009-12-31,4405.0
T9,2010-01-01,1116.0
T9,2010-01-02,652.0
T9,2010-01-03,659.0
T9,2010-01-04,7685.0
T9,2010-01-05,7709.0
T9,2010-01-06,8076.0
T9,2010-01-07,8110.0
T9,2010-01-08,7767.0
T9,2010-01-09,932.0
T9,2010-01-10,748.0
T9,2010-01-11,7590.0
T9,2010-01-12,7850.0
T9,2010-01-13,9123.0
T9,2010-01-14,9146.0
T9,2010-01-15,9704.0
T9,2010-01-16,1151.0
T9,2010-01-17,587.0
T9,2010-01-18,9011.0
T9,2010-01-19,10100.0
T9,2010-01-20,10075.0
T9,2010-01-21,10144.0
T9,2010-01-22,9632.0
T9,2010-01-23,1110.0
T9,2010-01-24,812.0
T9,2010-01-25,7128.0
T9,2010-01-26,1156.0
T9,2010-01-27,10155.0
T9,2010-01-28,10590.0
T9,2010-01-29,10407.0
T9,2010-01-30,1369.0
T9,2010-01-31,734.0
T9,2010-02-01,10249.0
T9,2010-02-02,10692.0
T9,2010-02-03,10622.0
T9,2010-02-04,9809.0
T9,2010-02-05,10602.0
T9,2010-02-06,1293.0
T9,2010-02-07,978.0
T9,2010-02-08,10460.0
T9,2010-02-09,10696.0
T9,2010-02-10,10479.0
T9,2010-02-11,12011.0
T9,2010-02-12,10915.0
T9,2010-02-13,2865.0
T9,2010-02-14,1211.0
T9,2010-02-15,12111.0
T9,2010-02-16,11248.0
T9,2010-02-17,11390.0
T9,2010-02-18,11683.0
T9,2010-02-19,11693.0
T9,2010-02-20,1187.0
T9,2010-02-21,1017.0
T9,2010-02-22,10618.0
T9,2010-02-23,11022.0
T9,2010-02-24,12206.0
T9,2010-02-25,11869.0
T9,2010-02-26,12044.0
T9,2010-02-27,1834.0
T9,2010-02-28,1165.0
T9,2010-03-01,11251.0
T9,2010-03-02,11447.0
T9,2010-03-03,12384.0
T9,2010-03-04,11861.0
T9,2010-03-05,11464.0
T9,2010-03-06,1882.0
T9,2010-03-07,1281.0
T9,2010-03-08,1885.0
T9,2010-03-09,11087.0
T9,2010-03-10,11326.0
T9,2010-03-11,11567.0
T9,2010-03-12,12251.0
T9,2010-03-13,2894.0
T9,2010-03-14,6252.0
T9,2010-03-15,11551.0
T9,2010-03-16,11790.0
T9,2010-03-17,11835.0
T9,2010-03-18,11890.0
T9,2010-03-19,11672.0
T9,2010-03-20,2472.0
T9,2010-03-21,1810.0
T9,2010-03-22,11626.0
T9,2010-03-23,11922.0
T9,2010-03-24,12098.0
T9,2010-03-25,12591.0
T9,2010-03-26,12578.0
T9,2010-03-27,2270.0
T9,2010-03-28,2165.0
T9,2010-03-29,11655.0
T9,2010-03-30,11780.0
T9,2010-03-31,11690.0
T9,2010-04-01,10931.0
T9,2010-04-02,1716.0
T9,2010-04-03,1653.0
T9,2010-04-04,1772.0
T9,2010-04-05,1380.0
T9,2010-04-06,10790.0
T9,2010-04-07,11044.0
T9,2010-04-08,11139.0
T9,2010-04-09,11943.0
T9,2010-04-10,2014.0
T9,2010-04-11,1410.0
T9,2010-04-12,11580.0
T9,2010-04-13,12176.0
T9,2010-04-14,12010.0
T9,2010-04-15,12201.0
T9,2010-04-16,12423.0
T9,2010-04-17,1966.0
T9,2010-04-18,1572.0
T9,2010-04-19,12055.0
T9,2010-04-20,12588.0
T9,2010-04-21,12347.0
T9,2010-04-22,12562.0
T9,2010-04-23,11842.0
T9,2010-04-24,1620.0
T9,2010-04-25,1664.0
T9,2010-04-26,1369.0
T9,2010-04-27,11641.0
T9,2010-04-28,12319.0
T9,2010-04-29,12917.0
T9,2010-04-30,13037.0
T9,2010-05-01,1539.0
T9,2010-05-02,1147.0
T9,2010-05-03,11947.0
T9,2010-05-04,11938.0
T9,2010-05-05,12048.0
T9,2010-05-06,12259.0
T9,2010-05-07,12097.0
T9,2010-05-08,1651.0
T9,2010-05-09,1143.0
T9,2010-05-10,12262.0
T9,2010-05-11,12036.0
T9,2010-05-12,12344.0
T9,2010-05-13,12096.0
T9,2010-05-14,12241.0
T9,2010-05-15,1574.0
T9,2010-05-16,1294.0
T9,2010-05-17,11583.0
T9,2010-05-18,12050.0
T9,2010-05-19,12116.0
T9,2010-05-20,12116.0
T9,2010-05-21,12453.0
T9,2010-05-22,1750.0
T9,2010-05-23,1563.0
T9,2010-05-24,11668.0
T9,2010-05-25,12170.0
T9,2010-05-26,12443.0
T9,2010-05-27,12724.0
T9,2010-05-28,12910.0
T9,2010-05-29,1814.0
T9,2010-05-30,1335.0
T9,2010-05-31,11773.0
T9,2010-06-01,12069.0
T9,2010-06-02,12208.0
T9,2010-06-03,12425.0
T9,2010-06-04,12621.0
T9,2010-06-05,1555.0
T9,2010-06-06,1329.0
T9,2010-06-07,11964.0
T9,2010-06-08,12051.0
T9,2010-06-09,11568.0
T9,2010-06-10,12410.0
T9,2010-06-11,12142.0
T9,2010-06-12,1755.0
T9,2010-06-13,1573.0
T9,2010-06-14,1371.0
T9,2010-06-15,11783.0
T9,2010-06-16,11830.0
T9,2010-06-17,11776.0
T9,2010-06-18,12474.0
T9,2010-06-19,1549.0
T9,2010-06-20,1117.0
T9,2010-06-21,11801.0
T9,2010-06-22,12430.0
T9,2010-06-23,12448.0
T9,2010-06-24,12632.0
T9,2010-06-25,11736.0
T9,2010-06-26,1373.0
T9,2010-06-27,1174.0
T9,2010-06-28,11404.0
T9,2010-06-29,11607.0
T9,2010-06-30,11759.0
T9,2010-07-01,11971.0
T9,2010-07-02,11848.0
T9,2010-07-03,1845.0
T9,2010-07-04,1479.0
T9,2010-07-05,11505.0
T9,2010-07-06,12089.0
T9,2010-07-07,11952.0
T9,2010-07-08,12354.0
T9,2010-07-09,11844.0
T9,2010-07-10,1685.0
T9,2010-07-11,1656.0
T9,2010-07-12,11751.0
T9,2010-07-13,12282.0
T9,2010-07-14,12121.0
T9,2010-07-15,12525.0
T9,2010-07-16,12370.0
T9,2010-07-17,1823.0
T9,2010-07-18,1271.0
T9,2010-07-19,12120.0
T9,2010-07-20,12062.0
T9,2010-07-21,12864.0
T9,2010-07-22,12403.0
T9,2010-07-23,13319.0
T9,2010-07-24,2053.0
T9,2010-07-25,1701.0
T9,2010-07-26,12056.0
T9,2010-07-27,10984.0
T9,2010-07-28,11678.0
T9,2010-07-29,12367.0
T9,2010-07-30,13010.0
T9,2010-07-31,3154.0
T9,2010-08-01,1419.0
T9,2010-08-02,12033.0
T9,2010-08-03,12076.0
T9,2010-08-04,12018.0
T9,2010-08-05,12518.0
T9,2010-08-06,12408.0
T9,2010-08-07,1704.0
T9,2010-08-08,1529.0
T9,2010-08-09,12095.0
T9,2010-08-10,11099.0
T9,2010-08-11,11562.0
T9,2010-08-12,12462.0
T9,2010-08-13,12451.0
T9,2010-08-14,2023.0
T9,2010-08-15,1415.0
T9,2010-08-16,11578.0
T9,2010-08-17,12179.0
T9,2010-08-18,12017.0
T9,2010-08-19,12469.0
T9,2010-08-20,12559.0
T9,2010-08-21,1761.0
T9,2010-08-22,1437.0
T9,2010-08-23,12096.0
T9,2010-08-24,12094.0
T9,2010-08-25,11943.0
T9,2010-08-26,12529.0
T9,2010-08-27,12273.0
T9,2010-08-28,1714.0
T9,2010-08-29,1655.0
T9,2010-08-30,12289.0
T9,2010-08-31,12189.0
T9,2010-09-01,11394.0
T9,2010-09-02,12821.0
T9,2010-09-03,12122.0
T9,2010-09-04,1267.0
T9,2010-09-05,924.0
T9,2010-09-06,11971.0
T9,2010-09-07,12591.0
T9,2010-09-08,12541.0
T9,2010-09-09,12574.0
T9,2010-09-10,12202.0
T9,2010-09-11,1756.0
T9,2010-09-12,1264.0
T9,2010-09-13,11915.0
T9,2010-09-14,12343.0
T9,2010-09-15,12551.0
T9,2010-09-16,12671.0
T9,2010-09-17,12706.0
T9,2010-09-18,1647.0
T9,2010-09-19,1323.0
T9,2010-09-20,12224.0
T9,2010-09-21,12001.0
T9,2010-09-22,12082.0
T9,2010-09-23,12200.0
T9,2010-09-24,12228.0
T9,2010-09-25,1482.0
T9,2010-09-26,1315.0
T9,2010-09-27,11152.0
T9,2010-09-28,12469.0
T9,2010-09-29,12491.0
T9,2010-09-30,12447.0
T9,2010-10-01,12317.0
T9,2010-10-02,1740.0
T9,2010-10-03,1503.0
T9,2010-10-04,12579.0
T9,2010-10-05,12658.0
T9,2010-10-06,11832.0
T9,2010-10-07,12685.0
T9,2010-10-08,12711.0
T9,2010-10-09,1657.0
T9,2010-10-10,1524.0
T9,2010-10-11,12338.0
T9,2010-10-12,11874.0
T9,2010-10-13,11301.0
T9,2010-10-14,12713.0
T9,2010-10-15,9880.0
T9,2010-10-16,1520.0
T9,2010-10-17,1168.0
T9,2010-10-18,11831.0
T9,2010-10-19,12420.0
T9,2010-10-20,12499.0
T9,2010-10-21,12840.0
T9,2010-10-22,12862.0
T9,2010-10-23,1332.0
T9,2010-10-24,2225.0
T9,2010-10-25,12059.0
T9,2010-10-26,12424.0
T9,2010-10-27,12399.0
T9,2010-10-28,12706.0
T9,2010-10-29,12682.0
T9,2010-10-30,1295.0
T9,2010-10-31,1208.0
T9,2010-11-01,8911.0
T9,2010-11-02,2179.0
T9,2010-11-03,11844.0
T9,2010-11-04,11952.0
T9,2010-11-05,12287.0
T9,2010-11-06,1512.0
T9,2010-11-07,1095.0
T9,2010-11-08,12294.0
T9,2010-11-09,12907.0
T9,2010-11-10,12126.0
T9,2010-11-11,12510.0
T9,2010-11-12,12161.0
T9,2010-11-13,1351.0
T9,2010-11-14,1561.0
T9,2010-11-15,12537.0
T9,2010-11-16,13117.0
T9,2010-11-17,12999.0
T9,2010-11-18,12721.0
T9,2010-11-19,12685.0
T9,2010-11-20,1797.0
T9,2010-11-21,1305.0
T9,2010-11-22,12566.0
T9,2010-11-23,12111.0
T9,2010-11-24,11750.0
T9,2010-11-25,11725.0
T9,2010-11-26,12091.0
T9,2010-11-27,1454.0
T9,2010-11-28,1075.0
T9,2010-11-29,12383.0
T9,2010-11-30,13031.0
T9,2010-12-01,13692.0
T9,2010-12-02,12700.0
T9,2010-12-03,13495.0
T9,2010-12-04,1933.0
T9,2010-12-05,1328.0
T9,2010-12-06,11927.0
T9,2010-12-07,12389.0
T9,2010-12-08,11307.0
T9,2010-12-09,12514.0
T9,2010-12-10,12194.0
T9,2010-12-11,2884.0
T9,2010-12-12,1162.0
T9,2010-12-13,12047.0
T9,2010-12-14,12791.0
T9,2010-12-15,12179.0
T9,2010-12-16,12423.0
T9,2010-12-17,12697.0
T9,2010-12-18,1497.0
T9,2010-12-19,971.0
T9,2010-12-20,11453.0
T9,2010-12-21,11709.0
T9,2010-12-22,11144.0
T9,2010-12-23,10261.0
T9,2010-12-24,7319.0
T9,2010-12-25,796.0
T9,2010-12-26,1198.0
T9,2010-12-27,1215.0
T9,2010-12-28,1319.0
T9,2010-12-29,5489.0
T9,2010-12-30,5291.0
T9,2010-12-31,6141.0
T9,2011-01-01,1863.0
T9,2011-01-02,1105.0
T9,2011-01-03,1186.0
T9,2011-01-04,8782.0
T9,2011-01-05,9216.0
T9,2011-01-06,9580.0
T9,2011-01-07,9096.0
T9,2011-01-08,1120.0
T9,2011-01-09,1068.0
T9,2011-01-10,9955.0
T9,2011-01-11,10764.0
T9,2011-01-12,10877.0
T9,2011-01-13,9740.0
T9,2011-01-14,10368.0
T9,2011-01-15,1657.0
T9,2011-01-16,1353.0
T9,2011-01-17,10982.0
T9,2011-01-18,11244.0
T9,2011-01-19,11593.0
T9,2011-01-20,11826.0
T9,2011-01-21,11769.0
T9,2011-01-22,1767.0
T9,2011-01-23,1380.0
T9,2011-01-24,11066.0
T9,2011-01-25,11023.0
T9,2011-01-26,1202.0
T9,2011-01-27,11453.0
T9,2011-01-28,11575.0
T9,2011-01-29,1514.0
T9,2011-01-30,1166.0
T9,2011-01-31,10987.0
T9,2011-02-01,11041.0
T9,2011-02-02,11795.0
T9,2011-02-03,11919.0
T9,2011-02-04,11548.0
T9,2011-02-05,1178.0
T9,2011-02-06,1123.0
T9,2011-02-07,12195.0
T9,2011-02-08,12615.0
T9,2011-02-09,12842.0
T9,2011-02-10,12621.0
T9,2011-02-11,12345.0
T9,2011-02-12,1960.0
T9,2011-02-13,1304.0
T9,2011-02-14,12782.0
T9,2011-02-15,13169.0
T9,2011-02-16,12695.0
T9,2011-02-17,12807.0
T9,2011-02-18,12331.0
T9,2011-02-19,1543.0
T9,2011-02-20,1051.0
T9,2011-02-21,7170.0
T9,2011-02-22,12211.0
T9,2011-02-23,12446.0
T9,2011-02-24,13054.0
T9,2011-02-25,12766.0
T9,2011-02-26,1771.0
T9,2011-02-27,1095.0
T9,2011-02-28,12251.0
T9,2011-03-01,12832.0
T9,2011-03-02,12854.0
T9,2011-03-03,13005.0
T9,2011-03-04,12704.0
T9,2011-03-05,1742.0
T9,2011-03-06,1336.0
T9,2011-03-07,12965.0
T9,2011-03-08,13043.0
T9,2011-03-09,12216.0
T9,2011-03-10,12394.0
T9,2011-03-11,13402.0
T9,2011-03-12,1571.0
T9,2011-03-13,1466.0
T9,2011-03-14,2067.0
T9,2011-03-15,12636.0
T9,2011-03-16,13387.0
T9,2011-03-17,13319.0
T9,2011-03-18,12922.0
T9,2011-03-19,1668.0
T9,2011-03-20,1253.0
T9,2011-03-21,12574.0
T9,2011-03-22,12844.0
T9,2011-03-23,13163.0
T9,2011-03-24,12846.0
T9,2011-03-25,13044.0
T9,2011-03-26,2645.0
T9,2011-03-27,2273.0
T9,2011-03-28,13087.0
T9,2011-03-29,13162.0
T9,2011-03-30,12925.0
T9,2011-03-31,13191.0
T9,2011-04-01,13580.0
T9,2011-04-02,1959.0
T9,2011-04-03,1211.0
T9,2011-04-04,12625.0
T9,2011-04-05,13628.0
T9,2011-04-06,13186.0
T9,2011-04-07,13424.0
T9,2011-04-08,12914.0
T9,2011-04-09,1726.0
T9,2011-04-10,1432.0
T9,2011-04-11,12610.0
T9,2011-04-12,11379.0
T9,2011-04-13,12594.0
T9,2011-04-14,13013.0
T9,2011-04-15,12755.0
T9,2011-04-16,1733.0
T9,2011-04-17,2093.0
T9,2011-04-18,12399.0
T9,2011-04-19,12659.0
T9,2011-04-20,11892.0
T9,2011-04-21,12487.0
T9,2011-04-22,2712.0
T9,2011-04-23,2432.0
T9,2011-04-24,1827.0
T9,2011-04-25,1854.0
T9,2011-04-26,1574.0
T9,2011-04-27,11190.0
T9,2011-04-28,12260.0
T9,2011-04-29,12030.0
T9,2011-04-30,1513.0
T9,2011-05-01,1373.0
T9,2011-05-02,12850.0
T9,2011-05-03,13327.0
T9,2011-05-04,12914.0
T9,2011-05-05,13124.0
T9,2011-05-06,12997.0
T9,2011-05-07,1395.0
T9,2011-05-08,1239.0
T9,2011-05-09,13209.0
T9,2011-05-10,13137.0
T9,2011-05-11,12223.0
T9,2011-05-12,12035.0
T9,2011-05-13,12724.0
T9,2011-05-14,1497.0
T9,2011-05-15,1331.0
T9,2011-05-16,12423.0
T9,2011-05-17,13058.0
T9,2011-05-18,13007.0
T9,2011-05-19,13193.0
T9,2011-05-20,13745.0
T9,2011-05-21,2003.0
T9,2011-05-22,1410.0
T9,2011-05-23,12384.0
T9,2011-05-24,12848.0
T9,2011-05-25,12940.0
T9,2011-05-26,13392.0
T9,2011-05-27,13213.0
T9,2011-05-28,1702.0
T9,2011-05-29,1208.0
T9,2011-05-30,12478.0
T9,2011-05-31,12694.0
T9,2011-06-01,13115.0
T9,2011-06-02,13274.0
T9,2011-06-03,12910.0
T9,2011-06-04,1528.0
T9,2011-06-05,1131.0
T9,2011-06-06,12488.0
T9,2011-06-07,12499.0
T9,2011-06-08,12493.0
T9,2011-06-09,12903.0
T9,2011-06-10,12433.0
T9,2011-06-11,1452.0
T9,2011-06-12,1674.0
T9,2011-06-13,1434.0
T9,2011-06-14,12128.0
T9,2011-06-15,12649.0
T9,2011-06-16,12799.0
T9,2011-06-17,12611.0
T9,2011-06-18,1781.0
T9,2011-06-19,1275.0
T9,2011-06-20,12775.0
T9,2011-06-21,12673.0
T9,2011-06-22,12651.0
T9,2011-06-23,13236.0
T9,2011-06-24,13399.0
T9,2011-06-25,1646.0
T9,2011-06-26,1397.0
T9,2011-06-27,12852.0
T9,2011-06-28,13214.0
T9,2011-06-29,12795.0
T9,2011-06-30,13237.0
T9,2011-07-01,13137.0
T9,2011-07-02,2187.0
T9,2011-07-03,1538.0
T9,2011-07-04,11915.0
T9,2011-07-05,11918.0
T9,2011-07-06,11966.0
T9,2011-07-07,12366.0
T9,2011-07-08,12249.0
T9,2011-07-09,1762.0
T9,2011-07-10,1383.0
T9,2011-07-11,12016.0
T9,2011-07-12,12366.0
T9,2011-07-13,11887.0
T9,2011-07-14,12785.0
T9,2011-07-15,12488.0
T9,2011-07-16,1724.0
T9,2011-07-17,987.0
T9,2011-07-18,11926.0
T9,2011-07-19,12722.0
T9,2011-07-20,12726.0
T9,2011-07-21,12648.0
T9,2011-07-22,12977.0
T9,2011-07-23,1671.0
T9,2011-07-24,1273.0
T9,2011-07-25,11381.0
T9,2011-07-26,12561.0
T9,2011-07-27,12791.0
T9,2011-07-28,13076.0
T9,2011-07-29,13299.0
T9,2011-07-30,1951.0
T9,2011-07-31,1714.0
T9,2011-08-01,12519.0
T9,2011-08-02,12739.0
T9,2011-08-03,12867.0
T9,2011-08-04,12773.0
T9,2011-08-05,12642.0
T9,2011-08-06,1729.0
T9,2011-08-07,1117.0
T9,2011-08-08,12066.0
T9,2011-08-09,12242.0
T9,2011-08-10,11601.0
T9,2011-08-11,12608.0
T9,2011-08-12,12641.0
T9,2011-08-13,1920.0
T9,2011-08-14,1499.0
T9,2011-08-15,11876.0
T9,2011-08-16,12660.0
T9,2011-08-17,12290.0
T9,2011-08-18,12636.0
T9,2011-08-19,13446.0
T9,2011-08-20,1751.0
T9,2011-08-21,1135.0
T9,2011-08-22,12311.0
T9,2011-08-23,12758.0
T9,2011-08-24,13231.0
T9,2011-08-25,12619.0
T9,2011-08-26,12323.0
T9,2011-08-27,1667.0
T9,2011-08-28,1318.0
T9,2011-08-29,12233.0
T9,2011-08-30,12289.0
T9,2011-08-31,12412.0
T9,2011-09-01,12350.0
T9,2011-09-02,12579.0
T9,2011-09-03,1706.0
T9,2011-09-04,1246.0
T9,2011-09-05,12418.0
T9,2011-09-06,12658.0
T9,2011-09-07,12694.0
T9,2011-09-08,12697.0
T9,2011-09-09,11628.0
T9,2011-09-10,1805.0
T9,2011-09-11,960.0
T9,2011-09-12,11912.0
T9,2011-09-13,12511.0
T9,2011-09-14,12551.0
T9,2011-09-15,12494.0
T9,2011-09-16,12347.0
T9,2011-09-17,1649.0
T9,2011-09-18,1141.0
T9,2011-09-19,12254.0
T9,2011-09-20,12680.0
T9,2011-09-21,12794.0
T9,2011-09-22,13009.0
T9,2011-09-23,12581.0
T9,2011-09-24,1730.0
T9,2011-09-25,1316.0
T9,2011-09-26,12472.0
T9,2011-09-27,12623.0
T9,2011-09-28,11038.0
T9,2011-09-29,11753.0
T9,2011-09-30,11986.0
T9,2011-10-01,1293.0
T9,2011-10-02,1385.0
T9,2011-10-03,12124.0
T9,2011-10-04,12903.0
T9,2011-10-05,12927.0
T9,2011-10-06,12879.0
T9,2011-10-07,11924.0
T9,2011-10-08,2075.0
T9,2011-10-09,1041.0
T9,2011-10-10,12592.0
T9,2011-10-11,13301.0
T9,2011-10-12,13078.0
T9,2011-10-13,13843.0
T9,2011-10-14,13153.0
T9,2011-10-15,1421.0
T9,2011-10-16,1124.0
T9,2011-10-17,12927.0
T9,2011-10-18,13235.0
T9,2011-10-19,13575.0
T9,2011-10-20,13426.0
T9,2011-10-21,12303.0
T9,2011-10-22,1736.0
T9,2011-10-23,1299.0
T9,2011-10-24,11761.0
T9,2011-10-25,12905.0
T9,2011-10-26,13299.0
T9,2011-10-27,13556.0
T9,2011-10-28,12645.0
T9,2011-10-29,1533.0
T9,2011-10-30,1052.0
T9,2011-10-31,8905.0
T9,2011-11-01,2006.0
T9,2011-11-02,12433.0
T9,2011-11-03,12045.0
T9,2011-11-04,12697.0
T9,2011-11-05,1749.0
T9,2011-11-06,1009.0
T9,2011-11-07,13983.0
T9,2011-11-08,13257.0
T9,2011-11-09,13449.0
T9,2011-11-10,13029.0
T9,2011-11-11,12370.0
T9,2011-11-12,1484.0
T9,2011-11-13,1075.0
T9,2011-11-14,12750.0
T9,2011-11-15,12593.0
T9,2011-11-16,13135.0
T9,2011-11-17,13147.0
T9,2011-11-18,12641.0
T9,2011-11-19,1189.0
T9,2011-11-20,1337.0
T9,2011-11-21,12431.0
T9,2011-11-22,12774.0
T9,2011-11-23,12536.0
T9,2011-11-24,13417.0
T9,2011-11-25,12333.0
T9,2011-11-26,1305.0
T9,2011-11-27,1060.0
T9,2011-11-28,12843.0
T9,2011-11-29,13193.0
T9,2011-11-30,12625.0
T9,2011-12-01,15464.0
T9,2011-12-02,12376.0
T9,2011-12-03,1950.0
T9,2011-12-04,1152.0
T9,2011-12-05,11930.0
T9,2011-12-06,13526.0
T9,2011-12-07,13143.0
T9,2011-12-08,12928.0
T9,2011-12-09,12411.0
T9,2011-12-10,1687.0
T9,2011-12-11,1060.0
T9,2011-12-12,13314.0
T9,2011-12-13,13671.0
T9,2011-12-14,14203.0
T9,2011-12-15,13388.0
T9,2011-12-16,12893.0
T9,2011-12-17,1657.0
T9,2011-12-18,1003.0
T9,2011-12-19,12934.0
T9,2011-12-20,13117.0
T9,2011-12-21,13145.0
T9,2011-12-22,12467.0
T9,2011-12-23,9432.0
T9,2011-12-24,929.0
T9,2011-12-25,524.0
T9,2011-12-26,1041.0
T9,2011-12-27,1210.0
T9,2011-12-28,4878.0
T9,2011-12-29,4809.0
T9,2011-12-30,4386.0
T9,2011-12-31,3242.0
T9,2012-01-01,1792.0
T9,2012-01-02,927.0
T9,2012-01-03,7264.0
T9,2012-01-04,8501.0
T9,2012-01-05,8881.0
T9,2012-01-06,8362.0
T9,2012-01-07,1260.0
T9,2012-01-08,1025.0
T9,2012-01-09,10589.0
T9,2012-01-10,10642.0
T9,2012-01-11,10651.0
T9,2012-01-12,11520.0
T9,2012-01-13,11128.0
T9,2012-01-14,1433.0
T9,2012-01-15,1225.0
T9,2012-01-16,12073.0
T9,2012-01-17,12045.0
T9,2012-01-18,11799.0
T9,2012-01-19,13015.0
T9,2012-01-20,13658.0
T9,2012-01-21,1743.0
T9,2012-01-22,1355.0
T9,2012-01-23,12746.0
T9,2012-01-24,13078.0
T9,2012-01-25,13093.0
T9,2012-01-26,1499.0
T9,2012-01-27,9189.0
T9,2012-01-28,1607.0
T9,2012-01-29,1152.0
T9,2012-01-30,12741.0
T9,2012-01-31,12811.0
T9,2012-02-01,13604.0
T9,2012-02-02,13987.0
T9,2012-02-03,13623.0
T9,2012-02-04,1818.0
T9,2012-02-05,1138.0
T9,2012-02-06,13900.0
T9,2012-02-07,13808.0
T9,2012-02-08,13906.0
T9,2012-02-09,14044.0
T9,2012-02-10,14041.0
T9,2012-02-11,1847.0
T9,2012-02-12,1233.0
T9,2012-02-13,13848.0
T9,2012-02-14,15141.0
T9,2012-02-15,14834.0
T9,2012-02-16,13875.0
T9,2012-02-17,14415.0
T9,2012-02-18,1880.0
T9,2012-02-19,1377.0
T9,2012-02-20,14563.0
T9,2012-02-21,14927.0
T9,2012-02-22,15028.0
T9,2012-02-23,14641.0
T9,2012-02-24,14358.0
T9,2012-02-25,1634.0
T9,2012-02-26,1261.0
T9,2012-02-27,12733.0
T9,2012-02-28,15170.0
T9,2012-02-29,14966.0
T9,2012-03-01,14914.0
T9,2012-03-02,14306.0
T9,2012-03-03,1490.0
T9,2012-03-04,1389.0
T9,2012-03-05,14744.0
T9,2012-03-06,14938.0
T9,2012-03-07,14704.0
T9,2012-03-08,14451.0
T9,2012-03-09,14196.0
T9,2012-03-10,1868.0
T9,2012-03-11,1615.0
T9,2012-03-12,2097.0
T9,2012-03-13,13940.0
T9,2012-03-14,14898.0
T9,2012-03-15,14811.0
T9,2012-03-16,14203.0
T9,2012-03-17,2457.0
T9,2012-03-18,1861.0
T9,2012-03-19,15233.0
T9,2012-03-20,15738.0
T9,2012-03-21,13892.0
T9,2012-03-22,15253.0
T9,2012-03-23,13891.0
T9,2012-03-24,1729.0
T9,2012-03-25,1449.0
T9,2012-03-26,14573.0
T9,2012-03-27,15028.0
T9,2012-03-28,15223.0
T9,2012-03-29,15938.0
T9,2012-03-30,15288.0
T9,2012-03-31,2895.0
T9,2012-04-01,3429.0
T9,2012-04-02,14728.0
T9,2012-04-03,14996.0
T9,2012-04-04,14987.0
T9,2012-04-05,13780.0
T9,2012-04-06,1702.0
T9,2012-04-07,1687.0
T9,2012-04-08,1453.0
T9,2012-04-09,995.0
T9,2012-04-10,12135.0
T9,2012-04-11,13155.0
T9,2012-04-12,13407.0
T9,2012-04-13,13457.0
T9,2012-04-14,1972.0
T9,2012-04-15,1722.0
T9,2012-04-16,14470.0
T9,2012-04-17,15265.0
T9,2012-04-18,14854.0
T9,2012-04-19,15263.0
T9,2012-04-20,14210.0
T9,2012-04-21,2256.0
T9,2012-04-22,1202.0
T9,2012-04-23,13953.0
T9,2012-04-24,13203.0
T9,2012-04-25,1060.0
T9,2012-04-26,14310.0
T9,2012-04-27,14091.0
T9,2012-04-28,2065.0
T9,2012-04-29,1551.0
T9,2012-04-30,14539.0
T9,2012-05-01,15023.0
T9,2012-05-02,13663.0
T9,2012-05-03,14153.0
T9,2012-05-04,15017.0
T9,2012-05-05,1940.0
T9,2012-05-06,1473.0
T9,2012-05-07,14755.0
T9,2012-05-08,14946.0
T9,2012-05-09,15059.0
T9,2012-05-10,15019.0
T9,2012-05-11,14550.0
T9,2012-05-12,2475.0
T9,2012-05-13,964.0
T9,2012-05-14,14081.0
T9,2012-05-15,14659.0
T9,2012-05-16,14261.0
T9,2012-05-17,15029.0
T9,2012-05-18,14461.0
T9,2012-05-19,2111.0
T9,2012-05-20,1660.0
T9,2012-05-21,14362.0
T9,2012-05-22,14427.0
T9,2012-05-23,17094.0
T9,2012-05-24,14691.0
T9,2012-05-25,12199.0
T9,2012-05-26,2093.0
T9,2012-05-27,1417.0
T9,2012-05-28,14125.0
T9,2012-05-29,14676.0
T9,2012-05-30,14627.0
T9,2012-05-31,14856.0
T9,2012-06-01,15263.0
T9,2012-06-02,1839.0
T9,2012-06-03,1231.0
T9,2012-06-04,13976.0
T9,2012-06-05,14624.0
T9,2012-06-06,14546.0
T9,2012-06-07,15074.0
T9,2012-06-08,14591.0
T9,2012-06-09,1885.0
T9,2012-06-10,1275.0
T9,2012-06-11,1552.0
T9,2012-06-12,14736.0
T9,2012-06-13,14930.0
T9,2012-06-14,15048.0
T9,2012-06-15,15094.0
T9,2012-06-16,2649.0
T9,2012-06-17,1219.0
T9,2012-06-18,15111.0
T9,2012-06-19,15696.0
T9,2012-06-20,15413.0
T9,2012-06-21,13275.0
T9,2012-06-22,14881.0
T9,2012-06-23,1847.0
T9,2012-06-24,1183.0
T9,2012-06-25,14458.0
T9,2012-06-26,15958.0
T9,2012-06-27,15955.0
T9,2012-06-28,16468.0
T9,2012-06-29,15694.0
T9,2012-06-30,2605.0
T9,2012-07-01,1337.0
T9,2012-07-02,14508.0
T9,2012-07-03,15428.0
T9,2012-07-04,15172.0
T9,2012-07-05,15546.0
T9,2012-07-06,15224.0
T9,2012-07-07,2557.0
T9,2012-07-08,1290.0
T9,2012-07-09,14014.0
T9,2012-07-10,14595.0
T9,2012-07-11,14913.0
T9,2012-07-12,14755.0
T9,2012-07-13,15190.0
T9,2012-07-14,2128.0
T9,2012-07-15,1454.0
T9,2012-07-16,15210.0
T9,2012-07-17,15787.0
T9,2012-07-18,15824.0
T9,2012-07-19,16141.0
T9,2012-07-20,16887.0
T9,2012-07-21,2542.0
T9,2012-07-22,1355.0
T9,2012-07-23,14741.0
T9,2012-07-24,15822.0
T9,2012-07-25,15656.0
T9,2012-07-26,16105.0
T9,2012-07-27,15701.0
T9,2012-07-28,2355.0
T9,2012-07-29,1591.0
T9,2012-07-30,15145.0
T9,2012-07-31,15418.0
T9,2012-08-01,15557.0
T9,2012-08-02,15774.0
T9,2012-08-03,15686.0
T9,2012-08-04,2233.0
T9,2012-08-05,1684.0
T9,2012-08-06,14846.0
T9,2012-08-07,15666.0
T9,2012-08-08,14442.0
T9,2012-08-09,15038.0
T9,2012-08-10,14683.0
T9,2012-08-11,1910.0
T9,2012-08-12,1765.0
T9,2012-08-13,15146.0
T9,2012-08-14,15053.0
T9,2012-08-15,15609.0
T9,2012-08-16,15290.0
T9,2012-08-17,15461.0
T9,2012-08-18,2472.0
T9,2012-08-19,1464.0
T9,2012-08-20,14398.0
T9,2012-08-21,15359.0
T9,2012-08-22,15209.0
T9,2012-08-23,15309.0
T9,2012-08-24,14938.0
T9,2012-08-25,1907.0
T9,2012-08-26,1458.0
T9,2012-08-27,15179.0
T9,2012-08-28,15920.0
T9,2012-08-29,16110.0
T9,2012-08-30,15758.0
T9,2012-08-31,15022.0
T9,2012-09-01,1988.0
T9,2012-09-02,1637.0
T9,2012-09-03,15417.0
T9,2012-09-04,16447.0
T9,2012-09-05,15762.0
T9,2012-09-06,15790.0
T9,2012-09-07,15163.0
T9,2012-09-08,1993.0
T9,2012-09-09,1336.0
T9,2012-09-10,15565.0
T9,2012-09-11,15650.0
T9,2012-09-12,16043.0
T9,2012-09-13,15848.0
T9,2012-09-14,15274.0
T9,2012-09-15,2166.0
T9,2012-09-16,1333.0
T9,2012-09-17,15345.0
T9,2012-09-18,15224.0
T9,2012-09-19,16123.0
T9,2012-09-20,16241.0
T9,2012-09-21,15464.0
T9,2012-09-22,2483.0
T9,2012-09-23,1516.0
T9,2012-09-24,15164.0
T9,2012-09-25,15361.0
T9,2012-09-26,15662.0
T9,2012-09-27,15795.0
T9,2012-09-28,14540.0
T9,2012-09-29,1873.0
T9,2012-09-30,1543.0
T9,2012-10-01,14692.0
T9,2012-10-02,15505.0
T9,2012-10-03,16138.0
T9,2012-10-04,16073.0
T9,2012-10-05,15539.0
T9,2012-10-06,1923.0
T9,2012-10-07,1269.0
T9,2012-10-08,15387.0
T9,2012-10-09,15733.0
T9,2012-10-10,16088.0
T9,2012-10-11,15636.0
T9,2012-10-12,15429.0
T9,2012-10-13,2321.0
T9,2012-10-14,1715.0
T9,2012-10-15,15193.0
T9,2012-10-16,16462.0
T9,2012-10-17,17443.0
T9,2012-10-18,16373.0
T9,2012-10-19,15618.0
T9,2012-10-20,2181.0
T9,2012-10-21,1463.0
T9,2012-10-22,15915.0
T9,2012-10-23,16732.0
T9,2012-10-24,16282.0
T9,2012-10-25,15827.0
T9,2012-10-26,15070.0
T9,2012-10-27,1850.0
T9,2012-10-28,1380.0
T9,2012-10-29,15901.0
T9,2012-10-30,16965.0
T9,2012-10-31,16078.0
T9,2012-11-01,15923.0
T9,2012-11-02,15383.0
T9,2012-11-03,1897.0
T9,2012-11-04,1554.0
T9,2012-11-05,10649.0
T9,2012-11-06,2410.0
T9,2012-11-07,14997.0
T9,2012-11-08,15877.0
T9,2012-11-09,14738.0
T9,2012-11-10,2318.0
T9,2012-11-11,1608.0
T9,2012-11-12,16043.0
T9,2012-11-13,17898.0
T9,2012-11-14,15633.0
T9,2012-11-15,15438.0
T9,2012-11-16,15652.0
T9,2012-11-17,2224.0
T9,2012-11-18,1495.0
T9,2012-11-19,15395.0
T9,2012-11-20,15880.0
T9,2012-11-21,15200.0
T9,2012-11-22,16234.0
T9,2012-11-23,15267.0
T9,2012-11-24,2171.0
T9,2012-11-25,1647.0
T9,2012-11-26,16302.0
T9,2012-11-27,14971.0
T9,2012-11-28,17091.0
T9,2012-11-29,15613.0
T9,2012-11-30,15293.0
T9,2012-12-01,2431.0
T9,2012-12-02,1847.0
T9,2012-12-03,15147.0
T9,2012-12-04,15734.0
T9,2012-12-05,16384.0
T9,2012-12-06,16843.0
T9,2012-12-07,16032.0
T9,2012-12-08,1957.0
T9,2012-12-09,1331.0
T9,2012-12-10,15359.0
T9,2012-12-11,15597.0
T9,2012-12-12,15970.0
T9,2012-12-13,14261.0
T9,2012-12-14,15005.0
T9,2012-12-15,2100.0
T9,2012-12-16,1346.0
T9,2012-12-17,15432.0
T9,2012-12-18,15847.0
T9,2012-12-19,16261.0
T9,2012-12-20,15240.0
T9,2012-12-21,14186.0
T9,2012-12-22,1609.0
T9,2012-12-23,1377.0
T9,2012-12-24,4652.0
T9,2012-12-25,907.0
T9,2012-12-26,1214.0
T9,2012-12-27,4295.0
T9,2012-12-28,4260.0
T9,2012-12-29,1333.0
T9,2012-12-30,1082.0
T9,2012-12-31,6397.0
T9,2013-01-01,2699.0
T9,2013-01-02,8067.0
T9,2013-01-03,8217.0
T9,2013-01-04,7382.0
T9,2013-01-05,1483.0
T9,2013-01-06,1261.0
T9,2013-01-07,12157.0
T9,2013-01-08,12678.0
T9,2013-01-09,12565.0
T9,2013-01-10,12828.0
T9,2013-01-11,12566.0
T9,2013-01-12,1406.0
T9,2013-01-13,1342.0
T9,2013-01-14,14182.0
T9,2013-01-15,14472.0
T9,2013-01-16,14556.0
T9,2013-01-17,14675.0
T9,2013-01-18,13118.0
T9,2013-01-19,2084.0
T9,2013-01-20,1531.0
T9,2013-01-21,15325.0
T9,2013-01-22,15699.0
T9,2013-01-23,15035.0
T9,2013-01-24,15289.0
T9,2013-01-25,13537.0
T9,2013-01-26,1969.0
T9,2013-01-27,1631.0
T9,2013-01-28,1403.0
T9,2013-01-29,15334.0
T9,2013-01-30,16867.0
T9,2013-01-31,15583.0
T9,2013-02-01,15948.0
T9,2013-02-02,2523.0
T9,2013-02-03,1540.0
T9,2013-02-04,16710.0
T9,2013-02-05,17290.0
T9,2013-02-06,16530.0
T9,2013-02-07,17258.0
T9,2013-02-08,16738.0
T9,2013-02-09,1977.0
T9,2013-02-10,1726.0
T9,2013-02-11,15991.0
T9,2013-02-12,17671.0
T9,2013-02-13,17679.0
T9,2013-02-14,17829.0
T9,2013-02-15,17336.0
T9,2013-02-16,2257.0
T9,2013-02-17,1430.0
T9,2013-02-18,16864.0
T9,2013-02-19,15607.0
T9,2013-02-20,17306.0
T9,2013-02-21,17897.0
T9,2013-02-22,17261.0
T9,2013-02-23,2197.0
T9,2013-02-24,1619.0
T9,2013-02-25,16119.0
T9,2013-02-26,16453.0
T9,2013-02-27,17743.0
T9,2013-02-28,17932.0
T9,2013-03-01,17313.0
T9,2013-03-02,2620.0
T9,2013-03-03,1831.0
T9,2013-03-04,18160.0
T9,2013-03-05,18068.0
T9,2013-03-06,18394.0
T9,2013-03-07,18085.0
T9,2013-03-08,17035.0
T9,2013-03-09,2144.0
T9,2013-03-10,2203.0
T9,2013-03-11,2241.0
T9,2013-03-12,16279.0
T9,2013-03-13,14804.0
T9,2013-03-14,17609.0
T9,2013-03-15,17872.0
T9,2013-03-16,2792.0
T9,2013-03-17,2252.0
T9,2013-03-18,17428.0
T9,2013-03-19,17875.0
T9,2013-03-20,17990.0
T9,2013-03-21,18001.0
T9,2013-03-22,17410.0
T9,2013-03-23,2608.0
T9,2013-03-24,6111.0
T9,2013-03-25,17910.0
T9,2013-03-26,18275.0
T9,2013-03-27,17932.0
T9,2013-03-28,17568.0
T9,2013-03-29,1718.0
T9,2013-03-30,1729.0
T9,2013-03-31,1842.0
T9,2013-04-01,1466.0
T9,2013-04-02,14947.0
T9,2013-04-03,15591.0
T9,2013-04-04,16300.0
T9,2013-04-05,16219.0
T9,2013-04-06,2152.0
T9,2013-04-07,1881.0
T9,2013-04-08,17318.0
T9,2013-04-09,17785.0
T9,2013-04-10,17887.0
T9,2013-04-11,17782.0
T9,2013-04-12,17629.0
T9,2013-04-13,2993.0
T9,2013-04-14,2105.0
T9,2013-04-15,17267.0
T9,2013-04-16,18213.0
T9,2013-04-17,18701.0
T9,2013-04-18,17195.0
T9,2013-04-19,17623.0
T9,2013-04-20,3083.0
T9,2013-04-21,1785.0
T9,2013-04-22,17223.0
T9,2013-04-23,18646.0
T9,2013-04-24,18647.0
T9,2013-04-25,1978.0
T9,2013-04-26,14422.0
T9,2013-04-27,2816.0
T9,2013-04-28,1748.0
T9,2013-04-29,18661.0
T9,2013-04-30,19250.0
T9,2013-05-01,19411.0
T9,2013-05-02,19536.0
T9,2013-05-03,19084.0
T9,2013-05-04,2381.0
T9,2013-05-05,1522.0
T9,2013-05-06,17107.0
T9,2013-05-07,18618.0
T9,2013-05-08,18665.0
T9,2013-05-09,19592.0
T9,2013-05-10,18261.0
T9,2013-05-11,2560.0
T9,2013-05-12,1397.0
T9,2013-05-13,18374.0
T9,2013-05-14,17859.0
T9,2013-05-15,17454.0
T9,2013-05-16,17343.0
T9,2013-05-17,17731.0
T9,2013-05-18,2430.0
T9,2013-05-19,1794.0
T9,2013-05-20,17047.0
T9,2013-05-21,18436.0
T9,2013-05-22,17820.0
T9,2013-05-23,18242.0
T9,2013-05-24,17934.0
T9,2013-05-25,2476.0
T9,2013-05-26,1866.0
T9,2013-05-27,17869.0
T9,2013-05-28,18441.0
T9,2013-05-29,18603.0
T9,2013-05-30,17305.0
T9,2013-05-31,17880.0
T9,2013-06-01,2113.0
T9,2013-06-02,1526.0
T9,2013-06-03,17951.0
T9,2013-06-04,18362.0
T9,2013-06-05,18213.0
T9,2013-06-06,18390.0
T9,2013-06-07,17186.0
T9,2013-06-08,1787.0
T9,2013-06-09,1767.0
T9,2013-06-10,1728.0
T9,2013-06-11,18068.0
T9,2013-06-12,16618.0
T9,2013-06-13,17038.0
T9,2013-06-14,18463.0
T9,2013-06-15,2453.0
T9,2013-06-16,1571.0
T9,2013-06-17,17237.0
T9,2013-06-18,18555.0
T9,2013-06-19,17949.0
T9,2013-06-20,18578.0
T9,2013-06-21,18211.0
T9,2013-06-22,2188.0
T9,2013-06-23,1493.0
T9,2013-06-24,17213.0
T9,2013-06-25,18760.0
T9,2013-06-26,18734.0
T9,2013-06-27,19444.0
T9,2013-06-28,18764.0
T9,2013-06-29,5509.0
T9,2013-06-30,1838.0
T9,2013-07-01,18366.0
T9,2013-07-02,18684.0
T9,2013-07-03,19168.0
T9,2013-07-04,18319.0
T9,2013-07-05,17873.0
T9,2013-07-06,2774.0
T9,2013-07-07,1948.0
T9,2013-07-08,17106.0
T9,2013-07-09,17911.0
T9,2013-07-10,18299.0
T9,2013-07-11,18110.0
T9,2013-07-12,17702.0
T9,2013-07-13,2121.0
T9,2013-07-14,1708.0
T9,2013-07-15,18730.0
T9,2013-07-16,18839.0
T9,2013-07-17,18750.0
T9,2013-07-18,19108.0
T9,2013-07-19,18522.0
T9,2013-07-20,1939.0
T9,2013-07-21,1563.0
T9,2013-07-22,17929.0
T9,2013-07-23,18906.0
T9,2013-07-24,19638.0
T9,2013-07-25,19610.0
T9,2013-07-26,20157.0
T9,2013-07-27,2667.0
T9,2013-07-28,1951.0
T9,2013-07-29,18410.0
T9,2013-07-30,17990.0
T9,2013-07-31,17280.0
T9,2013-08-01,17588.0
T9,2013-08-02,17061.0
T9,2013-08-03,1983.0
T9,2013-08-04,1488.0
T9,2013-08-05,16959.0
T9,2013-08-06,17066.0
T9,2013-08-07,16358.0
T9,2013-08-08,17351.0
T9,2013-08-09,16070.0
T9,2013-08-10,2145.0
T9,2013-08-11,1979.0
T9,2013-08-12,16446.0
T9,2013-08-13,17232.0
T9,2013-08-14,16712.0
T9,2013-08-15,17452.0
T9,2013-08-16,16873.0
T9,2013-08-17,2399.0
T9,2013-08-18,1644.0
T9,2013-08-19,16255.0
T9,2013-08-20,16271.0
T9,2013-08-21,16646.0
T9,2013-08-22,16775.0
T9,2013-08-23,16386.0
T9,2013-08-24,2454.0
T9,2013-08-25,1713.0
T9,2013-08-26,16633.0
T9,2013-08-27,16941.0
T9,2013-08-28,17037.0
T9,2013-08-29,17099.0
T9,2013-08-30,16549.0
T9,2013-08-31,1997.0
T9,2013-09-01,1539.0
T9,2013-09-02,16665.0
T9,2013-09-03,17091.0
T9,2013-09-04,16977.0
T9,2013-09-05,16268.0
T9,2013-09-06,16579.0
T9,2013-09-07,2319.0
T9,2013-09-08,1706.0
T9,2013-09-09,16557.0
T9,2013-09-10,16708.0
T9,2013-09-11,16612.0
T9,2013-09-12,16671.0
T9,2013-09-13,16378.0
T9,2013-09-14,1879.0
T9,2013-09-15,1612.0
T9,2013-09-16,15265.0
T9,2013-09-17,17068.0
T9,2013-09-18,16506.0
T9,2013-09-19,16683.0
T9,2013-09-20,16031.0
T9,2013-09-21,1864.0
T9,2013-09-22,1567.0
T9,2013-09-23,16329.0
T9,2013-09-24,16574.0
T9,2013-09-25,16882.0
T9,2013-09-26,16092.0
T9,2013-09-27,16856.0
T9,2013-09-28,2031.0
T9,2013-09-29,1794.0
T9,2013-09-30,15966.0
T9,2013-10-01,16038.0
T9,2013-10-02,16113.0
T9,2013-10-03,16155.0
T9,2013-10-04,15553.0
T9,2013-10-05,2064.0
T9,2013-10-06,1584.0
T9,2013-10-07,15941.0
T9,2013-10-08,16687.0
T9,2013-10-09,16684.0
T9,2013-10-10,15866.0
T9,2013-10-11,16266.0
T9,2013-10-12,2518.0
T9,2013-10-13,1207.0
T9,2013-10-14,15941.0
T9,2013-10-15,16569.0
T9,2013-10-16,16673.0
T9,2013-10-17,16537.0
T9,2013-10-18,16566.0
T9,2013-10-19,2031.0
T9,2013-10-20,1449.0
T9,2013-10-21,16367.0
T9,2013-10-22,15939.0
T9,2013-10-23,16258.0
T9,2013-10-24,16762.0
T9,2013-10-25,16456.0
T9,2013-10-26,2358.0
T9,2013-10-27,1609.0
T9,2013-10-28,16499.0
T9,2013-10-29,17305.0
T9,2013-10-30,16521.0
T9,2013-10-31,16927.0
T9,2013-11-01,15934.0
T9,2013-11-02,2123.0
T9,2013-11-03,1438.0
T9,2013-11-04,11540.0
T9,2013-11-05,2694.0
T9,2013-11-06,16359.0
T9,2013-11-07,16356.0
T9,2013-11-08,16247.0
T9,2013-11-09,1860.0
T9,2013-11-10,1398.0
T9,2013-11-11,16342.0
T9,2013-11-12,16983.0
T9,2013-11-13,15182.0
T9,2013-11-14,18027.0
T9,2013-11-15,17225.0
T9,2013-11-16,2246.0
T9,2013-11-17,1662.0
T9,2013-11-18,16840.0
T9,2013-11-19,17028.0
T9,2013-11-20,16706.0
T9,2013-11-21,17792.0
T9,2013-11-22,16748.0
T9,2013-11-23,2262.0
T9,2013-11-24,1688.0
T9,2013-11-25,16945.0
T9,2013-11-26,17242.0
T9,2013-11-27,16920.0
T9,2013-11-28,16430.0
T9,2013-11-29,16105.0
T9,2013-11-30,1986.0
T9,2013-12-01,1703.0
T9,2013-12-02,15910.0
T9,2013-12-03,15905.0
T9,2013-12-04,16449.0
T9,2013-12-05,16085.0
T9,2013-12-06,16370.0
T9,2013-12-07,3898.0
T9,2013-12-08,2642.0
T9,2013-12-09,16141.0
T9,2013-12-10,16881.0
T9,2013-12-11,16939.0
T9,2013-12-12,17609.0
T9,2013-12-13,17155.0
T9,2013-12-14,3271.0
T9,2013-12-15,1638.0
T9,2013-12-16,16849.0
T9,2013-12-17,17145.0
T9,2013-12-18,17582.0
T9,2013-12-19,15389.0
T9,2013-12-20,13923.0
T9,2013-12-21,1756.0
T9,2013-12-22,1322.0
T9,2013-12-23,9607.0
T9,2013-12-24,7412.0
T9,2013-12-25,1160.0
T9,2013-12-26,1901.0
T9,2013-12-27,4944.0
T9,2013-12-28,1691.0
T9,2013-12-29,1696.0
T9,2013-12-30,5906.0
T9,2013-12-31,7590.0
T9,2014-01-01,2128.0
T9,2014-01-02,7497.0
T9,2014-01-03,7452.0
T9,2014-01-04,2072.0
T9,2014-01-05,1334.0
T9,2014-01-06,12729.0
T9,2014-01-07,13644.0
T9,2014-01-08,12805.0
T9,2014-01-09,13506.0
T9,2014-01-10,12504.0
T9,2014-01-11,1602.0
T9,2014-01-12,1548.0
T9,2014-01-13,14745.0
T9,2014-01-14,14677.0
T9,2014-01-15,12666.0
T9,2014-01-16,12780.0
T9,2014-01-17,13373.0
T9,2014-01-18,1777.0
T9,2014-01-19,1559.0
T9,2014-01-20,15573.0
T9,2014-01-21,16280.0
T9,2014-01-22,16068.0
T9,2014-01-23,16185.0
T9,2014-01-24,14337.0
T9,2014-01-25,1761.0
T9,2014-01-26,3743.0
T9,2014-01-27,1482.0
T9,2014-01-28,15365.0
T9,2014-01-29,15645.0
T9,2014-01-30,16727.0
T9,2014-01-31,16272.0
T9,2014-02-01,2096.0
T9,2014-02-02,1483.0
T9,2014-02-03,14448.0
T9,2014-02-04,17151.0
T9,2014-02-05,16986.0
T9,2014-02-06,17818.0
T9,2014-02-07,15886.0
T9,2014-02-08,1838.0
T9,2014-02-09,1261.0
T9,2014-02-10,16206.0
T9,2014-02-11,17181.0
T9,2014-02-12,16756.0
T9,2014-02-13,17151.0
T9,2014-02-14,16629.0
T9,2014-02-15,1401.0
T9,2014-02-16,1614.0
T9,2014-02-17,17041.0
T9,2014-02-18,17943.0
T9,2014-02-19,18786.0
T9,2014-02-20,17398.0
T9,2014-02-21,16628.0
T9,2014-02-22,1240.0
T9,2014-02-23,305.0
T9,2014-02-24,18192.0
T9,2014-02-25,18942.0
T9,2014-02-26,18337.0
T9,2014-02-27,18830.0
T9,2014-02-28,18222.0
T9,2014-03-01,2314.0
T9,2014-03-02,1685.0
T9,2014-03-03,18057.0
T9,2014-03-04,18874.0
T9,2014-03-05,18019.0
T9,2014-03-06,18473.0
T9,2014-03-07,16928.0
T9,2014-03-08,2140.0
T9,2014-03-09,1978.0
T9,2014-03-10,2752.0
T9,2014-03-11,17415.0
T9,2014-03-12,18402.0
T9,2014-03-13,18718.0
T9,2014-03-14,18988.0
T9,2014-03-15,2564.0
T9,2014-03-16,2545.0
T9,2014-03-17,18220.0
T9,2014-03-18,18348.0
T9,2014-03-19,18131.0
T9,2014-03-20,18504.0
T9,2014-03-21,18002.0
T9,2014-03-22,2631.0
T9,2014-03-23,1579.0
T9,2014-03-24,17612.0
T9,2014-03-25,18442.0
T9,2014-03-26,18226.0
T9,2014-03-27,17767.0
T9,2014-03-28,18587.0
T9,2014-03-29,2476.0
T9,2014-03-30,1728.0
T9,2014-03-31,18307.0
T9,2014-04-01,18684.0
T9,2014-04-02,17231.0
T9,2014-04-03,17840.0
T9,2014-04-04,17756.0
T9,2014-04-05,2456.0
T9,2014-04-06,1897.0
T9,2014-04-07,18511.0
T9,2014-04-08,17861.0
T9,2014-04-09,16356.0
T9,2014-04-10,15552.0
T9,2014-04-11,18082.0
T9,2014-04-12,2659.0
T9,2014-04-13,4206.0
T9,2014-04-14,18225.0
T9,2014-04-15,18789.0
T9,2014-04-16,17701.0
T9,2014-04-17,16697.0
T9,2014-04-18,1842.0
T9,2014-04-19,2250.0
T9,2014-04-20,1677.0
T9,2014-04-21,1616.0
T9,2014-04-22,13291.0
T9,2014-04-23,14315.0
T9,2014-04-24,13992.0
T9,2014-04-25,2074.0
T9,2014-04-26,2120.0
T9,2014-04-27,1619.0
T9,2014-04-28,17549.0
T9,2014-04-29,17272.0
T9,2014-04-30,17135.0
T9,2014-05-01,17339.0
T9,2014-05-02,17340.0
T9,2014-05-03,2081.0
T9,2014-05-04,1471.0
T9,2014-05-05,17449.0
T9,2014-05-06,18009.0
T9,2014-05-07,18145.0
T9,2014-05-08,18403.0
T9,2014-05-09,17377.0
T9,2014-05-10,1909.0
T9,2014-05-11,1366.0
T9,2014-05-12,17530.0
T9,2014-05-13,17837.0
T9,2014-05-14,17998.0
T9,2014-05-15,17807.0
T9,2014-05-16,17988.0
T9,2014-05-17,2150.0
T9,2014-05-18,1776.0
T9,2014-05-19,17478.0
T9,2014-05-20,18285.0
T9,2014-05-21,17823.0
T9,2014-05-22,18163.0
T9,2014-05-23,17567.0
T9,2014-05-24,2079.0
T9,2014-05-25,1618.0
T9,2014-05-26,17485.0
T9,2014-05-27,18047.0
T9,2014-05-28,18143.0
T9,2014-05-29,18293.0
T9,2014-05-30,18190.0
T9,2014-05-31,2270.0
T9,2014-06-01,1619.0
T9,2014-06-02,18398.0
T9,2014-06-03,18018.0
T9,2014-06-04,18228.0
T9,2014-06-05,18964.0
T9,2014-06-06,18135.0
T9,2014-06-07,2230.0
T9,2014-06-08,1975.0
T9,2014-06-09,1939.0
T9,2014-06-10,17784.0
T9,2014-06-11,17894.0
T9,2014-06-12,18085.0
T9,2014-06-13,17861.0
T9,2014-06-14,2495.0
T9,2014-06-15,1687.0
T9,2014-06-16,17846.0
T9,2014-06-17,18208.0
T9,2014-06-18,18202.0
T9,2014-06-19,18593.0
T9,2014-06-20,18165.0
T9,2014-06-21,2798.0
T9,2014-06-22,2282.0
T9,2014-06-23,17514.0
T9,2014-06-24,16600.0
T9,2014-06-25,17888.0
T9,2014-06-26,18420.0
T9,2014-06-27,18311.0
T9,2014-06-28,2370.0
T9,2014-06-29,1510.0
T9,2014-06-30,17374.0
T9,2014-07-01,17558.0
T9,2014-07-02,17410.0
T9,2014-07-03,17900.0
T9,2014-07-04,17464.0
T9,2014-07-05,2202.0
T9,2014-07-06,1790.0
T9,2014-07-07,16878.0
T9,2014-07-08,17511.0
T9,2014-07-09,16959.0
T9,2014-07-10,17620.0
T9,2014-07-11,16982.0
T9,2014-07-12,2028.0
T9,2014-07-13,1726.0
T9,2014-07-14,17495.0
T9,2014-07-15,18158.0
T9,2014-07-16,18199.0
T9,2014-07-17,18074.0
T9,2014-07-18,17858.0
T9,2014-07-19,2169.0
T9,2014-07-20,1626.0
T9,2014-07-21,17459.0
T9,2014-07-22,18026.0
T9,2014-07-23,17692.0
T9,2014-07-24,18124.0
T9,2014-07-25,17874.0
T9,2014-07-26,2357.0
T9,2014-07-27,1986.0
T9,2014-07-28,17653.0
T9,2014-07-29,17706.0
T9,2014-07-30,17808.0
T9,2014-07-31,17246.0
T9,2014-08-01,16316.0
T9,2014-08-02,2165.0
T9,2014-08-03,1616.0
T9,2014-08-04,17071.0
T9,2014-08-05,17874.0
T9,2014-08-06,17507.0
T9,2014-08-07,17458.0
T9,2014-08-08,17376.0
T9,2014-08-09,2255.0
T9,2014-08-10,1598.0
T9,2014-08-11,17177.0
T9,2014-08-12,17606.0
T9,2014-08-13,17166.0
T9,2014-08-14,17793.0
T9,2014-08-15,17848.0
T9,2014-08-16,2634.0
T9,2014-08-17,1764.0
T9,2014-08-18,16706.0
T9,2014-08-19,17718.0
T9,2014-08-20,17742.0
T9,2014-08-21,17757.0
T9,2014-08-22,17065.0
T9,2014-08-23,2451.0
T9,2014-08-24,1640.0
T9,2014-08-25,17224.0
T9,2014-08-26,17832.0
T9,2014-08-27,16987.0
T9,2014-08-28,17248.0
T9,2014-08-29,16732.0
T9,2014-08-30,2201.0
T9,2014-08-31,1602.0
T9,2014-09-01,15078.0
T9,2014-09-02,16868.0
T9,2014-09-03,16350.0
T9,2014-09-04,16377.0
T9,2014-09-05,15652.0
T9,2014-09-06,1929.0
T9,2014-09-07,1339.0
T9,2014-09-08,15543.0
T9,2014-09-09,16264.0
T9,2014-09-10,15923.0
T9,2014-09-11,16431.0
T9,2014-09-12,15268.0
T9,2014-09-13,1960.0
T9,2014-09-14,1381.0
T9,2014-09-15,14885.0
T9,2014-09-16,14797.0
T9,2014-09-17,15303.0
T9,2014-09-18,15339.0
T9,2014-09-19,14771.0
T9,2014-09-20,2295.0
T9,2014-09-21,1559.0
T9,2014-09-22,14827.0
T9,2014-09-23,15279.0
T9,2014-09-24,15069.0
T9,2014-09-25,14996.0
T9,2014-09-26,14867.0
T9,2014-09-27,1759.0
T9,2014-09-28,1504.0
T9,2014-09-29,14433.0
T9,2014-09-30,14913.0
T9,2014-10-01,14559.0
T9,2014-10-02,14749.0
T9,2014-10-03,14690.0
T9,2014-10-04,2130.0
T9,2014-10-05,1635.0
T9,2014-10-06,14527.0
T9,2014-10-07,15682.0
T9,2014-10-08,16129.0
T9,2014-10-09,15297.0
T9,2014-10-10,15374.0
T9,2014-10-11,378.0
T9,2014-10-12,114.0
T9,2014-10-13,14665.0
T9,2014-10-14,15724.0
T9,2014-10-15,15320.0
T9,2014-10-16,15931.0
T9,2014-10-17,15691.0
T9,2014-10-18,2549.0
T9,2014-10-19,1934.0
T9,2014-10-20,14951.0
T9,2014-10-21,15505.0
T9,2014-10-22,15679.0
T9,2014-10-23,15548.0
T9,2014-10-24,15009.0
T9,2014-10-25,2170.0
T9,2014-10-26,1530.0
T9,2014-10-27,12984.0
T9,2014-10-28,15800.0
T9,2014-10-29,15452.0
T9,2014-10-30,15636.0
T9,2014-10-31,15038.0
T9,2014-11-01,1995.0
T9,2014-11-02,1573.0
T9,2014-11-03,9625.0
T9,2014-11-04,2175.0
T9,2014-11-05,14222.0
T9,2014-11-06,15017.0
T9,2014-11-07,14479.0
T9,2014-11-08,1875.0
T9,2014-11-09,1409.0
T9,2014-11-10,15050.0
T9,2014-11-11,15492.0
T9,2014-11-12,15037.0
T9,2014-11-13,15484.0
T9,2014-11-14,13787.0
T9,2014-11-15,2596.0
T9,2014-11-16,1434.0
T9,2014-11-17,15055.0
T9,2014-11-18,15619.0
T9,2014-11-19,15096.0
T9,2014-11-20,15861.0
T9,2014-11-21,15473.0
T9,2014-11-22,2283.0
T9,2014-11-23,1506.0
T9,2014-11-24,14915.0
T9,2014-11-25,15878.0
T9,2014-11-26,15571.0
T9,2014-11-27,15671.0
T9,2014-11-28,15692.0
T9,2014-11-29,2220.0
T9,2014-11-30,1525.0
T9,2014-12-01,15265.0
T9,2014-12-02,16145.0
T9,2014-12-03,15800.0
T9,2014-12-04,15961.0
T9,2014-12-05,15780.0
T9,2014-12-06,2402.0
T9,2014-12-07,1574.0
T9,2014-12-08,15228.0
T9,2014-12-09,15959.0
T9,2014-12-10,15949.0
T9,2014-12-11,16044.0
T9,2014-12-12,15175.0
T9,2014-12-13,2716.0
T9,2014-12-14,1437.0
T9,2014-12-15,14820.0
T9,2014-12-16,13951.0
T9,2014-12-17,14874.0
T9,2014-12-18,14113.0
T9,2014-12-19,14136.0
T9,2014-12-20,1898.0
T9,2014-12-21,1350.0
T9,2014-12-22,10392.0
T9,2014-12-23,10446.0
T9,2014-12-24,6724.0
T9,2014-12-25,913.0
T9,2014-12-26,1687.0
T9,2014-12-27,1528.0
T9,2014-12-28,1345.0
T9,2014-12-29,4691.0
T9,2014-12-30,4820.0
T9,2014-12-31,7103.0
T9,2015-01-01,1776.0
T9,2015-01-02,4656.0
T9,2015-01-03,1423.0
T9,2015-01-04,1342.0
T9,2015-01-05,11489.0
T9,2015-01-06,11510.0
T9,2015-01-07,11064.0
T9,2015-01-08,11577.0
T9,2015-01-09,11315.0
T9,2015-01-10,1722.0
T9,2015-01-11,1464.0
T9,2015-01-12,13496.0
T9,2015-01-13,13680.0
T9,2015-01-14,13572.0
T9,2015-01-15,13391.0
T9,2015-01-16,13538.0
T9,2015-01-17,2295.0
T9,2015-01-18,1463.0
T9,2015-01-19,14148.0
T9,2015-01-20,14843.0
T9,2015-01-21,14423.0
T9,2015-01-22,13912.0
T9,2015-01-23,12841.0
T9,2015-01-24,1739.0
T9,2015-01-25,1528.0
T9,2015-01-26,2908.0
T9,2015-01-27,13814.0
T9,2015-01-28,14149.0
T9,2015-01-29,14150.0
T9,2015-01-30,14605.0
T9,2015-01-31,1613.0
T9,2015-02-01,1264.0
T9,2015-02-02,15139.0
T9,2015-02-03,15655.0
T9,2015-02-04,15027.0
T9,2015-02-05,15142.0
T9,2015-02-06,14877.0
T9,2015-02-07,1923.0
T9,2015-02-08,1372.0
T9,2015-02-09,13916.0
T9,2015-02-10,15671.0
T9,2015-02-11,14707.0
T9,2015-02-12,15570.0
T9,2015-02-13,15015.0
T9,2015-02-14,3881.0
T9,2015-02-15,2251.0
T9,2015-02-16,14971.0
T9,2015-02-17,17151.0
T9,2015-02-18,15218.0
T9,2015-02-19,15899.0
T9,2015-02-20,14731.0
T9,2015-02-21,2358.0
T9,2015-02-22,1189.0
T9,2015-02-23,14115.0
T9,2015-02-24,15661.0
T9,2015-02-25,15600.0
T9,2015-02-26,15879.0
T9,2015-02-27,15422.0
T9,2015-02-28,4512.0
T9,2015-03-01,1493.0
T9,2015-03-02,15621.0
T9,2015-03-03,16001.0
T9,2015-03-04,15668.0
T9,2015-03-05,16143.0
T9,2015-03-06,14880.0
T9,2015-03-07,1880.0
T9,2015-03-08,1965.0
T9,2015-03-09,2218.0
T9,2015-03-10,15098.0
T9,2015-03-11,16261.0
T9,2015-03-12,16446.0
T9,2015-03-13,15881.0
T9,2015-03-14,2704.0
T9,2015-03-15,2084.0
T9,2015-03-16,15696.0
T9,2015-03-17,15651.0
T9,2015-03-18,15566.0
T9,2015-03-19,16096.0
T9,2015-03-20,15497.0
T9,2015-03-21,2116.0
T9,2015-03-22,3696.0
T9,2015-03-23,15025.0
T9,2015-03-24,16418.0
T9,2015-03-25,16186.0
T9,2015-03-26,16185.0
T9,2015-03-27,15313.0
T9,2015-03-28,1886.0
T9,2015-03-29,1561.0
T9,2015-03-30,15369.0
T9,2015-03-31,15266.0
T9,2015-04-01,15373.0
T9,2015-04-02,14292.0
T9,2015-04-03,1624.0
T9,2015-04-04,1781.0
T9,2015-04-05,1436.0
T9,2015-04-06,1406.0
T9,2015-04-07,13281.0
T9,2015-04-08,14062.0
T9,2015-04-09,14318.0
T9,2015-04-10,14028.0
T9,2015-04-11,2306.0
T9,2015-04-12,1534.0
T9,2015-04-13,15160.0
T9,2015-04-14,15838.0
T9,2015-04-15,16321.0
T9,2015-04-16,15715.0
T9,2015-04-17,15601.0
T9,2015-04-18,2186.0
T9,2015-04-19,1274.0
T9,2015-04-20,15322.0
T9,2015-04-21,15593.0
T9,2015-04-22,15368.0
T9,2015-04-23,15673.0
T9,2015-04-24,15525.0
T9,2015-04-25,1673.0
T9,2015-04-26,1335.0
T9,2015-04-27,14444.0
T9,2015-04-28,15728.0
T9,2015-04-29,15579.0
T9,2015-04-30,15863.0
T9,2015-05-01,16295.0
T9,2015-05-02,2470.0
T9,2015-05-03,1686.0
T9,2015-05-04,15458.0
T9,2015-05-05,15629.0
T9,2015-05-06,15679.0
T9,2015-05-07,16225.0
T9,2015-05-08,16636.0
T9,2015-05-09,2147.0
T9,2015-05-10,1202.0
T9,2015-05-11,15669.0
T9,2015-05-12,16336.0
T9,2015-05-13,15928.0
T9,2015-05-14,16298.0
T9,2015-05-15,16872.0
T9,2015-05-16,2272.0
T9,2015-05-17,1575.0
T9,2015-05-18,15927.0
T9,2015-05-19,16355.0
T9,2015-05-20,16130.0
T9,2015-05-21,16289.0
T9,2015-05-22,16384.0
T9,2015-05-23,2423.0
T9,2015-05-24,1579.0
T9,2015-05-25,15559.0
T9,2015-05-26,16418.0
T9,2015-05-27,16201.0
T9,2015-05-28,16574.0
T9,2015-05-29,16239.0
T9,2015-05-30,2240.0
T9,2015-05-31,1049.0
T9,2015-06-01,15794.0
T9,2015-06-02,16332.0
T9,2015-06-03,16194.0
T9,2015-06-04,16009.0
T9,2015-06-05,15264.0
T9,2015-06-06,2295.0
T9,2015-06-07,1621.0
T9,2015-06-08,1525.0
T9,2015-06-09,15455.0
T9,2015-06-10,16188.0
T9,2015-06-11,16542.0
T9,2015-06-12,15735.0
T9,2015-06-13,1581.0
T9,2015-06-14,1325.0
T9,2015-06-15,16329.0
T9,2015-06-16,16540.0
T9,2015-06-17,17054.0
T9,2015-06-18,16246.0
T9,2015-06-19,16427.0
T9,2015-06-20,2117.0
T9,2015-06-21,1363.0
T9,2015-06-22,16276.0
T9,2015-06-23,16858.0
T9,2015-06-24,17003.0
T9,2015-06-25,16751.0
T9,2015-06-26,16470.0
T9,2015-06-27,2270.0
T9,2015-06-28,1602.0
T9,2015-06-29,16227.0
T9,2015-06-30,16872.0
T9,2015-07-01,16658.0
T9,2015-07-02,16779.0
T9,2015-07-03,16348.0
T9,2015-07-04,2005.0
T9,2015-07-05,1892.0
T9,2015-07-06,14305.0
T9,2015-07-07,16279.0
T9,2015-07-08,15714.0
T9,2015-07-09,16215.0
T9,2015-07-10,15863.0
T9,2015-07-11,2012.0
T9,2015-07-12,918.0
T9,2015-07-13,15520.0
T9,2015-07-14,16223.0
T9,2015-07-15,16539.0
T9,2015-07-16,16889.0
T9,2015-07-17,16380.0
T9,2015-07-18,2260.0
T9,2015-07-19,1776.0
T9,2015-07-20,15812.0
T9,2015-07-21,17700.0
T9,2015-07-22,16943.0
T9,2015-07-23,17479.0
T9,2015-07-24,17919.0
T9,2015-07-25,2656.0
T9,2015-07-26,1744.0
T9,2015-07-27,15930.0
T9,2015-07-28,16796.0
T9,2015-07-29,16616.0
T9,2015-07-30,16595.0
T9,2015-07-31,16362.0
T9,2015-08-01,1768.0
T9,2015-08-02,1266.0
T9,2015-08-03,15807.0
T9,2015-08-04,16582.0
T9,2015-08-05,16176.0
T9,2015-08-06,16421.0
T9,2015-08-07,16123.0
T9,2015-08-08,2105.0
T9,2015-08-09,1507.0
T9,2015-08-10,16123.0
T9,2015-08-11,16819.0
T9,2015-08-12,16667.0
T9,2015-08-13,16791.0
T9,2015-08-14,16004.0
T9,2015-08-15,2529.0
T9,2015-08-16,1726.0
T9,2015-08-17,15984.0
T9,2015-08-18,16516.0
T9,2015-08-19,16388.0
T9,2015-08-20,16595.0
T9,2015-08-21,16154.0
T9,2015-08-22,2437.0
T9,2015-08-23,1453.0
T9,2015-08-24,16236.0
T9,2015-08-25,16900.0
T9,2015-08-26,16162.0
T9,2015-08-27,16523.0
T9,2015-08-28,16468.0
T9,2015-08-29,1867.0
T9,2015-08-30,1744.0
T9,2015-08-31,16190.0
T9,2015-09-01,16118.0
T9,2015-09-02,16065.0
T9,2015-09-03,16648.0
T9,2015-09-04,14284.0
T9,2015-09-05,1724.0
T9,2015-09-06,1196.0
T9,2015-09-07,16390.0
T9,2015-09-08,16442.0
T9,2015-09-09,16523.0
T9,2015-09-10,17486.0
T9,2015-09-11,15863.0
T9,2015-09-12,1861.0
T9,2015-09-13,1593.0
T9,2015-09-14,15827.0
T9,2015-09-15,16295.0
T9,2015-09-16,16310.0
T9,2015-09-17,16522.0
T9,2015-09-18,15766.0
T9,2015-09-19,1782.0
T9,2015-09-20,1457.0
T9,2015-09-21,15529.0
T9,2015-09-22,16301.0
T9,2015-09-23,16153.0
T9,2015-09-24,16136.0
T9,2015-09-25,15629.0
T9,2015-09-26,2143.0
T9,2015-09-27,1629.0
T9,2015-09-28,15846.0
T9,2015-09-29,16427.0
T9,2015-09-30,18164.0
T9,2015-10-01,16788.0
T9,2015-10-02,3030.0
T9,2015-10-03,1728.0
T9,2015-10-04,1459.0
T9,2015-10-05,15864.0
T9,2015-10-06,15533.0
T9,2015-10-07,16544.0
T9,2015-10-08,16439.0
T9,2015-10-09,16724.0
T9,2015-10-10,2296.0
T9,2015-10-11,1520.0
T9,2015-10-12,17200.0
T9,2015-10-13,17570.0
T9,2015-10-14,17666.0
T9,2015-10-15,18081.0
T9,2015-10-16,16724.0
T9,2015-10-17,2808.0
T9,2015-10-18,1633.0
T9,2015-10-19,16249.0
T9,2015-10-20,17050.0
T9,2015-10-21,16253.0
T9,2015-10-22,16909.0
T9,2015-10-23,17054.0
T9,2015-10-24,2871.0
T9,2015-10-25,1635.0
T9,2015-10-26,16404.0
T9,2015-10-27,16707.0
T9,2015-10-28,16644.0
T9,2015-10-29,17206.0
T9,2015-10-30,16202.0
T9,2015-10-31,2114.0
T9,2015-11-01,1577.0
T9,2015-11-02,10777.0
T9,2015-11-03,2136.0
T9,2015-11-04,15805.0
T9,2015-11-05,15164.0
T9,2015-11-06,15718.0
T9,2015-11-07,2090.0
T9,2015-11-08,1429.0
T9,2015-11-09,16539.0
T9,2015-11-10,16698.0
T9,2015-11-11,17208.0
T9,2015-11-12,16822.0
T9,2015-11-13,16800.0
T9,2015-11-14,2397.0
T9,2015-11-15,3125.0
T9,2015-11-16,16698.0
T9,2015-11-17,15291.0
T9,2015-11-18,16819.0
T9,2015-11-19,16579.0
T9,2015-11-20,16382.0
T9,2015-11-21,2025.0
T9,2015-11-22,1204.0
T9,2015-11-23,16400.0
T9,2015-11-24,17159.0
T9,2015-11-25,17291.0
T9,2015-11-26,16076.0
T9,2015-11-27,15378.0
T9,2015-11-28,2709.0
T9,2015-11-29,1639.0
T9,2015-11-30,16139.0
T9,2015-12-01,15489.0
T9,2015-12-02,15921.0
T9,2015-12-03,16895.0
T9,2015-12-04,15649.0
T9,2015-12-05,2365.0
T9,2015-12-06,3641.0
T9,2015-12-07,16241.0
T9,2015-12-08,17539.0
T9,2015-12-09,15815.0
T9,2015-12-10,17607.0
T9,2015-12-11,16161.0
T9,2015-12-12,1969.0
T9,2015-12-13,1478.0
T9,2015-12-14,15734.0
T9,2015-12-15,16677.0
T9,2015-12-16,16508.0
T9,2015-12-17,16519.0
T9,2015-12-18,14406.0
T9,2015-12-19,1380.0
T9,2015-12-20,1095.0
T9,2015-12-21,11588.0
T9,2015-12-22,12870.0
T9,2015-12-23,11101.0
T9,2015-12-24,6759.0
T9,2015-12-25,819.0
T9,2015-12-26,1471.0
T9,2015-12-27,1350.0
T9,2015-12-28,1692.0
T9,2015-12-29,4982.0
T9,2015-12-30,4942.0
T9,2015-12-31,6987.0
T9,2016-01-01,1363.0
T9,2016-01-02,1526.0
T9,2016-01-03,1295.0
T9,2016-01-04,11259.0
T9,2016-01-05,11732.0
T9,2016-01-06,12166.0
T9,2016-01-07,11480.0
T9,2016-01-08,11932.0
T9,2016-01-09,2351.0
T9,2016-01-10,1329.0
T9,2016-01-11,13577.0
T9,2016-01-12,13857.0
T9,2016-01-13,13442.0
T9,2016-01-14,14408.0
T9,2016-01-15,14084.0
T9,2016-01-16,1855.0
T9,2016-01-17,1557.0
T9,2016-01-18,14036.0
T9,2016-01-19,14667.0
T9,2016-01-20,15850.0
T9,2016-01-21,15806.0
T9,2016-01-22,14997.0
T9,2016-01-23,2122.0
T9,2016-01-24,1590.0
T9,2016-01-25,11025.0
T9,2016-01-26,3559.0
T9,2016-01-27,15553.0
T9,2016-01-28,15175.0
T9,2016-01-29,16311.0
T9,2016-01-30,2163.0
T9,2016-01-31,1455.0
T9,2016-02-01,16397.0
T9,2016-02-02,17021.0
T9,2016-02-03,16239.0
T9,2016-02-04,17156.0
T9,2016-02-05,16261.0
T9,2016-02-06,2747.0
T9,2016-02-07,1617.0
T9,2016-02-08,16626.0
T9,2016-02-09,17295.0
T9,2016-02-10,17081.0
T9,2016-02-11,16986.0
T9,2016-02-12,17513.0
T9,2016-02-13,3078.0
T9,2016-02-14,2416.0
T9,2016-02-15,16325.0
T9,2016-02-16,16878.0
T9,2016-02-17,17593.0
T9,2016-02-18,16999.0
T9,2016-02-19,16212.0
T9,2016-02-20,2694.0
T9,2016-02-21,1506.0
T9,2016-02-22,16285.0
T9,2016-02-23,17388.0
T9,2016-02-24,16560.0
T9,2016-02-25,17263.0
T9,2016-02-26,16332.0
T9,2016-02-27,2245.0
T9,2016-02-28,1447.0
T9,2016-02-29,17503.0
T9,2016-03-01,18238.0
T9,2016-03-02,17832.0
T9,2016-03-03,17881.0
T9,2016-03-04,16942.0
T9,2016-03-05,2185.0
T9,2016-03-06,1502.0
T9,2016-03-07,17388.0
T9,2016-03-08,17833.0
T9,2016-03-09,16521.0
T9,2016-03-10,17608.0
T9,2016-03-11,17170.0
T9,2016-03-12,2278.0
T9,2016-03-13,1741.0
T9,2016-03-14,2134.0
T9,2016-03-15,17015.0
T9,2016-03-16,17795.0
T9,2016-03-17,18115.0
T9,2016-03-18,16381.0
T9,2016-03-19,2779.0
T9,2016-03-20,2306.0
T9,2016-03-21,17099.0
T9,2016-03-22,17718.0
T9,2016-03-23,17280.0
T9,2016-03-24,16426.0
T9,2016-03-25,1649.0
T9,2016-03-26,1970.0
T9,2016-03-27,1688.0
T9,2016-03-28,1524.0
T9,2016-03-29,15443.0
T9,2016-03-30,15753.0
T9,2016-03-31,16221.0
T9,2016-04-01,16155.0
T9,2016-04-02,2460.0
T9,2016-04-03,1723.0
T9,2016-04-04,16738.0
T9,2016-04-05,17472.0
T9,2016-04-06,15764.0
T9,2016-04-07,17263.0
T9,2016-04-08,16158.0
T9,2016-04-09,2073.0
T9,2016-04-10,1984.0
T9,2016-04-11,16778.0
T9,2016-04-12,17676.0
T9,2016-04-13,17474.0
T9,2016-04-14,17603.0
T9,2016-04-15,17253.0
T9,2016-04-16,2547.0
T9,2016-04-17,1714.0
T9,2016-04-18,17513.0
T9,2016-04-19,17850.0
T9,2016-04-20,17517.0
T9,2016-04-21,17369.0
T9,2016-04-22,16914.0
T9,2016-04-23,2068.0
T9,2016-04-24,2178.0
T9,2016-04-25,1681.0
T9,2016-04-26,16993.0
T9,2016-04-27,17531.0
T9,2016-04-28,17906.0
T9,2016-04-29,17291.0
T9,2016-04-30,1871.0
T9,2016-05-01,1389.0
T9,2016-05-02,17144.0
T9,2016-05-03,17626.0
T9,2016-05-04,17336.0
T9,2016-05-05,18026.0
T9,2016-05-06,17548.0
T9,2016-05-07,2675.0
T9,2016-05-08,1445.0
T9,2016-05-09,16364.0
T9,2016-05-10,17713.0
T9,2016-05-11,17596.0
T9,2016-05-12,17957.0
T9,2016-05-13,16789.0
T9,2016-05-14,2414.0
T9,2016-05-15,1723.0
T9,2016-05-16,17536.0
T9,2016-05-17,17728.0
T9,2016-05-18,17536.0
T9,2016-05-19,17713.0
T9,2016-05-20,17663.0
T9,2016-05-21,1114.0
T9,2016-05-22,1759.0
T9,2016-05-23,16339.0
T9,2016-05-24,17570.0
T9,2016-05-25,17115.0
T9,2016-05-26,16545.0
T9,2016-05-27,16998.0
T9,2016-05-28,2160.0
T9,2016-05-29,1795.0
T9,2016-05-30,16848.0
T9,2016-05-31,17088.0
T9,2016-06-01,16750.0
T9,2016-06-02,17432.0
T9,2016-06-03,16605.0
T9,2016-06-04,2090.0
T9,2016-06-05,1605.0
T9,2016-06-06,17390.0
T9,2016-06-07,17697.0
T9,2016-06-08,17582.0
T9,2016-06-09,17604.0
T9,2016-06-10,16718.0
T9,2016-06-11,2672.0
T9,2016-06-12,2345.0
T9,2016-06-13,1710.0
T9,2016-06-14,17043.0
T9,2016-06-15,17752.0
T9,2016-06-16,17367.0
T9,2016-06-17,17643.0
T9,2016-06-18,2593.0
T9,2016-06-19,1559.0
T9,2016-06-20,16014.0
T9,2016-06-21,17996.0
T9,2016-06-22,17921.0
T9,2016-06-23,17734.0
T9,2016-06-24,17051.0
T9,2016-06-25,2651.0
T9,2016-06-26,1610.0
T9,2016-06-27,16874.0
T9,2016-06-28,17853.0
T9,2016-06-29,17246.0
T9,2016-06-30,17024.0
T9,2016-07-01,17557.0
T9,2016-07-02,2513.0
T9,2016-07-03,1765.0
T9,2016-07-04,17247.0
T9,2016-07-05,16462.0
T9,2016-07-06,16775.0
T9,2016-07-07,16991.0
T9,2016-07-08,17241.0
T9,2016-07-09,3165.0
T9,2016-07-10,1735.0
T9,2016-07-11,17642.0
T9,2016-07-12,17891.0
T9,2016-07-13,17706.0
T9,2016-07-14,18582.0
T9,2016-07-15,18326.0
T9,2016-07-16,2733.0
T9,2016-07-17,1919.0
T9,2016-07-18,17830.0
T9,2016-07-19,18021.0
T9,2016-07-20,18395.0
T9,2016-07-21,18411.0
T9,2016-07-22,18060.0
T9,2016-07-23,2319.0
T9,2016-07-24,2078.0
T9,2016-07-25,17288.0
T9,2016-07-26,18346.0
T9,2016-07-27,18201.0
T9,2016-07-28,18690.0
T9,2016-07-29,18445.0
T9,2016-07-30,2996.0
T9,2016-07-31,1741.0
T9,2016-08-01,16039.0
T9,2016-08-02,18991.0
T9,2016-08-03,18413.0
T9,2016-08-04,18302.0
T9,2016-08-05,18284.0
T9,2016-08-06,2726.0
T9,2016-08-07,1909.0
T9,2016-08-08,17353.0
T9,2016-08-09,18288.0
T9,2016-08-10,17873.0
T9,2016-08-11,18371.0
T9,2016-08-12,17997.0
T9,2016-08-13,2618.0
T9,2016-08-14,1819.0
T9,2016-08-15,17448.0
T9,2016-08-16,18721.0
T9,2016-08-17,18295.0
T9,2016-08-18,18110.0
T9,2016-08-19,16773.0
T9,2016-08-20,2137.0
T9,2016-08-21,1588.0
T9,2016-08-22,16525.0
T9,2016-08-23,17832.0
T9,2016-08-24,17147.0
T9,2016-08-25,17434.0
T9,2016-08-26,17614.0
T9,2016-08-27,2421.0
T9,2016-08-28,1827.0
T9,2016-08-29,17053.0
T9,2016-08-30,17952.0
T9,2016-08-31,17575.0
T9,2016-09-01,17802.0
T9,2016-09-02,17435.0
T9,2016-09-03,2341.0
T9,2016-09-04,1574.0
T9,2016-09-05,17014.0
T9,2016-09-06,17963.0
T9,2016-09-07,17458.0
T9,2016-09-08,18128.0
T9,2016-09-09,17048.0
T9,2016-09-10,2143.0
T9,2016-09-11,1609.0
T9,2016-09-12,17262.0
T9,2016-09-13,16268.0
T9,2016-09-14,17162.0
T9,2016-09-15,17442.0
T9,2016-09-16,17412.0
T9,2016-09-17,2028.0
T9,2016-09-18,1487.0
T9,2016-09-19,17164.0
T9,2016-09-20,17511.0
T9,2016-09-21,16790.0
T9,2016-09-22,18091.0
T9,2016-09-23,16849.0
T9,2016-09-24,2321.0
T9,2016-09-25,1828.0
T9,2016-09-26,17333.0
T9,2016-09-27,17743.0
T9,2016-09-28,17538.0
T9,2016-09-29,17383.0
T9,2016-09-30,2771.0
T9,2016-10-01,1719.0
T9,2016-10-02,1869.0
T9,2016-10-03,16781.0
T9,2016-10-04,18064.0
T9,2016-10-05,18494.0
T9,2016-10-06,18961.0
T9,2016-10-07,17552.0
T9,2016-10-08,2074.0
T9,2016-10-09,2005.0
T9,2016-10-10,18413.0
T9,2016-10-11,19781.0
T9,2016-10-12,18213.0
T9,2016-10-13,18967.0
T9,2016-10-14,17372.0
T9,2016-10-15,2815.0
T9,2016-10-16,1789.0
T9,2016-10-17,17830.0
T9,2016-10-18,18514.0
T9,2016-10-19,18198.0
T9,2016-10-20,18576.0
T9,2016-10-21,16966.0
T9,2016-10-22,2056.0
T9,2016-10-23,2113.0
T9,2016-10-24,18319.0
T9,2016-10-25,18870.0
T9,2016-10-26,19303.0
T9,2016-10-27,18995.0
T9,2016-10-28,17177.0
T9,2016-10-29,2152.0
T9,2016-10-30,1738.0
T9,2016-10-31,12142.0
T9,2016-11-01,2617.0
T9,2016-11-02,17745.0
T9,2016-11-03,18239.0
T9,2016-11-04,17453.0
T9,2016-11-05,2295.0
T9,2016-11-06,2191.0
T9,2016-11-07,19045.0
T9,2016-11-08,18227.0
T9,2016-11-09,18450.0
T9,2016-11-10,18976.0
T9,2016-11-11,17212.0
T9,2016-11-12,2485.0
T9,2016-11-13,2012.0
T9,2016-11-14,19083.0
T9,2016-11-15,18776.0
T9,2016-11-16,19690.0
T9,2016-11-17,19628.0
T9,2016-11-18,17942.0
T9,2016-11-19,2574.0
T9,2016-11-20,2285.0
T9,2016-11-21,17865.0
T9,2016-11-22,19420.0
T9,2016-11-23,20299.0
T9,2016-11-24,20818.0
T9,2016-11-25,18379.0
T9,2016-11-26,3119.0
T9,2016-11-27,2574.0
T9,2016-11-28,21427.0
T9,2016-11-29,19853.0
T9,2016-11-30,20837.0
T9,2016-12-01,21881.0
T9,2016-12-02,19637.0
T9,2016-12-03,2321.0
T9,2016-12-04,2003.0
T9,2016-12-05,21039.0
T9,2016-12-06,21480.0
T9,2016-12-07,20483.0
T9,2016-12-08,21684.0
T9,2016-12-09,21692.0
T9,2016-12-10,4472.0
T9,2016-12-11,2436.0
T9,2016-12-12,20692.0
T9,2016-12-13,19498.0
T9,2016-12-14,18397.0
T9,2016-12-15,20094.0
T9,2016-12-16,19102.0
T9,2016-12-17,2236.0
T9,2016-12-18,2089.0
T9,2016-12-19,19464.0
T9,2016-12-20,20443.0
T9,2016-12-21,19231.0
T9,2016-12-22,19635.0
T9,2016-12-23,11791.0
T9,2016-12-24,1402.0
T9,2016-12-25,1088.0
T9,2016-12-26,1817.0
T9,2016-12-27,1882.0
T9,2016-12-28,5812.0
T9,2016-12-29,5021.0
T9,2016-12-30,4976.0
T9,2016-12-31,6095.0
T9,2017-01-01,1508.0
T9,2017-01-02,1870.0
T9,2017-01-03,13029.0
T9,2017-01-04,12878.0
T9,2017-01-05,13403.0
T9,2017-01-06,12779.0
T9,2017-01-07,1970.0
T9,2017-01-08,1623.0
T9,2017-01-09,16846.0
T9,2017-01-10,18786.0
T9,2017-01-11,17697.0
T9,2017-01-12,18875.0
T9,2017-01-13,18496.0
T9,2017-01-14,2149.0
T9,2017-01-15,2236.0
T9,2017-01-16,19047.0
T9,2017-01-17,18812.0
T9,2017-01-18,19603.0
T9,2017-01-19,19112.0
T9,2017-01-20,21058.0
T9,2017-01-21,2273.0
T9,2017-01-22,2365.0
T9,2017-01-23,19448.0
T9,2017-01-24,19785.0
T9,2017-01-25,19008.0
T9,2017-01-26,4594.0
T9,2017-01-27,12734.0
T9,2017-01-28,2052.0
T9,2017-01-29,2206.0
T9,2017-01-30,20413.0
T9,2017-01-31,21027.0
T9,2017-02-01,21188.0
T9,2017-02-02,21284.0
T9,2017-02-03,20602.0
T9,2017-02-04,2782.0
T9,2017-02-05,1902.0
T9,2017-02-06,21738.0
T9,2017-02-07,22443.0
T9,2017-02-08,22378.0
T9,2017-02-09,21350.0
T9,2017-02-10,21957.0
T9,2017-02-11,2529.0
T9,2017-02-12,2434.0
T9,2017-02-13,22601.0
T9,2017-02-14,24421.0
T9,2017-02-15,22742.0
T9,2017-02-16,23491.0
T9,2017-02-17,21875.0
T9,2017-02-18,2789.0
T9,2017-02-19,1986.0
T9,2017-02-20,22268.0
T9,2017-02-21,23267.0
T9,2017-02-22,22522.0
T9,2017-02-23,23934.0
T9,2017-02-24,22362.0
T9,2017-02-25,2953.0
T9,2017-02-26,2422.0
T9,2017-02-27,23054.0
T9,2017-02-28,23919.0
T9,2017-03-01,23798.0
T9,2017-03-02,23027.0
T9,2017-03-03,22607.0
T9,2017-03-04,2676.0
T9,2017-03-05,2453.0
T9,2017-03-06,23389.0
T9,2017-03-07,24301.0
T9,2017-03-08,23293.0
T9,2017-03-09,23604.0
T9,2017-03-10,23055.0
T9,2017-03-11,2548.0
T9,2017-03-12,2031.0
T9,2017-03-13,3292.0
T9,2017-03-14,22733.0
T9,2017-03-15,22626.0
T9,2017-03-16,22194.0
T9,2017-03-17,22151.0
T9,2017-03-18,6233.0
T9,2017-03-19,5614.0
T9,2017-03-20,22276.0
T9,2017-03-21,22763.0
T9,2017-03-22,23137.0
T9,2017-03-23,24579.0
T9,2017-03-24,21906.0
T9,2017-03-25,3348.0
T9,2017-03-26,2966.0
T9,2017-03-27,22242.0
T9,2017-03-28,23422.0
T9,2017-03-29,23103.0
T9,2017-03-30,23941.0
T9,2017-03-31,22205.0
T9,2017-04-01,2488.0
T9,2017-04-02,2726.0
T9,2017-04-03,21766.0
T9,2017-04-04,22558.0
T9,2017-04-05,22099.0
T9,2017-04-06,22429.0
T9,2017-04-07,22115.0
T9,2017-04-08,2520.0
T9,2017-04-09,3416.0
T9,2017-04-10,21315.0
T9,2017-04-11,23739.0
T9,2017-04-12,22644.0
T9,2017-04-13,20066.0
T9,2017-04-14,2256.0
T9,2017-04-15,2125.0
T9,2017-04-16,2179.0
T9,2017-04-17,2345.0
T9,2017-04-18,20875.0
T9,2017-04-19,21511.0
T9,2017-04-20,22222.0
T9,2017-04-21,19958.0
T9,2017-04-22,2692.0
T9,2017-04-23,2706.0
T9,2017-04-24,16551.0
T9,2017-04-25,2282.0
T9,2017-04-26,21589.0
T9,2017-04-27,23193.0
T9,2017-04-28,22237.0
T9,2017-04-29,2973.0
T9,2017-04-30,2907.0
T9,2017-05-01,22446.0
T9,2017-05-02,23198.0
T9,2017-05-03,22761.0
T9,2017-05-04,22992.0
T9,2017-05-05,22569.0
T9,2017-05-06,2808.0
T9,2017-05-07,2194.0
T9,2017-05-08,21856.0
T9,2017-05-09,23358.0
T9,2017-05-10,23198.0
T9,2017-05-11,23128.0
T9,2017-05-12,21732.0
T9,2017-05-13,2939.0
T9,2017-05-14,2332.0
T9,2017-05-15,21850.0
T9,2017-05-16,22933.0
T9,2017-05-17,22949.0
T9,2017-05-18,23275.0
T9,2017-05-19,21509.0
T9,2017-05-20,3075.0
T9,2017-05-21,2574.0
T9,2017-05-22,22221.0
T9,2017-05-23,23262.0
T9,2017-05-24,22909.0
T9,2017-05-25,22538.0
T9,2017-05-26,20975.0
T9,2017-05-27,2692.0
T9,2017-05-28,2366.0
T9,2017-05-29,22188.0
T9,2017-05-30,22668.0
T9,2017-05-31,22906.0
T9,2017-06-01,22415.0
T9,2017-06-02,21265.0
T9,2017-06-03,3127.0
T9,2017-06-04,2503.0
T9,2017-06-05,21966.0
T9,2017-06-06,22963.0
T9,2017-06-07,22907.0
T9,2017-06-08,22732.0
T9,2017-06-09,21307.0
T9,2017-06-10,2583.0
T9,2017-06-11,2268.0
T9,2017-06-12,2911.0
T9,2017-06-13,21770.0
T9,2017-06-14,22413.0
T9,2017-06-15,23102.0
T9,2017-06-16,22140.0
T9,2017-06-17,2417.0
T9,2017-06-18,2459.0
T9,2017-06-19,22212.0
T9,2017-06-20,22909.0
T9,2017-06-21,22656.0
T9,2017-06-22,23044.0
T9,2017-06-23,21575.0
T9,2017-06-24,2545.0
T9,2017-06-25,2170.0
T9,2017-06-26,21839.0
T9,2017-06-27,23029.0
T9,2017-06-28,22807.0
T9,2017-06-29,22156.0
T9,2017-06-30,22148.0
T9,2017-07-01,3469.0
T9,2017-07-02,3148.0
T9,2017-07-03,21805.0
T9,2017-07-04,22904.0
T9,2017-07-05,22212.0
T9,2017-07-06,23199.0
T9,2017-07-07,21471.0
T9,2017-07-08,2965.0
T9,2017-07-09,2433.0
T9,2017-07-10,20759.0
T9,2017-07-11,22544.0
T9,2017-07-12,21989.0
T9,2017-07-13,21472.0
T9,2017-07-14,21372.0
T9,2017-07-15,2465.0
T9,2017-07-16,2358.0
T9,2017-07-17,21912.0
T9,2017-07-18,22778.0
T9,2017-07-19,22199.0
T9,2017-07-20,22582.0
T9,2017-07-21,21666.0
T9,2017-07-22,2542.0
T9,2017-07-23,2273.0
T9,2017-07-24,22474.0
T9,2017-07-25,22577.0
T9,2017-07-26,22541.0
T9,2017-07-27,22970.0
T9,2017-07-28,22509.0
T9,2017-07-29,2996.0
T9,2017-07-30,3173.0
T9,2017-07-31,21872.0
T9,2017-08-01,22787.0
T9,2017-08-02,22392.0
T9,2017-08-03,22185.0
T9,2017-08-04,21471.0
T9,2017-08-05,2616.0
T9,2017-08-06,2299.0
T9,2017-08-07,21957.0
T9,2017-08-08,22979.0
T9,2017-08-09,22645.0
T9,2017-08-10,22723.0
T9,2017-08-11,22008.0
T9,2017-08-12,2760.0
T9,2017-08-13,2495.0
T9,2017-08-14,22401.0
T9,2017-08-15,23169.0
T9,2017-08-16,23056.0
T9,2017-08-17,22140.0
T9,2017-08-18,20695.0
T9,2017-08-19,2912.0
T9,2017-08-20,2384.0
T9,2017-08-21,21081.0
T9,2017-08-22,22827.0
T9,2017-08-23,21288.0
T9,2017-08-24,23480.0
T9,2017-08-25,22379.0
T9,2017-08-26,2582.0
T9,2017-08-27,2631.0
T9,2017-08-28,22544.0
T9,2017-08-29,22897.0
T9,2017-08-30,22461.0
T9,2017-08-31,23047.0
T9,2017-09-01,21505.0
T9,2017-09-02,2416.0
T9,2017-09-03,1953.0
T9,2017-09-04,21893.0
T9,2017-09-05,21824.0
T9,2017-09-06,22572.0
T9,2017-09-07,22664.0
T9,2017-09-08,21482.0
T9,2017-09-09,2717.0
T9,2017-09-10,2448.0
T9,2017-09-11,22053.0
T9,2017-09-12,23214.0
T9,2017-09-13,22556.0
T9,2017-09-14,23113.0
T9,2017-09-15,21308.0
T9,2017-09-16,2410.0
T9,2017-09-17,2135.0
T9,2017-09-18,22342.0
T9,2017-09-19,23239.0
T9,2017-09-20,22834.0
T9,2017-09-21,23761.0
T9,2017-09-22,21692.0
T9,2017-09-23,2811.0
T9,2017-09-24,2680.0
T9,2017-09-25,21645.0
T9,2017-09-26,22552.0
T9,2017-09-27,22589.0
T9,2017-09-28,21795.0
T9,2017-09-29,3465.0
T9,2017-09-30,2685.0
T9,2017-10-01,3800.0
T9,2017-10-02,20552.0
T9,2017-10-03,22649.0
T9,2017-10-04,22500.0
T9,2017-10-05,22720.0
T9,2017-10-06,19773.0
T9,2017-10-07,2944.0
T9,2017-10-08,4092.0
T9,2017-10-09,22682.0
T9,2017-10-10,23496.0
T9,2017-10-11,22811.0
T9,2017-10-12,23506.0
T9,2017-10-13,20189.0
T9,2017-10-14,3005.0
T9,2017-10-15,4282.0
T9,2017-10-16,22847.0
T9,2017-10-17,24745.0
T9,2017-10-18,23624.0
T9,2017-10-19,22706.0
T9,2017-10-20,19616.0
T9,2017-10-21,2636.0
T9,2017-10-22,4470.0
T9,2017-10-23,23525.0
T9,2017-10-24,23837.0
T9,2017-10-25,24408.0
T9,2017-10-26,23987.0
T9,2017-10-27,20928.0
T9,2017-10-28,2830.0
T9,2017-10-29,4403.0
T9,2017-10-30,22434.0
T9,2017-10-31,22992.0
T9,2017-11-01,23193.0
T9,2017-11-02,24001.0
T9,2017-11-03,20150.0
T9,2017-11-04,2580.0
T9,2017-11-05,3316.0
T9,2017-11-06,13944.0
T9,2017-11-07,5475.0
T9,2017-11-08,22952.0
T9,2017-11-09,23033.0
T9,2017-11-10,20912.0
T9,2017-11-11,3080.0
T9,2017-11-12,4513.0
T9,2017-11-13,23719.0
T9,2017-11-14,23753.0
T9,2017-11-15,21415.0
T9,2017-11-16,23997.0
T9,2017-11-17,20681.0
T9,2017-11-18,2892.0
T9,2017-11-19,4545.0
T9,2017-11-20,22772.0
T9,2017-11-21,22928.0
T9,2017-11-22,22390.0
T9,2017-11-23,23252.0
T9,2017-11-24,21147.0
T9,2017-11-25,2716.0
T9,2017-11-26,4497.0
T9,2017-11-27,24373.0
T9,2017-11-28,24435.0
T9,2017-11-29,23382.0
T9,2017-11-30,20696.0
T9,2017-12-01,15730.0
T9,2017-12-02,1549.0
T9,2017-12-03,3998.0
T9,2017-12-04,22152.0
T9,2017-12-05,23394.0
T9,2017-12-06,24595.0
T9,2017-12-07,23149.0
T9,2017-12-08,20466.0
T9,2017-12-09,2963.0
T9,2017-12-10,4726.0
T9,2017-12-11,23923.0
T9,2017-12-12,24280.0
T9,2017-12-13,23388.0
T9,2017-12-14,21457.0
T9,2017-12-15,20501.0
T9,2017-12-16,2752.0
T9,2017-12-17,4602.0
T9,2017-12-18,23544.0
T9,2017-12-19,21925.0
T9,2017-12-20,21612.0
T9,2017-12-21,22016.0
T9,2017-12-22,15771.0
T9,2017-12-23,2310.0
T9,2017-12-24,1766.0
T9,2017-12-25,1662.0
T9,2017-12-26,2954.0
T9,2017-12-27,6581.0
T9,2017-12-28,5858.0
T9,2017-12-29,5574.0
T9,2017-12-30,1991.0
T9,2017-12-31,6669.0
T9,2018-01-01,3190.0
T9,2018-01-02,12362.0
T9,2018-01-03,13620.0
T9,2018-01-04,13468.0
T9,2018-01-05,11598.0
T9,2018-01-06,1506.0
T9,2018-01-07,3563.0
T9,2018-01-08,18626.0
T9,2018-01-09,18453.0
T9,2018-01-10,19276.0
T9,2018-01-11,20211.0
T9,2018-01-12,19120.0
T9,2018-01-13,1189.0
T9,2018-01-14,3846.0
T9,2018-01-15,22641.0
T9,2018-01-16,22727.0
T9,2018-01-17,22121.0
T9,2018-01-18,21850.0
T9,2018-01-19,16867.0
T9,2018-01-20,1885.0
T9,2018-01-21,4552.0
T9,2018-01-22,23155.0
T9,2018-01-23,23231.0
T9,2018-01-24,23504.0
T9,2018-01-25,20702.0
T9,2018-01-26,3615.0
T9,2018-01-27,2172.0
T9,2018-01-28,3870.0
T9,2018-01-29,18326.0
T9,2018-01-30,23058.0
T9,2018-01-31,22299.0
T9,2018-02-01,22803.0
T9,2018-02-02,20868.0
T9,2018-02-03,3036.0
T9,2018-02-04,4971.0
T9,2018-02-05,24539.0
T9,2018-02-06,25147.0
T9,2018-02-07,24075.0
T9,2018-02-08,23581.0
T9,2018-02-09,21590.0
T9,2018-02-10,2802.0
T9,2018-02-11,4481.0
T9,2018-02-12,24220.0
T9,2018-02-13,25252.0
T9,2018-02-14,24713.0
T9,2018-02-15,24919.0
T9,2018-02-16,20790.0
T9,2018-02-17,3860.0
T9,2018-02-18,5370.0
T9,2018-02-19,25991.0
T9,2018-02-20,26094.0
T9,2018-02-21,26223.0
T9,2018-02-22,26072.0
T9,2018-02-23,22661.0
T9,2018-02-24,2449.0
T9,2018-02-25,4504.0
T9,2018-02-26,25059.0
T9,2018-02-27,26936.0
T9,2018-02-28,24886.0
T9,2018-03-01,25743.0
T9,2018-03-02,22611.0
T9,2018-03-03,2044.0
T9,2018-03-04,4826.0
T9,2018-03-05,24542.0
T9,2018-03-06,25759.0
T9,2018-03-07,27417.0
T9,2018-03-08,27275.0
T9,2018-03-09,24322.0
T9,2018-03-10,5457.0
T9,2018-03-11,4209.0
T9,2018-03-12,7653.0
T9,2018-03-13,24914.0
T9,2018-03-14,25944.0
T9,2018-03-15,25848.0
T9,2018-03-16,22170.0
T9,2018-03-17,3246.0
T9,2018-03-18,6811.0
T9,2018-03-19,24090.0
T9,2018-03-20,24530.0
T9,2018-03-21,25515.0
T9,2018-03-22,26584.0
T9,2018-03-23,22993.0
T9,2018-03-24,3121.0
T9,2018-03-25,4849.0
T9,2018-03-26,25486.0
T9,2018-03-27,25768.0
T9,2018-03-28,25017.0
T9,2018-03-29,20864.0
T9,2018-03-30,2539.0
T9,2018-03-31,2646.0
T9,2018-04-01,2182.0
T9,2018-04-02,4636.0
T9,2018-04-03,21461.0
T9,2018-04-04,22497.0
T9,2018-04-05,23258.0
T9,2018-04-06,19913.0
T9,2018-04-07,3026.0
T9,2018-04-08,5223.0
T9,2018-04-09,25197.0
T9,2018-04-10,24388.0
T9,2018-04-11,23809.0
T9,2018-04-12,24066.0
T9,2018-04-13,20966.0
T9,2018-04-14,2513.0
T9,2018-04-15,4767.0
T9,2018-04-16,25499.0
T9,2018-04-17,26062.0
T9,2018-04-18,25208.0
T9,2018-04-19,25669.0
T9,2018-04-20,22570.0
T9,2018-04-21,3368.0
T9,2018-04-22,5333.0
T9,2018-04-23,25145.0
T9,2018-04-24,23181.0
T9,2018-04-25,5152.0
T9,2018-04-26,25264.0
T9,2018-04-27,22008.0
T9,2018-04-28,2773.0
T9,2018-04-29,5136.0
T9,2018-04-30,25198.0
T9,2018-05-01,26021.0
T9,2018-05-02,25419.0
T9,2018-05-03,24879.0
T9,2018-05-04,22350.0
T9,2018-05-05,2920.0
T9,2018-05-06,5352.0
T9,2018-05-07,25961.0
T9,2018-05-08,26686.0
T9,2018-05-09,25839.0
T9,2018-05-10,24896.0
T9,2018-05-11,19460.0
T9,2018-05-12,2508.0
T9,2018-05-13,4465.0
T9,2018-05-14,24446.0
T9,2018-05-15,25433.0
T9,2018-05-16,25514.0
T9,2018-05-17,25672.0
T9,2018-05-18,22629.0
T9,2018-05-19,3504.0
T9,2018-05-20,5090.0
T9,2018-05-21,25647.0
T9,2018-05-22,25647.0
T9,2018-05-23,25681.0
T9,2018-05-24,25729.0
T9,2018-05-25,22236.0
T9,2018-05-26,2714.0
T9,2018-05-27,4743.0
T9,2018-05-28,24601.0
T9,2018-05-29,25902.0
T9,2018-05-30,24811.0
T9,2018-05-31,25374.0
T9,2018-06-01,21948.0
T9,2018-06-02,3023.0
T9,2018-06-03,4741.0
T9,2018-06-04,24840.0
T9,2018-06-05,25679.0
T9,2018-06-06,25453.0
T9,2018-06-07,25114.0
T9,2018-06-08,20634.0
T9,2018-06-09,2503.0
T9,2018-06-10,1945.0
T9,2018-06-11,4823.0
T9,2018-06-12,24713.0
T9,2018-06-13,24478.0
T9,2018-06-14,25501.0
T9,2018-06-15,20999.0
T9,2018-06-16,2785.0
T9,2018-06-17,4239.0
T9,2018-06-18,25050.0
T9,2018-06-19,25539.0
T9,2018-06-20,25620.0
T9,2018-06-21,26165.0
T9,2018-06-22,22533.0
T9,2018-06-23,3058.0
T9,2018-06-24,4427.0
T9,2018-06-25,24337.0
T9,2018-06-26,25650.0
T9,2018-06-27,30947.0
T9,2018-06-28,35063.0
T9,2018-06-29,30142.0
T9,2018-06-30,3910.0
T9,2018-07-01,7400.0
T9,2018-07-02,31897.0
T9,2018-07-03,32603.0
T9,2018-07-04,32092.0
T9,2018-07-05,32470.0
T9,2018-07-06,28819.0
T9,2018-07-07,3332.0
T9,2018-07-08,5596.0
T9,2018-07-09,31023.0
T9,2018-07-10,33461.0
T9,2018-07-11,34602.0
T9,2018-07-12,33886.0
T9,2018-07-13,30470.0
T9,2018-07-14,3954.0
T9,2018-07-15,6989.0
T9,2018-07-16,34388.0
T9,2018-07-17,35341.0
T9,2018-07-18,36249.0
T9,2018-07-19,35528.0
T9,2018-07-20,31602.0
T9,2018-07-21,3666.0
T9,2018-07-22,6328.0
T9,2018-07-23,31332.0
T9,2018-07-24,32371.0
T9,2018-07-25,32512.0
T9,2018-07-26,31528.0
T9,2018-07-27,27733.0
T9,2018-07-28,3633.0
T9,2018-07-29,6023.0
T9,2018-07-30,32842.0
T9,2018-07-31,31436.0
T9,2018-08-01,30417.0
T9,2018-08-02,32584.0
T9,2018-08-03,26940.0
T9,2018-08-04,3552.0
T9,2018-08-05,5740.0
T9,2018-08-06,29314.0
T9,2018-08-07,30745.0
T9,2018-08-08,30561.0
T9,2018-08-09,31544.0
T9,2018-08-10,26575.0
T9,2018-08-11,3400.0
T9,2018-08-12,6070.0
T9,2018-08-13,29994.0
T9,2018-08-14,30237.0
T9,2018-08-15,30151.0
T9,2018-08-16,30054.0
T9,2018-08-17,26343.0
T9,2018-08-18,2919.0
T9,2018-08-19,5180.0
T9,2018-08-20,29772.0
T9,2018-08-21,30205.0
T9,2018-08-22,31377.0
T9,2018-08-23,31613.0
T9,2018-08-24,27758.0
T9,2018-08-25,3577.0
T9,2018-08-26,5908.0
T9,2018-08-27,28568.0
T9,2018-08-28,30629.0
T9,2018-08-29,30595.0
T9,2018-08-30,29259.0
T9,2018-08-31,25215.0
T9,2018-09-01,2479.0
T9,2018-09-02,5063.0
T9,2018-09-03,28143.0
T9,2018-09-04,29595.0
T9,2018-09-05,29251.0
T9,2018-09-06,30151.0
T9,2018-09-07,25167.0
T9,2018-09-08,3381.0
T9,2018-09-09,5857.0
T9,2018-09-10,27740.0
T9,2018-09-11,29809.0
T9,2018-09-12,28382.0
T9,2018-09-13,28310.0
T9,2018-09-14,24098.0
T9,2018-09-15,2214.0
T9,2018-09-16,4909.0
T9,2018-09-17,27329.0
T9,2018-09-18,27772.0
T9,2018-09-19,28392.0
T9,2018-09-20,28147.0
T9,2018-09-21,23683.0
T9,2018-09-22,3035.0
T9,2018-09-23,5329.0
T9,2018-09-24,26025.0
T9,2018-09-25,26857.0
T9,2018-09-26,26084.0
T9,2018-09-27,23672.0
T9,2018-09-28,3642.0
T9,2018-09-29,2101.0
T9,2018-09-30,4794.0
T9,2018-10-01,24562.0
T9,2018-10-02,27376.0
T9,2018-10-03,25505.0
T9,2018-10-04,25258.0
T9,2018-10-05,21859.0
T9,2018-10-06,2959.0
T9,2018-10-07,5072.0
T9,2018-10-08,26613.0
T9,2018-10-09,27255.0
T9,2018-10-10,25942.0
T9,2018-10-11,26654.0
T9,2018-10-12,23544.0
T9,2018-10-13,2884.0
T9,2018-10-14,4805.0
T9,2018-10-15,27492.0
T9,2018-10-16,26772.0
T9,2018-10-17,27090.0
T9,2018-10-18,28066.0
T9,2018-10-19,23603.0
T9,2018-10-20,2975.0
T9,2018-10-21,5176.0
T9,2018-10-22,27360.0
T9,2018-10-23,28249.0
T9,2018-10-24,26925.0
T9,2018-10-25,27289.0
T9,2018-10-26,25786.0
T9,2018-10-27,2639.0
T9,2018-10-28,4941.0
T9,2018-10-29,27063.0
T9,2018-10-30,27426.0
T9,2018-10-31,27095.0
T9,2018-11-01,28834.0
T9,2018-11-02,23384.0
T9,2018-11-03,2368.0
T9,2018-11-04,3879.0
T9,2018-11-05,16870.0
T9,2018-11-06,5272.0
T9,2018-11-07,25153.0
T9,2018-11-08,26169.0
T9,2018-11-09,24740.0
T9,2018-11-10,4006.0
T9,2018-11-11,4937.0
T9,2018-11-12,27433.0
T9,2018-11-13,27942.0
T9,2018-11-14,27285.0
T9,2018-11-15,26389.0
T9,2018-11-16,24394.0
T9,2018-11-17,2921.0
T9,2018-11-18,5067.0
T9,2018-11-19,26343.0
T9,2018-11-20,28104.0
T9,2018-11-21,26184.0
T9,2018-11-22,27170.0
T9,2018-11-23,23398.0
T9,2018-11-24,2884.0
T9,2018-11-25,5073.0
T9,2018-11-26,28353.0
T9,2018-11-27,29921.0
T9,2018-11-28,27374.0
T9,2018-11-29,27987.0
T9,2018-11-30,24674.0
T9,2018-12-01,2895.0
T9,2018-12-02,4898.0
T9,2018-12-03,27730.0
T9,2018-12-04,27909.0
T9,2018-12-05,27456.0
T9,2018-12-06,27260.0
T9,2018-12-07,21013.0
T9,2018-12-08,2380.0
T9,2018-12-09,4974.0
T9,2018-12-10,26957.0
T9,2018-12-11,27010.0
T9,2018-12-12,27568.0
T9,2018-12-13,24738.0
T9,2018-12-14,24984.0
T9,2018-12-15,2643.0
T9,2018-12-16,4647.0
T9,2018-12-17,26614.0
T9,2018-12-18,27534.0
T9,2018-12-19,27876.0
T9,2018-12-20,26280.0
T9,2018-12-21,20520.0
T9,2018-12-22,2192.0
T9,2018-12-23,2558.0
T9,2018-12-24,6104.0
T9,2018-12-25,1464.0
T9,2018-12-26,3207.0
T9,2018-12-27,6692.0
T9,2018-12-28,5745.0
T9,2018-12-29,2140.0
T9,2018-12-30,2582.0
T9,2018-12-31,11241.0
T9,2019-01-01,3086.0
T9,2019-01-02,12991.0
T9,2019-01-03,13788.0
T9,2019-01-04,9299.0
T9,2019-01-05,2010.0
T9,2019-01-06,4039.0
T9,2019-01-07,21138.0
T9,2019-01-08,21799.0
T9,2019-01-09,21292.0
T9,2019-01-10,21670.0
T9,2019-01-11,18726.0
T9,2019-01-12,1862.0
T9,2019-01-13,4382.0
T9,2019-01-14,23762.0
T9,2019-01-15,23307.0
T9,2019-01-16,23266.0
T9,2019-01-17,26747.0
T9,2019-01-18,22360.0
T9,2019-01-19,3002.0
T9,2019-01-20,4846.0
T9,2019-01-21,26183.0
T9,2019-01-22,25683.0
T9,2019-01-23,26225.0
T9,2019-01-24,25192.0
T9,2019-01-25,14908.0
T9,2019-01-26,3937.0
T9,2019-01-27,2077.0
T9,2019-01-28,5172.0
T9,2019-01-29,24819.0
T9,2019-01-30,24820.0
T9,2019-01-31,23224.0
T9,2019-02-01,22584.0
T9,2019-02-02,2504.0
T9,2019-02-03,4579.0
T9,2019-02-04,26245.0
T9,2019-02-05,28428.0
T9,2019-02-06,27125.0
T9,2019-02-07,28782.0
T9,2019-02-08,24298.0
T9,2019-02-09,3134.0
T9,2019-02-10,5018.0
T9,2019-02-11,28194.0
T9,2019-02-12,28035.0
T9,2019-02-13,27533.0
T9,2019-02-14,29498.0
T9,2019-02-15,25636.0
T9,2019-02-16,3093.0
T9,2019-02-17,5676.0
T9,2019-02-18,28016.0
T9,2019-02-19,28661.0
T9,2019-02-20,28103.0
T9,2019-02-21,28513.0
T9,2019-02-22,25222.0
T9,2019-02-23,3086.0
T9,2019-02-24,5155.0
T9,2019-02-25,27753.0
T9,2019-02-26,27707.0
T9,2019-02-27,27961.0
T9,2019-02-28,28206.0
T9,2019-03-01,23141.0
T9,2019-03-02,2280.0
T9,2019-03-03,3835.0
T9,2019-03-04,21845.0
T9,2019-03-05,24231.0
T9,2019-03-06,24424.0
T9,2019-03-07,27185.0
T9,2019-03-08,23618.0
T9,2019-03-09,2593.0
T9,2019-03-10,2429.0
T9,2019-03-11,6057.0
T9,2019-03-12,27716.0
T9,2019-03-13,27457.0
T9,2019-03-14,28144.0
T9,2019-03-15,24605.0
T9,2019-03-16,3545.0
T9,2019-03-17,5320.0
T9,2019-03-18,27935.0
T9,2019-03-19,27962.0
T9,2019-03-20,28269.0
T9,2019-03-21,28239.0
T9,2019-03-22,23232.0
T9,2019-03-23,2582.0
T9,2019-03-24,4547.0
T9,2019-03-25,22683.0
T9,2019-03-26,26780.0
T9,2019-03-27,27404.0
T9,2019-03-28,28434.0
T9,2019-03-29,23772.0
T9,2019-03-30,2561.0
T9,2019-03-31,4782.0
T9,2019-04-01,27595.0
T9,2019-04-02,28076.0
T9,2019-04-03,28508.0
T9,2019-04-04,27766.0
T9,2019-04-05,24643.0
T9,2019-04-06,3469.0
T9,2019-04-07,8831.0
T9,2019-04-08,25671.0
T9,2019-04-09,25409.0
T9,2019-04-10,25319.0
T9,2019-04-11,25820.0
T9,2019-04-12,22146.0
T9,2019-04-13,2591.0
T9,2019-04-14,4990.0
T9,2019-04-15,25766.0
T9,2019-04-16,25073.0
T9,2019-04-17,24170.0
T9,2019-04-18,19507.0
T9,2019-04-19,2643.0
T9,2019-04-20,2718.0
T9,2019-04-21,1934.0
T9,2019-04-22,3827.0
T9,2019-04-23,19896.0
T9,2019-04-24,18869.0
T9,2019-04-25,3978.0
T9,2019-04-26,15319.0
T9,2019-04-27,2461.0
T9,2019-04-28,4613.0
T9,2019-04-29,27705.0
T9,2019-04-30,28680.0
T9,2019-05-01,28610.0
T9,2019-05-02,29563.0
T9,2019-05-03,25821.0
T9,2019-05-04,3098.0
T9,2019-05-05,5609.0
T9,2019-05-06,28432.0
T9,2019-05-07,30000.0
T9,2019-05-08,28589.0
T9,2019-05-09,28422.0
T9,2019-05-10,22706.0
T9,2019-05-11,2731.0
T9,2019-05-12,4775.0
T9,2019-05-13,27474.0
T9,2019-05-14,28651.0
T9,2019-05-15,27391.0
T9,2019-05-16,27766.0
T9,2019-05-17,24068.0
T9,2019-05-18,3039.0
T9,2019-05-19,5006.0
T9,2019-05-20,27941.0
T9,2019-05-21,28379.0
T9,2019-05-22,27026.0
T9,2019-05-23,27631.0
T9,2019-05-24,24242.0
T9,2019-05-25,2609.0
T9,2019-05-26,5054.0
T9,2019-05-27,27206.0
T9,2019-05-28,27725.0
T9,2019-05-29,26989.0
T9,2019-05-30,27693.0
T9,2019-05-31,24102.0
T9,2019-06-01,2254.0
T9,2019-06-02,4431.0
T9,2019-06-03,26414.0
T9,2019-06-04,28063.0
T9,2019-06-05,27133.0
T9,2019-06-06,28103.0
T9,2019-06-07,23722.0
T9,2019-06-08,2740.0
T9,2019-06-09,2266.0
T9,2019-06-10,5275.0
T9,2019-06-11,28002.0
T9,2019-06-12,27007.0
T9,2019-06-13,27757.0
T9,2019-06-14,24747.0
T9,2019-06-15,2730.0
T9,2019-06-16,4508.0
T9,2019-06-17,27802.0
T9,2019-06-18,28274.0
T9,2019-06-19,27881.0
T9,2019-06-20,27421.0
T9,2019-06-21,25234.0
T9,2019-06-22,2547.0
T9,2019-06-23,4854.0
T9,2019-06-24,27629.0
T9,2019-06-25,28190.0
T9,2019-06-26,27687.0
T9,2019-06-27,28036.0
T9,2019-06-28,25018.0
T9,2019-06-29,2990.0
T9,2019-06-30,6086.0
T9,2019-07-01,25921.0
T9,2019-07-02,25717.0
T9,2019-07-03,25770.0
T9,2019-07-04,25890.0
T9,2019-07-05,22992.0
T9,2019-07-06,3035.0
T9,2019-07-07,4054.0
T9,2019-07-08,24393.0
T9,2019-07-09,25605.0
T9,2019-07-10,24802.0
T9,2019-07-11,24775.0
T9,2019-07-12,20925.0
T9,2019-07-13,2750.0
T9,2019-07-14,4577.0
T9,2019-07-15,27560.0
T9,2019-07-16,28046.0
T9,2019-07-17,27520.0
T9,2019-07-18,27868.0
T9,2019-07-19,24636.0
T9,2019-07-20,2879.0
T9,2019-07-21,4894.0
T9,2019-07-22,27200.0
T9,2019-07-23,27428.0
T9,2019-07-24,27449.0
T9,2019-07-25,27277.0
T9,2019-07-26,22882.0
T9,2019-07-27,3027.0
T9,2019-07-28,5080.0
T9,2019-07-29,26888.0
T9,2019-07-30,27816.0
T9,2019-07-31,27211.0
T9,2019-08-01,27549.0
T9,2019-08-02,24635.0
T9,2019-08-03,2975.0
T9,2019-08-04,4894.0
T9,2019-08-05,27460.0
T9,2019-08-06,28073.0
T9,2019-08-07,27107.0
T9,2019-08-08,27116.0
T9,2019-08-09,22593.0
T9,2019-08-10,2534.0
T9,2019-08-11,4630.0
T9,2019-08-12,27146.0
T9,2019-08-13,27802.0
T9,2019-08-14,27010.0
T9,2019-08-15,26726.0
T9,2019-08-16,23358.0
T9,2019-08-17,3100.0
T9,2019-08-18,4725.0
T9,2019-08-19,27111.0
T9,2019-08-20,27391.0
T9,2019-08-21,26944.0
T9,2019-08-22,28418.0
T9,2019-08-23,24109.0
T9,2019-08-24,4191.0
T9,2019-08-25,4681.0
T9,2019-08-26,27374.0
T9,2019-08-27,27962.0
T9,2019-08-28,26471.0
T9,2019-08-29,26867.0
T9,2019-08-30,25513.0
T9,2019-08-31,1874.0
T9,2019-09-01,4141.0
T9,2019-09-02,27301.0
T9,2019-09-03,27936.0
T9,2019-09-04,27258.0
T9,2019-09-05,27307.0
T9,2019-09-06,23749.0
T9,2019-09-07,2164.0
T9,2019-09-08,4186.0
T9,2019-09-09,26830.0
T9,2019-09-10,28520.0
T9,2019-09-11,27803.0
T9,2019-09-12,27551.0
T9,2019-09-13,23781.0
T9,2019-09-14,2547.0
T9,2019-09-15,4967.0
T9,2019-09-16,26065.0
T9,2019-09-17,26413.0
T9,2019-09-18,26882.0
T9,2019-09-19,27481.0
T9,2019-09-20,25403.0
T9,2019-09-21,2135.0
T9,2019-09-22,4794.0
T9,2019-09-23,26200.0
T9,2019-09-24,27168.0
T9,2019-09-25,25843.0
T9,2019-09-26,26013.0
T9,2019-09-27,3352.0
T9,2019-09-28,1871.0
T9,2019-09-29,4278.0
T9,2019-09-30,24017.0
T9,2019-10-01,24842.0
T9,2019-10-02,25523.0
T9,2019-10-03,25324.0
T9,2019-10-04,21169.0
T9,2019-10-05,2932.0
T9,2019-10-06,6509.0
T9,2019-10-07,26718.0
T9,2019-10-08,27126.0
T9,2019-10-09,27027.0
T9,2019-10-10,28711.0
T9,2019-10-11,24303.0
T9,2019-10-12,3160.0
T9,2019-10-13,5187.0
T9,2019-10-14,26962.0
T9,2019-10-15,27477.0
T9,2019-10-16,27469.0
T9,2019-10-17,27315.0
T9,2019-10-18,23475.0
T9,2019-10-19,2368.0
T9,2019-10-20,4624.0
T9,2019-10-21,27046.0
T9,2019-10-22,28175.0
T9,2019-10-23,27740.0
T9,2019-10-24,28403.0
T9,2019-10-25,22137.0
T9,2019-10-26,2322.0
T9,2019-10-27,4140.0
T9,2019-10-28,27105.0
T9,2019-10-29,28125.0
T9,2019-10-30,27216.0
T9,2019-10-31,27444.0
T9,2019-11-01,21220.0
T9,2019-11-02,1969.0
T9,2019-11-03,3066.0
T9,2019-11-04,13521.0
T9,2019-11-05,5313.0
T9,2019-11-06,26551.0
T9,2019-11-07,26396.0
T9,2019-11-08,22360.0
T9,2019-11-09,2675.0
T9,2019-11-10,4533.0
T9,2019-11-11,26404.0
T9,2019-11-12,26050.0
T9,2019-11-13,26592.0
T9,2019-11-14,27172.0
T9,2019-11-15,25173.0
T9,2019-11-16,2458.0
T9,2019-11-17,4382.0
T9,2019-11-18,26384.0
T9,2019-11-19,26908.0
T9,2019-11-20,26292.0
T9,2019-11-21,21916.0
T9,2019-11-22,21354.0
T9,2019-11-23,2551.0
T9,2019-11-24,4876.0
T9,2019-11-25,27955.0
T9,2019-11-26,27698.0
T9,2019-11-27,26586.0
T9,2019-11-28,28256.0
T9,2019-11-29,24380.0
T9,2019-11-30,3471.0
T9,2019-12-01,4523.0
T9,2019-12-02,25696.0
T9,2019-12-03,27522.0
T9,2019-12-04,27031.0
T9,2019-12-05,28956.0
T9,2019-12-06,22966.0
T9,2019-12-07,2896.0
T9,2019-12-08,4727.0
T9,2019-12-09,25009.0
T9,2019-12-10,25091.0
T9,2019-12-11,26118.0
T9,2019-12-12,25972.0
T9,2019-12-13,21303.0
T9,2019-12-14,2726.0
T9,2019-12-15,4728.0
T9,2019-12-16,25794.0
T9,2019-12-17,25496.0
T9,2019-12-18,23801.0
T9,2019-12-19,24690.0
T9,2019-12-20,17340.0
T9,2019-12-21,1687.0
T9,2019-12-22,2834.0
T9,2019-12-23,11676.0
T9,2019-12-24,7610.0
T9,2019-12-25,1688.0
T9,2019-12-26,3089.0
T9,2019-12-27,4768.0
T9,2019-12-28,1956.0
T9,2019-12-29,2558.0
T9,2019-12-30,5010.0
T9,2019-12-31,9572.0
T9,2020-01-01,2615.0
T9,2020-01-02,9863.0
T9,2020-01-03,8260.0
T9,2020-01-04,1518.0
T9,2020-01-05,3282.0
T9,2020-01-06,19926.0
T9,2020-01-07,19909.0
T9,2020-01-08,19695.0
T9,2020-01-09,19352.0
T9,2020-01-10,14916.0
T9,2020-01-11,1819.0
T9,2020-01-12,3917.0
T9,2020-01-13,22508.0
T9,2020-01-14,21180.0
T9,2020-01-15,18801.0
T9,2020-01-16,21583.0
T9,2020-01-17,19791.0
T9,2020-01-18,2247.0
T9,2020-01-19,4209.0
T9,2020-01-20,20838.0
T9,2020-01-21,23771.0
T9,2020-01-22,22350.0
T9,2020-01-23,22789.0
T9,2020-01-24,18711.0
T9,2020-01-25,2275.0
T9,2020-01-26,2336.0
T9,2020-01-27,4548.0
T9,2020-01-28,25760.0
T9,2020-01-29,23186.0
T9,2020-01-30,25329.0
T9,2020-01-31,17724.0
T9,2020-02-01,1935.0
T9,2020-02-02,4521.0
T9,2020-02-03,24426.0
T9,2020-02-04,24852.0
T9,2020-02-05,24800.0
T9,2020-02-06,25736.0
T9,2020-02-07,22331.0
T9,2020-02-08,2710.0
T9,2020-02-09,4624.0
T9,2020-02-10,25711.0
T9,2020-02-11,25963.0
T9,2020-02-12,25933.0
T9,2020-02-13,25138.0
T9,2020-02-14,21626.0
T9,2020-02-15,2369.0
T9,2020-02-16,4739.0
T9,2020-02-17,28397.0
T9,2020-02-18,26185.0
T9,2020-02-19,26674.0
T9,2020-02-20,29240.0
T9,2020-02-21,22753.0
T9,2020-02-22,3198.0
T9,2020-02-23,4865.0
T9,2020-02-24,25812.0
T9,2020-02-25,27359.0
T9,2020-02-26,25415.0
T9,2020-02-27,26708.0
T9,2020-02-28,24309.0
T9,2020-02-29,2736.0
T9,2020-03-01,4900.0
T9,2020-03-02,24639.0
T9,2020-03-03,25818.0
T9,2020-03-04,25291.0
T9,2020-03-05,23195.0
T9,2020-03-06,21215.0
T9,2020-03-07,2533.0
T9,2020-03-08,2206.0
T9,2020-03-09,5186.0
T9,2020-03-10,25595.0
T9,2020-03-11,25212.0
T9,2020-03-12,24583.0
T9,2020-03-13,18213.0
T9,2020-03-14,2066.0
T9,2020-03-15,4043.0
T9,2020-03-16,19261.0
T9,2020-03-17,15636.0
T9,2020-03-18,12713.0
T9,2020-03-19,10390.0
T9,2020-03-20,7935.0
T9,2020-03-21,1424.0
T9,2020-03-22,1833.0
T9,2020-03-23,7272.0
T9,2020-03-24,4755.0
T9,2020-03-25,4012.0
T9,2020-03-26,3374.0
T9,2020-03-27,2783.0
T9,2020-03-28,1033.0
T9,2020-03-29,1028.0
T9,2020-03-30,2660.0
T9,2020-03-31,2376.0
T9,2020-04-01,2253.0
T9,2020-04-02,1874.0
T9,2020-04-03,1852.0
T9,2020-04-04,697.0
T9,2020-04-05,830.0
T9,2020-04-06,2152.0
T9,2020-04-07,2130.0
T9,2020-04-08,2042.0
T9,2020-04-09,1828.0
T9,2020-04-10,625.0
T9,2020-04-11,504.0
T9,2020-04-12,614.0
T9,2020-04-13,890.0
T9,2020-04-14,1948.0
T9,2020-04-15,2034.0
T9,2020-04-16,2256.0
T9,2020-04-17,1939.0
T9,2020-04-18,918.0
T9,2020-04-19,956.0
T9,2020-04-20,2275.0
T9,2020-04-21,2389.0
T9,2020-04-22,2350.0
T9,2020-04-23,2347.0
T9,2020-04-24,2000.0
T9,2020-04-25,815.0
T9,2020-04-26,895.0
T9,2020-04-27,2157.0
T9,2020-04-28,2484.0
T9,2020-04-29,2110.0
T9,2020-04-30,1927.0
